NodeID: 0.0
nr   logfactor           convergence         logI                        I.eq                pH                          chargebalance       Ca+2.logact                 Ca+2.tot            F-.logact                   F-.tot              Fluorite[s].un              Fluorite[s].eq      Lime[s].un                  Lime[s].eq          Portlandite[s].un           Portlandite[s].eq   
                                                                          0.0                                             0.0                                             2.49000000e-4                                   2.89000000e-4                                   0.0                                             0.0                                             0.0                

1.0  -1.4307185629785242 17.424434198547615  -2.00000000              X  -9.99999998e-1      -7.00000000              X   1.10609834e7       -9.00000000              X  -2.65726088e4       -9.00000000              X   1.18706741e3       -1.00000000e-3              -5.49900000         -1.00000000e-3              -13.9238250         -1.00000000e-3              -9.15980000         
2.0  0.0                 18.351818096770963  -1.50000000              X  -9.99999993e-1      -6.90000000              X   9.15436756e6       -10.0000000              X  -2.24811279e5       -8.00000000              X   7.40831257e4       -1.00000000e-3              -5.16566667         -1.00000000e-3              -14.1238250         -1.00000000e-3              -9.31980000         
3.0  -4.946567761206181  19.669116833940407  -1.00000000              X  -9.99999975e-1      -6.80000000              X   8.05721235e6       -9.00000000              X  -1.94943006e4       -7.00000000              X   4.66784938e6       -1.00000000e-3              -4.16566667         -1.00000000e-3              -13.8238250         -1.00000000e-3              -9.07980000         
4.0  0.0                 21.469040929026892  -5.00000000e-1           X  -9.99999908e-1      -6.70000000              X   6.84039443e6       -8.00000000              X  -1.72432096e3       -6.00000000              X   2.94469914e8       -1.00000000e-3              -3.16566667         -1.00000000e-3              -13.5238250         -1.00000000e-3              -8.83980000         
5.0  0.0                 23.26903137227312    0.0                     X  -9.99999603e-1      -6.60000000              X   5.03490664e6       -7.00000000              X  -1.53392421e2       -5.00000000              X   1.85793866e10      -1.00000000e-3              -2.16566667         -1.00000000e-3              -13.2238250         -1.00000000e-3              -8.59980000         
6.0  0.0                 21.469040929067813   5.00000000e-1           X  -9.99998187e-1      -6.70000000              X   3.48814319e6       -6.00000000              X  -21.3769076         -6.00000000              X   2.94469914e8       -1.00000000e-3              -2.49900000         -1.00000000e-3              -13.0238250         -1.00000000e-3              -8.43980000         
7.0  0.0                 19.669116833999453   1.00000000              X  -9.99955984e-1      -6.80000000              X   4.54372787e5       -5.00000000              X  -2.89428929         -7.00000000              X   4.66784938e6       -1.00000000e-3              -2.83233333         -1.00000000e-3              -12.8238250         -1.00000000e-3              -8.27980000         
8.0  -4.509321243723658  17.869719296213      1.29253716              X  -9.98101661e-1      -6.90000000              X   2.06622621e4       -4.00458763              X  -3.68238819e-1      -8.00000000              X   7.40831257e4       -1.00000000e-3              -3.16719588         -1.00000000e-3              -12.6249719         -1.00000000e-3              -8.12071753         
9.0  -4.131197397797819  17.86876505744802    1.30731658              X  -9.98024230e-1      -7.00000000              X   2.05397231e4       -3.90455554              X  -3.68211610e-1      -8.10047750              X   7.39205278e4       -1.00000000e-3              -3.20083685         -1.00000000e-3              -12.6499639         -1.00000000e-3              -8.14071111         
10.0 -4.125330540647338  17.867810382222977   1.32159742              X  -9.97946154e-1      -7.10000000              X   2.04194414e4       -3.80452301              X  -3.68184033e-1      -8.20095522              X   7.37582126e4       -1.00000000e-3              -3.23447781         -1.00000000e-3              -12.6749558         -1.00000000e-3              -8.16070460         
11.0 -4.119406605542609  17.866855260241906   1.33541294              X  -9.97867418e-1      -7.20000000              X   2.03011907e4       -3.70449004              X  -3.68156080e-1      -8.30143316              X   7.35961781e4       -1.00000000e-3              -3.26811878         -1.00000000e-3              -12.6999475         -1.00000000e-3              -8.18069801         
12.0 -4.113425125434341  17.865899680912797   1.34879312              X  -9.97788008e-1      -7.30000000              X   2.01847698e4       -3.60445661              X  -3.68127741e-1      -8.40191133              X   7.34344223e4       -1.00000000e-3              -3.30175975         -1.00000000e-3              -12.7249392         -1.00000000e-3              -8.20069132         
13.0 -4.107385803746396  17.864943633351146   1.36176512              X  -9.97707909e-1      -7.40000000              X   2.00699984e4       -3.50442271              X  -3.68099007e-1      -8.50238973              X   7.32729430e4       -1.00000000e-3              -3.33540072         -1.00000000e-3              -12.7499307         -1.00000000e-3              -8.22068454         
14.0 -4.101288496821924  17.863987106382666   1.37435360              X  -9.97627105e-1      -7.50000000              X   1.99567149e4       -3.40438833              X  -3.68069870e-1      -8.60286838              X   7.31117380e4       -1.00000000e-3              -3.36904169         -1.00000000e-3              -12.7749221         -1.00000000e-3              -8.24067767         
15.0 -4.095133196827234  17.863030088545166   1.38658102              X  -9.97545581e-1      -7.60000000              X   1.98447740e4       -3.30435346              X  -3.68040319e-1      -8.70334727              X   7.29508053e4       -1.00000000e-3              -3.40268267         -1.00000000e-3              -12.7999134         -1.00000000e-3              -8.26067069         
16.0 -4.0889200177161795 17.862072568089758   1.39846793              X  -9.97463320e-1      -7.70000000              X   1.97340445e4       -3.20431809              X  -3.68010344e-1      -8.80382641              X   7.27901425e4       -1.00000000e-3              -3.43632364         -1.00000000e-3              -12.8249045         -1.00000000e-3              -8.28066362         
17.0 -4.0826491813940535 17.861114532981357   1.41003312              X  -9.97380308e-1      -7.80000000              X   1.96244080e4       -3.10428220              X  -3.67979937e-1      -8.90430581              X   7.26297476e4       -1.00000000e-3              -3.46996461         -1.00000000e-3              -12.8498956         -1.00000000e-3              -8.30065644         
18.0 -4.076321005557818  17.86015597089858    1.42129388              X  -9.97296527e-1      -7.90000000              X   1.95157570e4       -3.00424579              X  -3.67949085e-1      -9.00478548              X   7.24696181e4       -1.00000000e-3              -3.50360558         -1.00000000e-3              -12.8748864         -1.00000000e-3              -8.32064916         
19.0 -4.0699358927014915 17.85919686923299    1.43226613              X  -9.97211960e-1      -8.00000000              X   1.94079941e4       -2.90420884              X  -3.67917779e-1      -9.10526541              X   7.23097518e4       -1.00000000e-3              -3.53724656         -1.00000000e-3              -12.8998772         -1.00000000e-3              -8.34064177         
20.0 -4.0634943203563045 17.858237215088046   1.44296454              X  -9.97126591e-1      -8.10000000              X   1.93010307e4       -2.80417133              X  -3.67886008e-1      -9.20574563              X   7.21501464e4       -1.00000000e-3              -3.57088753         -1.00000000e-3              -12.9248678         -1.00000000e-3              -8.36063427         
21.0 -4.056996831352695  17.857276995276816   1.45340271              X  -9.97040402e-1      -8.20000000              X   1.91947862e4       -2.70413326              X  -3.67853761e-1      -9.30622612              X   7.19907996e4       -1.00000000e-3              -3.60452850         -1.00000000e-3              -12.9498583         -1.00000000e-3              -8.38062665         
22.0 -4.05044402659493   17.856316196320307   1.46359321              X  -9.96953375e-1      -8.30000000              X   1.90891870e4       -2.60409461              X  -3.67821026e-1      -9.40670691              X   7.18317088e4       -1.00000000e-3              -3.63816948         -1.00000000e-3              -12.9748487         -1.00000000e-3              -8.40061892         
23.0 -4.043836556453107  17.855354804444517   1.47354773              X  -9.96865492e-1      -8.40000000              X   1.89841659e4       -2.50405537              X  -3.67787793e-1      -9.50718799              X   7.16728718e4       -1.00000000e-3              -3.67181045         -1.00000000e-3              -12.9998388         -1.00000000e-3              -8.42061107         
24.0 -4.037175114801574  17.854392805577405   1.48327715              X  -9.96776735e-1      -8.50000000              X   1.88796616e4       -2.40401553              X  -3.67754049e-1      -9.60766938              X   7.15142861e4       -1.00000000e-3              -3.70545143         -1.00000000e-3              -13.0248289         -1.00000000e-3              -8.44060311         
25.0 -4.030460432246485  17.8534301853453     1.49279161              X  -9.96687085e-1      -8.60000000              X   1.87756180e4       -2.30397506              X  -3.67719782e-1      -9.70815108              X   7.13559491e4       -1.00000000e-3              -3.73909241         -1.00000000e-3              -13.0498188         -1.00000000e-3              -8.46059501         
26.0 -4.0236932709852855 17.85246692906904    1.50210056              X  -9.96596522e-1      -8.70000000              X   1.86719836e4       -2.20393395              X  -3.67684981e-1      -9.80863310              X   7.11978585e4       -1.00000000e-3              -3.77273338         -1.00000000e-3              -13.0748085         -1.00000000e-3              -8.48058679         
27.0 -4.016874419080778  17.851503021759726   1.51121284              X  -9.96505027e-1      -8.80000000              X   1.85687116e4       -2.10389220              X  -3.67649632e-1      -9.90911544              X   7.10400116e4       -1.00000000e-3              -3.80637436         -1.00000000e-3              -13.0997980         -1.00000000e-3              -8.50057844         
28.0 -4.010004686420919  17.850538448114023   1.52013673              X  -9.96412580e-1      -8.90000000              X   1.84657588e4       -2.00384978              X  -3.67613723e-1      -10.0095981              X   7.08824059e4       -1.00000000e-3              -3.84001534         -1.00000000e-3              -13.1247874         -1.00000000e-3              -8.52056996         
29.0 -4.003084900064503  17.849573192509265   1.52888001              X  -9.96319160e-1      -9.00000000              X   1.83630857e4       -1.90380668              X  -3.67577241e-1      -10.1100811              X   7.07250388e4       -1.00000000e-3              -3.87365632         -1.00000000e-3              -13.1497767         -1.00000000e-3              -8.54056134         
30.0 -3.9961159004568567 17.84860723899803    1.53744995              X  -9.96224747e-1      -9.10000000              X   1.82606561e4       -1.80376288              X  -3.67540173e-1      -10.2105645              X   7.05679077e4       -1.00000000e-3              -3.90729730         -1.00000000e-3              -13.1747657         -1.00000000e-3              -8.56055258         
31.0 -3.9890985378069677 17.847640571302595   1.54585342              X  -9.96129319e-1      -9.20000000              X   1.81584370e4       -1.70371837              X  -3.67502504e-1      -10.3110482              X   7.04110098e4       -1.00000000e-3              -3.94093828         -1.00000000e-3              -13.1997546         -1.00000000e-3              -8.58054367         
32.0 -3.9820336693787994 17.846673172808973   1.55409687              X  -9.96032855e-1      -9.30000000              X   1.80563980e4       -1.60367312              X  -3.67464222e-1      -10.4115323              X   7.02543427e4       -1.00000000e-3              -3.97457926         -1.00000000e-3              -13.2247433         -1.00000000e-3              -8.60053462         
33.0 -3.974922155777926  17.845705026560616   1.56218638              X  -9.95935333e-1      -9.40000000              X   1.79545114e4       -1.50362713              X  -3.67425312e-1      -10.5120168              X   7.00979034e4       -1.00000000e-3              -4.00822024         -1.00000000e-3              -13.2497318         -1.00000000e-3              -8.62052543         
34.0 -3.967764859004612  17.844736115251834   1.57012769              X  -9.95836729e-1      -9.50000000              X   1.78527517e4       -1.40358038              X  -3.67385759e-1      -10.6125016              X   6.99416892e4       -1.00000000e-3              -4.04186123         -1.00000000e-3              -13.2747201         -1.00000000e-3              -8.64051608         
35.0 -3.960562639753962  17.843766421220856   1.57792623              X  -9.95737022e-1      -9.60000000              X   1.77510957e4       -1.30353285              X  -3.67345549e-1      -10.7129869              X   6.97856974e4       -1.00000000e-3              -4.07550221         -1.00000000e-3              -13.2997082         -1.00000000e-3              -8.66050657         
36.0 -3.953316355252085  17.84279592644275    1.58558712              X  -9.95636187e-1      -9.70000000              X   1.76495223e4       -1.20348451              X  -3.67304668e-1      -10.8134725              X   6.96299251e4       -1.00000000e-3              -4.10914319         -1.00000000e-3              -13.3246961         -1.00000000e-3              -8.68049690         
37.0 -3.9460268575134467 17.841824612521837   1.59311523              X  -9.95534202e-1      -9.80000000              X   1.75480121e4       -1.10343536              X  -3.67263099e-1      -10.9139586              X   6.94743695e4       -1.00000000e-3              -4.14278418         -1.00000000e-3              -13.3496838         -1.00000000e-3              -8.70048707         
38.0 -3.9386949912399083 17.84085246068388    1.60051514              X  -9.95431040e-1      -9.90000000              X   1.74465477e4       -1.00338537              X  -3.67220827e-1      -11.0144451              X   6.93190277e4       -1.00000000e-3              -4.17642517         -1.00000000e-3              -13.3746713         -1.00000000e-3              -8.72047707         
39.0 -3.931321592548919  17.839879451768038   1.60779124              X  -9.95326678e-1      -10.0000000              X   1.73451131e4       -9.03334521e-1           X  -3.67177836e-1      -11.1149320              X   6.91638967e4       -1.00000000e-3              -4.21006615         -1.00000000e-3              -13.3996586         -1.00000000e-3              -8.74046690         
40.0 -3.923907487313691  17.838905566218433   1.61494767              X  -9.95221090e-1      -10.1000000              X   1.72436938e4       -8.03282799e-1           X  -3.67134110e-1      -11.2154193              X   6.90089736e4       -1.00000000e-3              -4.24370714         -1.00000000e-3              -13.4246457         -1.00000000e-3              -8.76045656         
41.0 -3.9164534900743306 17.83793078407537    1.62198835              X  -9.95114250e-1      -10.2000000              X   1.71422770e4       -7.03230182e-1           X  -3.67089633e-1      -11.3159071              X   6.88542554e4       -1.00000000e-3              -4.27734813         -1.00000000e-3              -13.4496325         -1.00000000e-3              -8.78044604         
42.0 -3.908960402721762  17.836955084966384   1.62891705              X  -9.95006132e-1      -10.3000000              X   1.70408508e4       -6.03176650e-1           X  -3.67044387e-1      -11.4163954              X   6.86997389e4       -1.00000000e-3              -4.31098912         -1.00000000e-3              -13.4746192         -1.00000000e-3              -8.80043533         
43.0 -3.901429013727964  17.83597844809685    1.63573733              X  -9.94896709e-1      -10.4000000              X   1.69394048e4       -5.03122181e-1           X  -3.66998356e-1      -11.5168841              X   6.85454213e4       -1.00000000e-3              -4.34463011         -1.00000000e-3              -13.4996055         -1.00000000e-3              -8.82042444         
44.0 -3.89386009699911   17.835000852240317   1.64245258              X  -9.94785953e-1      -10.5000000              X   1.68379297e4       -4.03066754e-1           X  -3.66951520e-1      -11.6173733              X   6.83912992e4       -1.00000000e-3              -4.37827110         -1.00000000e-3              -13.5245917         -1.00000000e-3              -8.84041335         
45.0 -3.88625441130875   17.83402227572859    1.64906605              X  -9.94673836e-1      -10.6000000              X   1.67364173e4       -3.03010348e-1           X  -3.66903864e-1      -11.7178630              X   6.82373696e4       -1.00000000e-3              -4.41191210         -1.00000000e-3              -13.5495776         -1.00000000e-3              -8.86040207         
46.0 -3.878612699406593  17.8330426964413     1.65558083              X  -9.94560331e-1      -10.7000000              X   1.66348603e4       -2.02952941e-1           X  -3.66855368e-1      -11.8183532              X   6.80836293e4       -1.00000000e-3              -4.44555309         -1.00000000e-3              -13.5745632         -1.00000000e-3              -8.88039059         
47.0 -3.8709356875666696 17.83206209179536    1.66199986              X  -9.94445406e-1      -10.8000000              X   1.65332525e4       -1.02894510e-1           X  -3.66806014e-1      -11.9188439              X   6.79300749e4       -1.00000000e-3              -4.47919409         -1.00000000e-3              -13.5995486         -1.00000000e-3              -8.90037890         
48.0 -3.8632240851147412 17.831080438733917   1.66832599              X  -9.94329034e-1      -10.9000000              X   1.64315883e4       -2.83503220e-3           X  -3.66755782e-1      -12.0193351              X   6.77767033e4       -1.00000000e-3              -4.51283508         -1.00000000e-3              -13.6245338         -1.00000000e-3              -8.92036701         
49.0 -3.855478583788219  17.830097713715016   1.67456189              X  -9.94211183e-1      -11.0000000              X   1.63298633e4        9.72255159e-2           X  -3.66704654e-1      -12.1198269              X   6.76235110e4       -1.00000000e-3              -4.54647608         -1.00000000e-3              -13.6495186         -1.00000000e-3              -8.94035490         
50.0 -3.8476998577278216 17.8291138927        1.68071015              X  -9.94091822e-1      -11.1000000              X   1.62280739e4        1.97517824e-1           X  -3.66457921e-1      -12.2203192              X   6.74704947e4       -1.00000000e-3              -4.58004019         -1.00000000e-3              -13.6744455         -1.00000000e-3              -8.96029644         
51.0 -3.839888553324636  17.828128951139984   1.68677325              X  -9.93970920e-1      -11.2000000              X   1.61262167e4        2.97811254e-1           X  -3.66210409e-1      -12.3208121              X   6.73176510e4       -1.00000000e-3              -4.61360430         -1.00000000e-3              -13.6993722         -1.00000000e-3              -8.98023775         
52.0 -3.832045317275846  17.827142863966102   1.69275355              X  -9.93848445e-1      -11.3000000              X   1.60242894e4        3.98105830e-1           X  -3.65962097e-1      -12.4213055              X   6.71649763e4       -1.00000000e-3              -4.64716841         -1.00000000e-3              -13.7242985         -1.00000000e-3              -9.00017883         
53.0 -3.8241707687502147 17.82615560557546    1.69865332              X  -9.93724363e-1      -11.4000000              X   1.59222903e4        4.98401578e-1           X  -3.65712967e-1      -12.5217996              X   6.70124672e4       -1.00000000e-3              -4.68073252         -1.00000000e-3              -13.7492246         -1.00000000e-3              -9.02011968         
54.0 -3.8162655080024233 17.82516714981792    1.70447475              X  -9.93598641e-1      -11.5000000              X   1.58202183e4        5.98698524e-1           X  -3.65462999e-1      -12.6222942              X   6.68601200e4       -1.00000000e-3              -4.71429663         -1.00000000e-3              -13.7741504         -1.00000000e-3              -9.04006030         
55.0 -3.8083301168014487 17.82417746998252    1.71021991              X  -9.93471244e-1      -11.6000000              X   1.57180729e4        6.98996695e-1           X  -3.65212171e-1      -12.7227895              X   6.67079312e4       -1.00000000e-3              -4.74786075         -1.00000000e-3              -13.7990758         -1.00000000e-3              -9.06000066         
56.0 -3.800365157955172  17.823186538783496   1.71589083              X  -9.93342138e-1      -11.7000000              X   1.56158540e4        7.99296118e-1           X  -3.64960463e-1      -12.8232853              X   6.65558970e4       -1.00000000e-3              -4.78142486         -1.00000000e-3              -13.8240010         -1.00000000e-3              -9.07994078         
57.0 -3.7923711755285354 17.822194328345773   1.72148942              X  -9.93211287e-1      -11.8000000              X   1.55135622e4        8.99596821e-1           X  -3.64707854e-1      -12.9237819              X   6.64040137e4       -1.00000000e-3              -4.81498897         -1.00000000e-3              -13.8489258         -1.00000000e-3              -9.09988064         
58.0 -3.7843486949081737 17.821200810190277   1.72701755              X  -9.93078653e-1      -11.9000000              X   1.54111985e4        9.99898833e-1           X  -3.64454322e-1      -13.0242790              X   6.62522775e4       -1.00000000e-3              -4.84855308         -1.00000000e-3              -13.8738503         -1.00000000e-3              -9.11982023         
59.0 -3.7762982225646673 17.820205955218448   1.73247700              X  -9.92944201e-1      -12.0000000              X   1.53087643e4        1.10020218              X  -3.64199844e-1      -13.1247769              X   6.61006845e4       -1.00000000e-3              -4.88211720         -1.00000000e-3              -13.8987745         -1.00000000e-3              -9.13975956         
60.0 -3.768220246531362  17.819209733696596   1.73786947              X  -9.92807892e-1      -12.1000000              X   1.52062617e4        1.20050690              X  -3.63944398e-1      -13.2252754              X   6.59492310e4       -1.00000000e-3              -4.91568131         -1.00000000e-3              -13.9236983         -1.00000000e-3              -9.15969862         
61.0 -3.76011523633213   17.81821211523969    1.74319664              X  -9.92669686e-1      -12.2000000              X   1.51036928e4        1.30081301              X  -3.63687961e-1      -13.3257746              X   6.57979128e4       -1.00000000e-3              -4.94924543         -1.00000000e-3              -13.9486217         -1.00000000e-3              -9.17963740         
62.0 -3.7519836429562505 17.81721306879454    1.74846009              X  -9.92529545e-1      -12.3000000              X   1.50010604e4        1.40112056              X  -3.63430509e-1      -13.4262746              X   6.56467259e4       -1.00000000e-3              -4.98280954         -1.00000000e-3              -13.9735449         -1.00000000e-3              -9.19957589         
63.0 -3.743825899204459  17.816212562622677   1.75366135              X  -9.92387427e-1      -12.4000000              X   1.48983675e4        1.50142956              X  -3.63172018e-1      -13.5267753              X   6.54956663e4       -1.00000000e-3              -5.01637366         -1.00000000e-3              -13.9984676         -1.00000000e-3              -9.21951409         
64.0 -3.73564241994105   17.81521056428263    1.75880190              X  -9.92243291e-1      -12.5000000              X   1.47956175e4        1.60174005              X  -3.62912463e-1      -13.6272767              X   6.53447298e4       -1.00000000e-3              -5.04993777         -1.00000000e-3              -14.0233900         -1.00000000e-3              -9.23945199         
65.0 -3.727433601974054  17.81420704061159    1.76388318              X  -9.92097095e-1      -12.6000000              X   1.46928141e4        1.70205208              X  -3.62651820e-1      -13.7277789              X   6.51939121e4       -1.00000000e-3              -5.08350189         -1.00000000e-3              -14.0483120         -1.00000000e-3              -9.25938958         
66.0 -3.719199824491476  17.813201957706667   1.76890656              X  -9.91948796e-1      -12.7000000              X   1.45899613e4        1.80236566              X  -3.62390062e-1      -13.8282818              X   6.50432090e4       -1.00000000e-3              -5.11706601         -1.00000000e-3              -14.0732336         -1.00000000e-3              -9.27932687         
67.0 -3.7109414492170534 17.81219528090548    1.77387336              X  -9.91798349e-1      -12.8000000              X   1.44870635e4        1.90268084              X  -3.62127163e-1      -13.9287856              X   6.48926161e4       -1.00000000e-3              -5.15063013         -1.00000000e-3              -14.0981548         -1.00000000e-3              -9.29926383         
68.0 -3.702658820492211  17.811186974766212   1.77878488              X  -9.91645709e-1      -12.9000000              X   1.43841252e4        2.00299764              X  -3.61863097e-1      -14.0292902              X   6.47421290e4       -1.00000000e-3              -5.18419424         -1.00000000e-3              -14.1230756         -1.00000000e-3              -9.31920047         
69.0 -3.694352265813912  17.810177003047084   1.78364236              X  -9.91490831e-1      -13.0000000              X   1.42811512e4        2.10331611              X  -3.61597836e-1      -14.1297956              X   6.45917431e4       -1.00000000e-3              -5.21775836         -1.00000000e-3              -14.1479960         -1.00000000e-3              -9.33913678         
70.0 -3.686022095560356  17.809165328685093   1.78844700              X  -9.91333667e-1      -13.1000000              X   1.41781466e4        2.20363629              X  -3.61331353e-1      -14.2303019              X   6.44414540e4       -1.00000000e-3              -5.25132248         -1.00000000e-3              -14.1729159         -1.00000000e-3              -9.35907274         
71.0 -3.677668603850461  17.80815191377426    1.79319994              X  -9.91174168e-1      -13.2000000              X   1.40751167e4        2.30395821              X  -3.61063618e-1      -14.3308090              X   6.42912568e4       -1.00000000e-3              -5.28488660         -1.00000000e-3              -14.1978354         -1.00000000e-3              -9.37900836         
72.0 -3.6692920682082972 17.807136719543127   1.79790233              X  -9.91012286e-1      -13.3000000              X   1.39720670e4        2.40428190              X  -3.60794603e-1      -14.4313170              X   6.41411469e4       -1.00000000e-3              -5.31845072         -1.00000000e-3              -14.2227545         -1.00000000e-3              -9.39894362         
73.0 -3.6608927501645088 17.806119706331515   1.80255525              X  -9.90847970e-1      -13.4000000              X   1.38690032e4        2.50460742              X  -3.60524278e-1      -14.5318260              X   6.39911195e4       -1.00000000e-3              -5.35201484         -1.00000000e-3              -14.2476731         -1.00000000e-3              -9.41887852         
74.0 -3.652470895380987  17.805100833566716   1.80715974              X  -9.90681170e-1      -13.5000000              X   1.37659311e4        2.60493480              X  -3.60252613e-1      -14.6323358              X   6.38411697e4       -1.00000000e-3              -5.38557897         -1.00000000e-3              -14.2725913         -1.00000000e-3              -9.43881304         
75.0 -3.644026733921381  17.804080059738844   1.81171682              X  -9.90511831e-1      -13.6000000              X   1.36628569e4        2.70526408              X  -3.59979576e-1      -14.7328467              X   6.36912924e4       -1.00000000e-3              -5.41914309         -1.00000000e-3              -14.2975090         -1.00000000e-3              -9.45874718         
76.0 -3.6355604803507022 17.803057342375432   1.81622749              X  -9.90339901e-1      -13.7000000              X   1.35597867e4        2.80559530              X  -3.59705135e-1      -14.8333585              X   6.35414827e4       -1.00000000e-3              -5.45270721         -1.00000000e-3              -14.3224262         -1.00000000e-3              -9.47868094         
77.0 -3.627072334247558  17.80203263801529    1.82069269              X  -9.90165324e-1      -13.8000000              X   1.34567269e4        2.90592851              X  -3.59429259e-1      -14.9338713              X   6.33917352e4       -1.00000000e-3              -5.48627134         -1.00000000e-3              -14.3473429         -1.00000000e-3              -9.49861430         
78.0 -3.618562480229443  17.80100590218149    1.82511336              X  -9.89988045e-1      -13.9000000              X   1.33536840e4        3.00626375              X  -3.59151915e-1      -15.0343851              X   6.32420449e4       -1.00000000e-3              -5.51983546         -1.00000000e-3              -14.3722591         -1.00000000e-3              -9.51854725         
79.0 -3.610031088168763  17.799977089353575   1.82949039              X  -9.89808005e-1      -14.0000000              X   1.32506647e4        3.10660107              X  -3.58873067e-1      -15.1348999              X   6.30924063e4       -1.00000000e-3              -5.55339959         -1.00000000e-3              -14.3971747         -1.00000000e-3              -9.53847979         
80.0 -3.6014783137017004 17.798946152938832   1.83382466              X  -9.89625146e-1      -14.1000000              X   1.31476757e4        3.20694051              X  -3.58592682e-1      -15.2354158              X   6.29428140e4       -1.00000000e-3              -5.58696371         -1.00000000e-3              -14.4220899         -1.00000000e-3              -9.55841190         
81.0 -3.592904298071989  17.797913045242712   1.83811701              X  -9.89439408e-1      -14.2000000              X   1.30447239e4        3.30728213              X  -3.58310725e-1      -15.3359328              X   6.27932624e4       -1.00000000e-3              -5.62052784         -1.00000000e-3              -14.4470045         -1.00000000e-3              -9.57834357         
82.0 -3.584309168700694  17.79687771743827    1.84236826              X  -9.89250729e-1      -14.3000000              X   1.29418162e4        3.40762597              X  -3.58027158e-1      -15.4364509              X   6.26437459e4       -1.00000000e-3              -5.65409197         -1.00000000e-3              -14.4719185         -1.00000000e-3              -9.59827481         
83.0 -3.5756930391912642 17.79584011953467    1.84657921              X  -9.89059047e-1      -14.4000000              X   1.28389599e4        3.50797207              X  -3.57741946e-1      -15.5369702              X   6.24942588e4       -1.00000000e-3              -5.68765610         -1.00000000e-3              -14.4968320         -1.00000000e-3              -9.61820559         
84.0 -3.56705600953357   17.794800200344675   1.85075064              X  -9.88864296e-1      -14.5000000              X   1.27361619e4        3.60832050              X  -3.57455049e-1      -15.6374906              X   6.23447952e4       -1.00000000e-3              -5.72122023         -1.00000000e-3              -14.5217449         -1.00000000e-3              -9.63813590         
85.0 -3.5583981665516515 17.79375790745107    1.85488329              X  -9.88666411e-1      -14.6000000              X   1.26334296e4        3.70867130              X  -3.57166431e-1      -15.7380122              X   6.21953490e4       -1.00000000e-3              -5.75478436         -1.00000000e-3              -14.5466572         -1.00000000e-3              -9.65806574         
86.0 -3.5497195837959357 17.79271318717206    1.85897789              X  -9.88465324e-1      -14.7000000              X   1.25307702e4        3.80902453              X  -3.56876050e-1      -15.8385350              X   6.20459144e4       -1.00000000e-3              -5.78834849         -1.00000000e-3              -14.5715689         -1.00000000e-3              -9.67799509         
87.0 -3.5410203219352594 17.791665984525455   1.86303517              X  -9.88260967e-1      -14.8000000              X   1.24281911e4        3.90938025              X  -3.56583867e-1      -15.9390591              X   6.18964850e4       -1.00000000e-3              -5.82191262         -1.00000000e-3              -14.5964799         -1.00000000e-3              -9.69792395         
88.0 -3.532300428958384  17.790616243191813   1.86705580              X  -9.88053268e-1      -14.9000000              X   1.23256999e4        4.00973850              X  -3.56289840e-1      -16.0395844              X   6.17470545e4       -1.00000000e-3              -5.85547676         -1.00000000e-3              -14.6213904         -1.00000000e-3              -9.71785230         
89.0 -3.523559940152185  17.78956390547662    1.87104047              X  -9.87842156e-1      -15.0000000              X   1.22233038e4        4.11009935              X  -3.55993927e-1      -16.1401110              X   6.15976165e4       -1.00000000e-3              -5.88904089         -1.00000000e-3              -14.6463002         -1.00000000e-3              -9.73778013         
90.0 -3.5147988785156628 17.788508912269844   1.87498982              X  -9.87627556e-1      -15.1000000              X   1.21210105e4        4.21046285              X  -3.55696085e-1      -16.2406390              X   6.14481644e4       -1.00000000e-3              -5.92260503         -1.00000000e-3              -14.6712093         -1.00000000e-3              -9.75770743         
91.0 -3.5060172547628596 17.787451203006324   1.87890449              X  -9.87409392e-1      -15.2000000              X   1.20188276e4        4.31082907              X  -3.55396269e-1      -16.3411683              X   6.12986916e4       -1.00000000e-3              -5.95616917         -1.00000000e-3              -14.6961177         -1.00000000e-3              -9.77763419         
92.0 -3.4972150676071756 17.7863907156234     1.88278509              X  -9.87187587e-1      -15.3000000              X   1.19167625e4        4.41119807              X  -3.55094434e-1      -16.4416990              X   6.11491913e4       -1.00000000e-3              -5.98973330         -1.00000000e-3              -14.7210255         -1.00000000e-3              -9.79756039         
93.0 -3.4883923037721667 17.78532738651745    1.88663224              X  -9.86962061e-1      -15.4000000              X   1.18148230e4        4.51156991              X  -3.54790533e-1      -16.5422311              X   6.09996564e4       -1.00000000e-3              -6.02329744         -1.00000000e-3              -14.7459325         -1.00000000e-3              -9.81748602         
94.0 -3.4795489381992635 17.784261150499002   1.89044652              X  -9.86732733e-1      -15.5000000              X   1.17130166e4        4.61194466              X  -3.54484520e-1      -16.6427647              X   6.08500799e4       -1.00000000e-3              -6.05686158         -1.00000000e-3              -14.7708388         -1.00000000e-3              -9.83741107         
95.0 -3.470684934218643  17.78319194074632    1.89422850              X  -9.86499519e-1      -15.6000000              X   1.16113511e4        4.71232239              X  -3.54176345e-1      -16.7432998              X   6.07004545e4       -1.00000000e-3              -6.09042572         -1.00000000e-3              -14.7957444         -1.00000000e-3              -9.85733552         
96.0 -3.461800243567999  17.782119688757387   1.89797874              X  -9.86262334e-1      -15.7000000              X   1.15098341e4        4.81270315              X  -3.53865959e-1      -16.8438364              X   6.05507729e4       -1.00000000e-3              -6.12398987         -1.00000000e-3              -14.8206492         -1.00000000e-3              -9.87725937         
97.0 -3.4528948066478664 17.781044324300368   1.90169777              X  -9.86021089e-1      -15.8000000              X   1.14084731e4        4.91308703              X  -3.53553311e-1      -16.9443745              X   6.04010275e4       -1.00000000e-3              -6.15755401         -1.00000000e-3              -14.8455532         -1.00000000e-3              -9.89718259         
98.0 -3.4439685524339225 17.779965775362168   1.90538614              X  -9.85775697e-1      -15.9000000              X   1.13072760e4        5.01347409              X  -3.53238349e-1      -17.0449143              X   6.02512106e4       -1.00000000e-3              -6.19111816         -1.00000000e-3              -14.8704565         -1.00000000e-3              -9.91710518         
99.0 -3.4350213987823746 17.7788839680954     1.90904435              X  -9.85526063e-1      -16.0000000              X   1.12062504e4        5.11386441              X  -3.52921020e-1      -17.1454557              X   6.01013144e4       -1.00000000e-3              -6.22468230         -1.00000000e-3              -14.8953589         -1.00000000e-3              -9.93702712         
100.0-3.426053252337414  17.777798826763078   1.91267291              X  -9.85272095e-1      -16.1000000              X   1.11054038e4        5.21425807              X  -3.52601269e-1      -17.2459987              X   5.99513309e4       -1.00000000e-3              -6.25824645         -1.00000000e-3              -14.9202605         -1.00000000e-3              -9.95694839         
101.0-3.417064008703368  17.77671027368282    1.91627231              X  -9.85013695e-1      -16.2000000              X   1.10047440e4        5.31465513              X  -3.52279040e-1      -17.3465435              X   5.98012519e4       -1.00000000e-3              -6.29181060         -1.00000000e-3              -14.9451612         -1.00000000e-3              -9.97686897         
102.0-3.408053552423565  17.77561822916685    1.91984302              X  -9.84750765e-1      -16.3000000              X   1.09042785e4        5.41505569              X  -3.51954276e-1      -17.4470900              X   5.96510690e4       -1.00000000e-3              -6.32537475         -1.00000000e-3              -14.9700611         -1.00000000e-3              -9.99678886         
103.0-3.399021757156083  17.77452261146151    1.92338552              X  -9.84483203e-1      -16.4000000              X   1.08040149e4        5.51545982              X  -3.51626918e-1      -17.5476383              X   5.95007738e4       -1.00000000e-3              -6.35893890         -1.00000000e-3              -14.9949600         -1.00000000e-3              -10.0167080         
104.0-3.3899684855964565 17.77342333668408    1.92690026              X  -9.84210905e-1      -16.5000000              X   1.07039608e4        5.61586761              X  -3.51296906e-1      -17.6481884              X   5.93503574e4       -1.00000000e-3              -6.39250305         -1.00000000e-3              -15.0198581         -1.00000000e-3              -10.0366265         
105.0-3.3808935895756287 17.772320318757412   1.93038768              X  -9.83933764e-1      -16.6000000              X   1.06041237e4        5.71627914              X  -3.50964179e-1      -17.7487404              X   5.91998111e4       -1.00000000e-3              -6.42606721         -1.00000000e-3              -15.0447552         -1.00000000e-3              -10.0565442         
106.0-3.3717969100325247 17.771213469342214   1.93384823              X  -9.83651670e-1      -16.7000000              X   1.05045111e4        5.81669451              X  -3.50628674e-1      -17.8492943              X   5.90491257e4       -1.00000000e-3              -6.45963137         -1.00000000e-3              -15.0696514         -1.00000000e-3              -10.0764611         
107.0-3.3626782770270034 17.77010269776682    1.93728231              X  -9.83364512e-1      -16.8000000              X   1.04051303e4        5.91711379              X  -3.50290326e-1      -17.9498502              X   5.88982919e4       -1.00000000e-3              -6.49319552         -1.00000000e-3              -15.0945466         -1.00000000e-3              -10.0963772         
108.0-3.3535375098264457 17.768987910954497   1.94069036              X  -9.83072174e-1      -16.9000000              X   1.03059890e4        6.01753709              X  -3.49949069e-1      -18.0504081              X   5.87473002e4       -1.00000000e-3              -6.52675968         -1.00000000e-3              -15.1194407         -1.00000000e-3              -10.1162926         
109.0-3.3443744167454996 17.767869013347973   1.94407276              X  -9.82774538e-1      -17.0000000              X   1.02070943e4        6.11796451              X  -3.49604836e-1      -18.1509680              X   5.85961410e4       -1.00000000e-3              -6.56032384         -1.00000000e-3              -15.1443339         -1.00000000e-3              -10.1362071         
110.0-3.335188795244686  17.76674590683127    1.94742993              X  -9.82471482e-1      -17.1000000              X   1.01084536e4        6.21839613              X  -3.49257556e-1      -18.2515301              X   5.84448043e4       -1.00000000e-3              -6.59388801         -1.00000000e-3              -15.1692260         -1.00000000e-3              -10.1561208         
111.0-3.3259804317546107 17.765618490648528   1.95076224              X  -9.82162883e-1      -17.2000000              X   1.00100741e4        6.31883206              X  -3.48907159e-1      -18.3520943              X   5.82932800e4       -1.00000000e-3              -6.62745217         -1.00000000e-3              -15.1941170         -1.00000000e-3              -10.1760336         
112.0-3.316749101808317  17.764486661319836   1.95407007              X  -9.81848612e-1      -17.3000000              X   9.91196303e3        6.41927240              X  -3.48553572e-1      -18.4526607              X   5.81415578e4       -1.00000000e-3              -6.66101634         -1.00000000e-3              -15.2190069         -1.00000000e-3              -10.1959455         
113.0-3.3074945697580196 17.76335031255393    1.95735379              X  -9.81528538e-1      -17.4000000              X   9.81412754e3        6.51971726              X  -3.48196720e-1      -18.5532294              X   5.79896269e4       -1.00000000e-3              -6.69458051         -1.00000000e-3              -15.2438957         -1.00000000e-3              -10.2158565         
114.0-3.298216588911737  17.76220933515747    1.96061377              X  -9.81202527e-1      -17.5000000              X   9.71657469e3        6.62016675              X  -3.47836526e-1      -18.6538004              X   5.78374767e4       -1.00000000e-3              -6.72814468         -1.00000000e-3              -15.2687833         -1.00000000e-3              -10.2357666         
115.0-3.2889149012528707 17.761063616940966   1.96385036              X  -9.80870440e-1      -17.6000000              X   9.61931147e3        6.72062098              X  -3.47472912e-1      -18.7543738              X   5.76850959e4       -1.00000000e-3              -6.76170885         -1.00000000e-3              -15.2936698         -1.00000000e-3              -10.2556758         
116.0-3.279589237480662  17.75991304262095    1.96706389              X  -9.80532135e-1      -17.7000000              X   9.52234481e3        6.82108007              X  -3.47105797e-1      -18.8549496              X   5.75324733e4       -1.00000000e-3              -6.79527302         -1.00000000e-3              -15.3185550         -1.00000000e-3              -10.2755840         
117.0-3.27023931676896   17.758757493718424   1.97025472              X  -9.80187467e-1      -17.8000000              X   9.42568159e3        6.92154413              X  -3.46735099e-1      -18.9555279              X   5.73795973e4       -1.00000000e-3              -6.82883720         -1.00000000e-3              -15.3434390         -1.00000000e-3              -10.2954912         
118.0-3.2608648467293677 17.75759684845333    1.97342317              X  -9.79836286e-1      -17.9000000              X   9.32932858e3        7.02201329              X  -3.46360732e-1      -19.0561087              X   5.72264559e4       -1.00000000e-3              -6.86240138         -1.00000000e-3              -15.3683217         -1.00000000e-3              -10.3153973         
119.0-3.2514655232100043 17.756430981634878   1.97656957              X  -9.79478438e-1      -18.0000000              X   9.23329250e3        7.12248767              X  -3.45982610e-1      -19.1566922              X   5.70730371e4       -1.00000000e-3              -6.89596556         -1.00000000e-3              -15.3932031         -1.00000000e-3              -10.3353025         
120.0-3.2420410301237492 17.75525976454737    1.97969423              X  -9.79113764e-1      -18.1000000              X   9.13757998e3        7.22296739              X  -3.45600644e-1      -19.2572783              X   5.69193283e4       -1.00000000e-3              -6.92952974         -1.00000000e-3              -15.4180832         -1.00000000e-3              -10.3552065         
121.0-3.232591039276738  17.754083064831725   1.98279746              X  -9.78742103e-1      -18.2000000              X   9.04219757e3        7.32345261              X  -3.45214741e-1      -19.3578672              X   5.67653169e4       -1.00000000e-3              -6.96309393         -1.00000000e-3              -15.4429618         -1.00000000e-3              -10.3751095         
122.0-3.2231152102063705 17.75290074636197    1.98587957              X  -9.78363287e-1      -18.3000000              X   8.94715173e3        7.42394343              X  -3.44824808e-1      -19.4584589              X   5.66109898e4       -1.00000000e-3              -6.99665811         -1.00000000e-3              -15.4678391         -1.00000000e-3              -10.3950113         
123.0-3.2136131898940663 17.751712669116912   1.98894086              X  -9.77977144e-1      -18.4000000              X   8.85244884e3        7.52444002              X  -3.44430750e-1      -19.5590535              X   5.64563337e4       -1.00000000e-3              -7.03022230         -1.00000000e-3              -15.4927150         -1.00000000e-3              -10.4149120         
124.0-3.2040846125466382 17.750518689046302   1.99198161              X  -9.77583499e-1      -18.5000000              X   8.75809519e3        7.62494251              X  -3.44032465e-1      -19.6596510              X   5.63013348e4       -1.00000000e-3              -7.06378650         -1.00000000e-3              -15.5175894         -1.00000000e-3              -10.4348115         
125.0-3.1945290994484115 17.749318657931855   1.99500212              X  -9.77182169e-1      -18.6000000              X   8.66409699e3        7.72545105              X  -3.43629855e-1      -19.7602516              X   5.61459792e4       -1.00000000e-3              -7.09735069         -1.00000000e-3              -15.5424622         -1.00000000e-3              -10.4547098         
126.0-3.1849462585080452 17.748112423242045   1.99800265              X  -9.76772968e-1      -18.7000000              X   8.57046032e3        7.82596579              X  -3.43222813e-1      -19.8608552              X   5.59902524e4       -1.00000000e-3              -7.13091489         -1.00000000e-3              -15.5673336         -1.00000000e-3              -10.4746068         
127.0-3.1753356841077442 17.746899827981146   2.00098350              X  -9.76355704e-1      -18.8000000              X   8.47719122e3        7.92648689              X  -3.42811232e-1      -19.9614621              X   5.58341399e4       -1.00000000e-3              -7.16447909         -1.00000000e-3              -15.5922033         -1.00000000e-3              -10.4945026         
128.0-3.1656969567550837 17.745680710531754   2.00394492              X  -9.75930179e-1      -18.9000000              X   8.38429559e3        8.02701452              X  -3.42395004e-1      -20.0620722              X   5.56776264e4       -1.00000000e-3              -7.19804329         -1.00000000e-3              -15.6170714         -1.00000000e-3              -10.5143971         
129.0-3.156029642717044  17.74445490449058    2.00688719              X  -9.75496189e-1      -19.0000000              X   8.29177925e3        8.12754883              X  -3.41974016e-1      -20.1626857              X   5.55206966e4       -1.00000000e-3              -7.23160750         -1.00000000e-3              -15.6419378         -1.00000000e-3              -10.5342902         
130.0-3.1463332936799473 17.74322223849718    2.00981055              X  -9.75053526e-1      -19.1000000              X   8.19964791e3        8.22809000              X  -3.41548150e-1      -20.2633026              X   5.53633347e4       -1.00000000e-3              -7.26517171         -1.00000000e-3              -15.6668025         -1.00000000e-3              -10.5541820         
131.0-3.1366074464042955 17.74198253605535    2.01271527              X  -9.74601975e-1      -19.2000000              X   8.10790719e3        8.32863821              X  -3.41117289e-1      -20.3639230              X   5.52055242e4       -1.00000000e-3              -7.29873592         -1.00000000e-3              -15.6916654         -1.00000000e-3              -10.5740724         
132.0-3.126851622240356  17.74073561534656    2.01560158              X  -9.74141312e-1      -19.3000000              X   8.01656260e3        8.42919363              X  -3.40681309e-1      -20.4645470              X   5.50472487e4       -1.00000000e-3              -7.33230013         -1.00000000e-3              -15.7165266         -1.00000000e-3              -10.5939613         
133.0-3.1170653267913346 17.739481289035215   2.01846975              X  -9.73671311e-1      -19.4000000              X   7.92561955e3        8.52975646              X  -3.40240086e-1      -20.5651748              X   5.48884910e4       -1.00000000e-3              -7.36586435         -1.00000000e-3              -15.7413859         -1.00000000e-3              -10.6138487         
134.0-3.107248049352887  17.738219364065298   2.02131999              X  -9.73191735e-1      -19.5000000              X   7.83508333e3        8.63032688              X  -3.39793489e-1      -20.6658063              X   5.47292336e4       -1.00000000e-3              -7.39942857         -1.00000000e-3              -15.7662433         -1.00000000e-3              -10.6337346         
135.0-3.097399262536377  17.736949641447776   2.02415256              X  -9.72702343e-1      -19.6000000              X   7.74495914e3        8.73090511              X  -3.39341387e-1      -20.7664417              X   5.45694584e4       -1.00000000e-3              -7.43299280         -1.00000000e-3              -15.7910987         -1.00000000e-3              -10.6536190         
136.0-3.0875184216802487 17.735671916038452   2.02696768              X  -9.72202884e-1      -19.7000000              X   7.65525205e3        8.83149133              X  -3.38883643e-1      -20.8670812              X   5.44091471e4       -1.00000000e-3              -7.46655702         -1.00000000e-3              -15.8159522         -1.00000000e-3              -10.6735017         
137.0-3.0776049642810546 17.73438597630552    2.02976558              X  -9.71693102e-1      -19.8000000              X   7.56596704e3        8.93208577              X  -3.38420115e-1      -20.9677248              X   5.42482807e4       -1.00000000e-3              -7.50012126         -1.00000000e-3              -15.8408036         -1.00000000e-3              -10.6933828         
138.0-3.067658309496736  17.733091604086557   2.03254647              X  -9.71172731e-1      -19.9000000              X   7.47710896e3        9.03268864              X  -3.37950661e-1      -21.0683726              X   5.40868397e4       -1.00000000e-3              -7.53368549         -1.00000000e-3              -15.8656528         -1.00000000e-3              -10.7132623         
139.0-3.0576778574569565 17.731788574334033   2.03531059              X  -9.70641497e-1      -20.0000000              X   7.38868255e3        9.13330016              X  -3.37475132e-1      -21.1690247              X   5.39248042e4       -1.00000000e-3              -7.56724973         -1.00000000e-3              -15.8905000         -1.00000000e-3              -10.7331400         
140.0-3.047662988666098  17.730476654848943   2.03805813              X  -9.70099119e-1      -20.1000000              X   7.30069246e3        9.23392058              X  -3.36993374e-1      -21.2696812              X   5.37621536e4       -1.00000000e-3              -7.60081397         -1.00000000e-3              -15.9153449         -1.00000000e-3              -10.7530159         
141.0-3.037613063253141  17.729155606001637   2.04078932              X  -9.69545306e-1      -20.2000000              X   7.21314318e3        9.33455012              X  -3.36505232e-1      -21.3703424              X   5.35988669e4       -1.00000000e-3              -7.63437822         -1.00000000e-3              -15.9401875         -1.00000000e-3              -10.7728900         
142.0-3.027527420295158  17.727825180439392   2.04350436              X  -9.68979757e-1      -20.3000000              X   7.12603911e3        9.43518903              X  -3.36010543e-1      -21.4710082              X   5.34349224e4       -1.00000000e-3              -7.66794247         -1.00000000e-3              -15.9650277         -1.00000000e-3              -10.7927622         
143.0-3.0174053769930897 17.72648512277973    2.04620345              X  -9.68402163e-1      -20.4000000              X   7.03938454e3        9.53583758              X  -3.35509141e-1      -21.5716789              X   5.32702979e4       -1.00000000e-3              -7.70150672         -1.00000000e-3              -15.9898656         -1.00000000e-3              -10.8126325         
144.0-3.007246227945511  17.725135169288738   2.04888680              X  -9.67812204e-1      -20.5000000              X   6.95318362e3        9.63649602              X  -3.35000855e-1      -21.6723545              X   5.31049705e4       -1.00000000e-3              -7.73507098         -1.00000000e-3              -16.0147010         -1.00000000e-3              -10.8325008         
145.0-2.9970492441142174 17.72377504754341    2.05155459              X  -9.67209550e-1      -20.6000000              X   6.86744039e3        9.73716463              X  -3.34485509e-1      -21.7730352              X   5.29389167e4       -1.00000000e-3              -7.76863525         -1.00000000e-3              -16.0395338         -1.00000000e-3              -10.8523671         
146.0-2.9868136720899874 17.722404476077212   2.05420703              X  -9.66593860e-1      -20.7000000              X   6.78215877e3        9.83784369              X  -3.33962922e-1      -21.8737211              X   5.27721124e4       -1.00000000e-3              -7.80219951         -1.00000000e-3              -16.0643641         -1.00000000e-3              -10.8722313         
147.0-2.976538733002127  17.72102316400766    2.05684429              X  -9.65964782e-1      -20.8000000              X   6.69734254e3        9.93853348              X  -3.33432905e-1      -21.9744124              X   5.26045326e4       -1.00000000e-3              -7.83576379         -1.00000000e-3              -16.0891916         -1.00000000e-3              -10.8920933         
148.0-2.9662236215071998 17.71963081064487    2.05946658              X  -9.65321953e-1      -20.9000000              X   6.61299538e3        10.0392343              X  -3.32895268e-1      -22.0751093              X   5.24361519e4       -1.00000000e-3              -7.86932806         -1.00000000e-3              -16.1140164         -1.00000000e-3              -10.9119531         
149.0-2.9558675047508896 17.718227105080004   2.06207407              X  -9.64664996e-1      -21.0000000              X   6.52912084e3        10.1399465              X  -3.32349812e-1      -22.1758118              X   5.22669439e4       -1.00000000e-3              -7.90289234         -1.00000000e-3              -16.1388384         -1.00000000e-3              -10.9318107         
150.0-2.945469521105859  17.7168117257521     2.06466694              X  -9.63993523e-1      -21.1000000              X   6.44572234e3        10.2406704              X  -3.31796332e-1      -22.2765201              X   5.20968816e4       -1.00000000e-3              -7.93645663         -1.00000000e-3              -16.1636574         -1.00000000e-3              -10.9516659         
151.0-2.9350287790753797 17.71538433999219    2.06724537              X  -9.63307131e-1      -21.2000000              X   6.36280316e3        10.3414062              X  -3.31234618e-1      -22.3772345              X   5.19259370e4       -1.00000000e-3              -7.97002092         -1.00000000e-3              -16.1884734         -1.00000000e-3              -10.9715188         
152.0-2.924544355877257  17.713944603543045   2.06980954              X  -9.62605406e-1      -21.3000000              X   6.28036649e3        10.4421544              X  -3.30664453e-1      -22.4779550              X   5.17540816e4       -1.00000000e-3              -8.00358522         -1.00000000e-3              -16.2132864         -1.00000000e-3              -10.9913691         
153.0-2.914015296140609  17.712492160053007   2.07235962              X  -9.61887917e-1      -21.4000000              X   6.19841535e3        10.5429153              X  -3.30085613e-1      -22.5786820              X   5.15812856e4       -1.00000000e-3              -8.03714952         -1.00000000e-3              -16.2380962         -1.00000000e-3              -11.0112169         
154.0-2.903440610383025  17.711026640542094   2.07489577              X  -9.61154219e-1      -21.5000000              X   6.11695267e3        10.6436893              X  -3.29497867e-1      -22.6794154              X   5.14075188e4       -1.00000000e-3              -8.07071383         -1.00000000e-3              -16.2629027         -1.00000000e-3              -11.0310621         
155.0-2.892819273523465  17.709547662838908   2.07741817              X  -9.60403851e-1      -21.6000000              X   6.03598122e3        10.7444768              X  -3.28900977e-1      -22.7801556              X   5.12327497e4       -1.00000000e-3              -8.10427815         -1.00000000e-3              -16.2877058         -1.00000000e-3              -11.0509046         
156.0-2.8821502231596283 17.708054830985773   2.07992697              X  -9.59636335e-1      -21.7000000              X   5.95550366e3        10.8452781              X  -3.28294697e-1      -22.8809027              X   5.10569460e4       -1.00000000e-3              -8.13784247         -1.00000000e-3              -16.3125055         -1.00000000e-3              -11.0707444         
157.0-2.871432357855817  17.70654773461045    2.08242235              X  -9.58851178e-1      -21.8000000              X   5.87552249e3        10.9460936              X  -3.27678774e-1      -22.9816570              X   5.08800743e4       -1.00000000e-3              -8.17140680         -1.00000000e-3              -16.3373016         -1.00000000e-3              -11.0905813         
158.0-2.8606645352738282 17.705025948261845   2.08490445              X  -9.58047866e-1      -21.9000000              X   5.79604012e3        11.0469239              X  -3.27052946e-1      -23.0824186              X   5.07021004e4       -1.00000000e-3              -8.20497113         -1.00000000e-3              -16.3620940         -1.00000000e-3              -11.1104152         
159.0-2.8498455701986924 17.703489030707175   2.08737345              X  -9.57225869e-1      -22.0000000              X   5.71705880e3        11.1477692              X  -3.26416941e-1      -23.1831878              X   5.05229887e4       -1.00000000e-3              -8.23853547         -1.00000000e-3              -16.3868827         -1.00000000e-3              -11.1302462         
160.0-2.8389742323748433 17.70193652418804    2.08982948              X  -9.56384636e-1      -22.1000000              X   5.63858064e3        11.2486302              X  -3.25770482e-1      -23.2839648              X   5.03427026e4       -1.00000000e-3              -8.27209981         -1.00000000e-3              -16.4116674         -1.00000000e-3              -11.1500740         
161.0-2.8280492443245815 17.70036795363214    2.09227271              X  -9.55523595e-1      -22.2000000              X   5.56060764e3        11.3495072              X  -3.25113280e-1      -23.3847499              X   5.01612045e4       -1.00000000e-3              -8.30566417         -1.00000000e-3              -16.4364482         -1.00000000e-3              -11.1698986         
162.0-2.817069278891719  17.698782825817755   2.09470329              X  -9.54642154e-1      -22.3000000              X   5.48314163e3        11.4504008              X  -3.24445036e-1      -23.4855432              X   4.99784552e4       -1.00000000e-3              -8.33922853         -1.00000000e-3              -16.4612248         -1.00000000e-3              -11.1897198         
163.0-2.8060329567326603 17.697180628487114   2.09712136              X  -9.53739695e-1      -22.4000000              X   5.40618435e3        11.5513114              X  -3.23765443e-1      -23.5863451              X   4.97944146e4       -1.00000000e-3              -8.37279290         -1.00000000e-3              -16.4859971         -1.00000000e-3              -11.2095377         
164.0-2.79493884356598   17.695560829405146   2.09952707              X  -9.52815581e-1      -22.5000000              X   5.32973736e3        11.6522397              X  -3.23074181e-1      -23.6871558              X   4.96090410e4       -1.00000000e-3              -8.40635727         -1.00000000e-3              -16.5107651         -1.00000000e-3              -11.2293521         
165.0-2.7837854472325203 17.693922875359284   2.10192057              X  -9.51869147e-1      -22.6000000              X   5.25380210e3        11.7531861              X  -3.22370920e-1      -23.7879755              X   4.94222915e4       -1.00000000e-3              -8.43992166         -1.00000000e-3              -16.5355285         -1.00000000e-3              -11.2491628         
166.0-2.7725712146197687 17.692266191095737   2.10430199              X  -9.50899701e-1      -22.7000000              X   5.17837986e3        11.8541512              X  -3.21655321e-1      -23.8888047              X   4.92341216e4       -1.00000000e-3              -8.47348605         -1.00000000e-3              -16.5602872         -1.00000000e-3              -11.2689698         
167.0-2.7612945283009105 17.690590178187435   2.10667149              X  -9.49906527e-1      -22.8000000              X   5.10347181e3        11.9551356              X  -3.20927028e-1      -23.9896435              X   4.90444853e4       -1.00000000e-3              -8.50705045         -1.00000000e-3              -16.5850411         -1.00000000e-3              -11.2887729         
168.0-2.7499537029943846 17.688894213828103   2.10902919              X  -9.48888875e-1      -22.9000000              X   5.02907895e3        12.0561400              X  -3.20185678e-1      -24.0904923              X   4.88533350e4       -1.00000000e-3              -8.54061486         -1.00000000e-3              -16.6097900         -1.00000000e-3              -11.3085720         
169.0-2.738546981695717  17.687177649546477   2.11137525              X  -9.47845970e-1      -23.0000000              X   4.95520215e3        12.1571650              X  -3.19430891e-1      -24.1913514              X   4.86606216e4       -1.00000000e-3              -8.57417928         -1.00000000e-3              -16.6345337         -1.00000000e-3              -11.3283670         
170.0-2.7270725316127526 17.685439809834314   2.11370978              X  -9.46777000e-1      -23.1000000              X   4.88184214e3        12.2582113              X  -3.18662275e-1      -24.2922212              X   4.84662940e4       -1.00000000e-3              -8.60774370         -1.00000000e-3              -16.6592722         -1.00000000e-3              -11.3481577         
171.0-2.7155284397408725 17.68367999068086    2.11603293              X  -9.45681122e-1      -23.2000000              X   4.80899950e3        12.3592795              X  -3.17879423e-1      -24.3931020              X   4.82702995e4       -1.00000000e-3              -8.64130814         -1.00000000e-3              -16.6840051         -1.00000000e-3              -11.3679441         
172.0-2.7039127081322274 17.681897458006038   2.11834484              X  -9.44557458e-1      -23.3000000              X   4.73667465e3        12.4603705              X  -3.17081914e-1      -24.4939941              X   4.80725833e4       -1.00000000e-3              -8.67487259         -1.00000000e-3              -16.7087324         -1.00000000e-3              -11.3877259         
173.0-2.6922232488012847 17.680091445983646   2.12064563              X  -9.43405088e-1      -23.4000000              X   4.66486788e3        12.5614849              X  -3.16269309e-1      -24.5948980              X   4.78730887e4       -1.00000000e-3              -8.70843705         -1.00000000e-3              -16.7334538         -1.00000000e-3              -11.4075030         
174.0-2.6804578782574073 17.678261155245032   2.12293543              X  -9.42223057e-1      -23.5000000              X   4.59357930e3        12.6626236              X  -3.15441154e-1      -24.6958141              X   4.76717569e4       -1.00000000e-3              -8.74200151         -1.00000000e-3              -16.7581691         -1.00000000e-3              -11.4272753         
175.0-2.668614311561859  17.67640575095272    2.12521437              X  -9.41010364e-1      -23.6000000              X   4.52280890e3        12.7637874              X  -3.14596979e-1      -24.7967427              X   4.74685268e4       -1.00000000e-3              -8.77556599         -1.00000000e-3              -16.7828782         -1.00000000e-3              -11.4470425         
176.0-2.6566901559668246 17.67452436073228    2.12748258              X  -9.39765967e-1      -23.7000000              X   4.45255648e3        12.8649772              X  -3.13736293e-1      -24.8976843              X   4.72633350e4       -1.00000000e-3              -8.80913048         -1.00000000e-3              -16.8075807         -1.00000000e-3              -11.4668046         
177.0-2.644682904022858  17.672616072449717   2.12974019              X  -9.38488773e-1      -23.8000000              X   4.38282170e3        12.9661939              X  -3.12858588e-1      -24.9986394              X   4.70561157e4       -1.00000000e-3              -8.84269498         -1.00000000e-3              -16.8322765         -1.00000000e-3              -11.4865612         
178.0-2.6325899261070154 17.670679931819734   2.13198733              X  -9.37177642e-1      -23.9000000              X   4.31360405e3        13.0674384              X  -3.11963334e-1      -25.0996084              X   4.68468004e4       -1.00000000e-3              -8.87625950         -1.00000000e-3              -16.8569654         -1.00000000e-3              -11.5063123         
179.0-2.6204084623467354 17.668714939829393   2.13422411              X  -9.35831379e-1      -24.0000000              X   4.24490288e3        13.1687118              X  -3.11049980e-1      -25.2005919              X   4.66353180e4       -1.00000000e-3              -8.90982403         -1.00000000e-3              -16.8816471         -1.00000000e-3              -11.5260576         
180.0-2.608135613863313  17.666720049959082   2.13645067              X  -9.34448733e-1      -24.1000000              X   4.17671732e3        13.2700150              X  -3.10117954e-1      -25.3015904              X   4.64215944e4       -1.00000000e-3              -8.94338857         -1.00000000e-3              -16.9063212         -1.00000000e-3              -11.5457970         
181.0-2.595768333244382  17.664694165181324   2.13866712              X  -9.33028393e-1      -24.2000000              X   4.10904639e3        13.3713493              X  -3.09166659e-1      -25.4026043              X   4.62055525e4       -1.00000000e-3              -8.97695312         -1.00000000e-3              -16.9309877         -1.00000000e-3              -11.5655301         
182.0-2.5833034141956306 17.662636134715246   2.14087359              X  -9.31568984e-1      -24.3000000              X   4.04188887e3        13.4727157              X  -3.08195472e-1      -25.5036344              X   4.59871121e4       -1.00000000e-3              -9.01051769         -1.00000000e-3              -16.9556461         -1.00000000e-3              -11.5852569         
183.0-2.5707374802675766 17.66054475051205    2.14307020              X  -9.30069063e-1      -24.4000000              X   3.97524342e3        13.5741154              X  -3.07203746e-1      -25.6046811              X   4.57661894e4       -1.00000000e-3              -9.04408227         -1.00000000e-3              -16.9802961         -1.00000000e-3              -11.6049769         
184.0-2.5580669725539713 17.658418743443917   2.14525706              X  -9.28527116e-1      -24.5000000              X   3.90910848e3        13.6755498              X  -3.06190803e-1      -25.7057452              X   4.55426971e4       -1.00000000e-3              -9.07764687         -1.00000000e-3              -17.0049376         -1.00000000e-3              -11.6246900         
185.0-2.5452881362639546 17.656256779165055   2.14743432              X  -9.26941547e-1      -24.6000000              X   3.84348229e3        13.7770201              X  -3.05155938e-1      -25.8068273              X   4.53165440e4       -1.00000000e-3              -9.11121148         -1.00000000e-3              -17.0295700         -1.00000000e-3              -11.6443960         
186.0-2.53239700601879   17.654057453610104   2.14960207              X  -9.25310682e-1      -24.7000000              X   3.77836293e3        13.8785278              X  -3.04098413e-1      -25.9079281              X   4.50876351e4       -1.00000000e-3              -9.14477611         -1.00000000e-3              -17.0541931         -1.00000000e-3              -11.6640944         
187.0-2.5193893897335147 17.651819288090124   2.15176045              X  -9.23632756e-1      -24.8000000              X   3.71374826e3        13.9800743              X  -3.03017455e-1      -26.0090483              X   4.48558707e4       -1.00000000e-3              -9.17834075         -1.00000000e-3              -17.0788064         -1.00000000e-3              -11.6837851         
188.0-2.506260850937329  17.649540723941826   2.15390956              X  -9.21905909e-1      -24.9000000              X   3.64963591e3        14.0816612              X  -3.01912258e-1      -26.1101887              X   4.46211467e4       -1.00000000e-3              -9.21190542         -1.00000000e-3              -17.1034097         -1.00000000e-3              -11.7034678         
189.0-2.493006689289322  17.64722011667894    2.15604955              X  -9.20128179e-1      -25.0000000              X   3.58602332e3        14.1832901              X  -3.00781977e-1      -26.2113502              X   4.43833541e4       -1.00000000e-3              -9.24547010         -1.00000000e-3              -17.1280025         -1.00000000e-3              -11.7231420         
190.0-2.479621919164149  17.644855729588386   2.15818051              X  -9.18297495e-1      -25.1000000              X   3.52290770e3        14.2849628              X  -2.99625725e-1      -26.3125336              X   4.41423787e4       -1.00000000e-3              -9.27903480         -1.00000000e-3              -17.1525843         -1.00000000e-3              -11.7428074         
191.0-2.466101245949439  17.6424457267056     2.16030258              X  -9.16411666e-1      -25.2000000              X   3.46028601e3        14.3866812              X  -2.98442574e-1      -26.4137399              X   4.38981006e4       -1.00000000e-3              -9.31259952         -1.00000000e-3              -17.1771547         -1.00000000e-3              -11.7624638         
192.0-2.4524390398563916 17.639988165093847   2.16241587              X  -9.14468376e-1      -25.3000000              X   3.39815496e3        14.4884470              X  -2.97231548e-1      -26.5149699              X   4.36503940e4       -1.00000000e-3              -9.34616426         -1.00000000e-3              -17.2017132         -1.00000000e-3              -11.7821106         
193.0-2.4386293068534983 17.637480986341746   2.16452050              X  -9.12465171e-1      -25.4000000              X   3.33651103e3        14.5902625              X  -2.95991622e-1      -26.6162248              X   4.33991266e4       -1.00000000e-3              -9.37972903         -1.00000000e-3              -17.2262594         -1.00000000e-3              -11.8017475         
194.0-2.4246656563919067 17.634922007180155   2.16661661              X  -9.10399448e-1      -25.5000000              X   3.27535039e3        14.6921298              X  -2.94721718e-1      -26.7175056              X   4.31441592e4       -1.00000000e-3              -9.41329381         -1.00000000e-3              -17.2507926         -1.00000000e-3              -11.8213740         
195.0-2.4105412654549365 17.63230890910462    2.16870430              X  -9.08268442e-1      -25.6000000              X   3.21466895e3        14.7940512              X  -2.93420699e-1      -26.8188135              X   4.28853454e4       -1.00000000e-3              -9.44685862         -1.00000000e-3              -17.2753122         -1.00000000e-3              -11.8409898         
196.0-2.3962488383771428 17.62963922687184    2.17078371              X  -9.06069216e-1      -25.7000000              X   3.15446230e3        14.8960292              X  -2.92087370e-1      -26.9201498              X   4.26225305e4       -1.00000000e-3              -9.48042346         -1.00000000e-3              -17.2998177         -1.00000000e-3              -11.8605942         
197.0-2.38178056191707   17.626910335717493   2.17285496              X  -9.03798641e-1      -25.8000000              X   3.09472572e3        14.9980663              X  -2.90720465e-1      -27.0215156              X   4.23555513e4       -1.00000000e-3              -9.51398832         -1.00000000e-3              -17.3243084         -1.00000000e-3              -11.8801867         
198.0-2.3671280548038065 17.62411943711764    2.17491818              X  -9.01453382e-1      -25.9000000              X   3.03545411e3        15.1001655              X  -2.89318651e-1      -27.1229126              X   4.20842353e4       -1.00000000e-3              -9.54755320         -1.00000000e-3              -17.3487836         -1.00000000e-3              -11.8997669         
199.0-2.3522823109535573 17.621263542886282   2.17697349              X  -8.99029878e-1      -26.0000000              X   2.97664205e3        15.2023297              X  -2.87880513e-1      -27.2243420              X   4.18083998e4       -1.00000000e-3              -9.58111812         -1.00000000e-3              -17.3732426         -1.00000000e-3              -11.9193341         
200.0-2.337233635380008  17.618339457365582   2.17902103              X  -8.96524321e-1      -26.1000000              X   2.91828369e3        15.3045620              X  -2.86404554e-1      -27.3258056              X   4.15278513e4       -1.00000000e-3              -9.61468306         -1.00000000e-3              -17.3976845         -1.00000000e-3              -11.9388876         
201.0-2.321971571622664  17.615343757422202   2.18106093              X  -8.93932631e-1      -26.2000000              X   2.86037276e3        15.4068660              X  -2.84889185e-1      -27.4273050              X   4.12423839e4       -1.00000000e-3              -9.64824803         -1.00000000e-3              -17.4221085         -1.00000000e-3              -11.9584268         
202.0-2.306484819302744  17.612272769910927   2.18309334              X  -8.91250432e-1      -26.3000000              X   2.80290254e3        15.5092452              X  -2.83332715e-1      -27.5288422              X   4.09517790e4       -1.00000000e-3              -9.68181304         -1.00000000e-3              -17.4465137         -1.00000000e-3              -11.9779510         
203.0-2.290761140162002  17.60912254620329    2.18511837              X  -8.88473017e-1      -26.4000000              X   2.74586578e3        15.6117037              X  -2.81733347e-1      -27.6304190              X   4.06558036e4       -1.00000000e-3              -9.71537808         -1.00000000e-3              -17.4708991         -1.00000000e-3              -11.9974593         
204.0-2.2747872505729947 17.6058888333013     2.18713619              X  -8.85595319e-1      -26.5000000              X   2.68925472e3        15.7142456              X  -2.80089160e-1      -27.7320376              X   4.03542088e4       -1.00000000e-3              -9.74894316         -1.00000000e-3              -17.4952636         -1.00000000e-3              -12.0169509         
205.0-2.258548698119166  17.60256704096066    2.18914694              X  -8.82611867e-1      -26.6000000              X   2.63306097e3        15.8168757              X  -2.78398104e-1      -27.8337002              X   4.00467286e4       -1.00000000e-3              -9.78250827         -1.00000000e-3              -17.5196061         -1.00000000e-3              -12.0364249         
206.0-2.242029719293782  17.599152204130316   2.19115078              X  -8.79516743e-1      -26.7000000              X   2.57727549e3        15.9195987              X  -2.76657983e-1      -27.9354095              X   3.97330778e4       -1.00000000e-3              -9.81607343         -1.00000000e-3              -17.5439253         -1.00000000e-3              -12.0558803         
207.0-2.2252130747605663 17.59563893986807    2.19314785              X  -8.76303530e-1      -26.8000000              X   2.52188853e3        16.0224202              X  -2.74866439e-1      -28.0371680              X   3.94129501e4       -1.00000000e-3              -9.84963862         -1.00000000e-3              -17.5682199         -1.00000000e-3              -12.0753160         
208.0-2.2080798577456044 17.592021397708205   2.19513834              X  -8.72965256e-1      -26.9000000              X   2.46688951e3        16.1253460              X  -2.73020936e-1      -28.1389788              X   3.90860156e4       -1.00000000e-3              -9.88320386         -1.00000000e-3              -17.5924885         -1.00000000e-3              -12.0947308         
209.0-2.190609270124723  17.588293202225323   2.19712241              X  -8.69494317e-1      -27.0000000              X   2.41226695e3        16.2283824              X  -2.71118739e-1      -28.2408449              X   3.87519183e4       -1.00000000e-3              -9.91676915         -1.00000000e-3              -17.6167294         -1.00000000e-3              -12.1141235         
210.0-2.172778359423898  17.58444738624472    2.19910024              X  -8.65882406e-1      -27.1000000              X   2.35800838e3        16.3315364              X  -2.69156890e-1      -28.3427700              X   3.84102726e4       -1.00000000e-3              -9.95033449         -1.00000000e-3              -17.6409409         -1.00000000e-3              -12.1334927         
211.0-2.154561708199903  17.58047631277186    2.20107202              X  -8.62120414e-1      -27.2000000              X   2.30410018e3        16.4348157              X  -2.67132182e-1      -28.4447577              X   3.80606601e4       -1.00000000e-3              -9.98389988         -1.00000000e-3              -17.6651211         -1.00000000e-3              -12.1528369         
212.0-2.1359310650330867 17.576371583228088   2.20303797              X  -8.58198321e-1      -27.3000000              X   2.25052743e3        16.5382287              X  -2.65041125e-1      -28.5468123              X   3.77026248e4       -1.00000000e-3              -10.0174653         -1.00000000e-3              -17.6892678         -1.00000000e-3              -12.1721543         
213.0-2.1168549034539152 17.572123928945555   2.20499829              X  -8.54105068e-1      -27.4000000              X   2.19727378e3        16.6417845              X  -2.62879908e-1      -28.6489385              X   3.73356685e4       -1.00000000e-3              -10.0510308         -1.00000000e-3              -17.7133789         -1.00000000e-3              -12.1914431         
214.0-2.0972978910762734 17.567723082041102   2.20695322              X  -8.49828399e-1      -27.5000000              X   2.14432117e3        16.7454936              X  -2.60644357e-1      -28.7511414              X   3.69592445e4       -1.00000000e-3              -10.0845964         -1.00000000e-3              -17.7374516         -1.00000000e-3              -12.2107013         
215.0-2.0772202461117235 17.563157620681682   2.20890300              X  -8.45354674e-1      -27.6000000              X   2.09164962e3        16.8493673              X  -2.58329878e-1      -28.8534267              X   3.65727506e4       -1.00000000e-3              -10.1181620         -1.00000000e-3              -17.7614832         -1.00000000e-3              -12.2299265         
216.0-2.0565769511449905 17.558414782265846   2.21084791              X  -8.40668651e-1      -27.7000000              X   2.03923688e3        16.9534184              X  -2.55931397e-1      -28.9558008              X   3.61755203e4       -1.00000000e-3              -10.1517278         -1.00000000e-3              -17.7854704         -1.00000000e-3              -12.2491163         
217.0-2.0353167843697553 17.553480236022114   2.21278825              X  -8.35753204e-1      -27.8000000              X   1.98705810e3        17.0576612              X  -2.53443278e-1      -29.0582709              X   3.57668126e4       -1.00000000e-3              -10.1852935         -1.00000000e-3              -17.8094097         -1.00000000e-3              -12.2682678         
218.0-2.0133811147453673 17.548337803735215   2.21472434              X  -8.30588992e-1      -27.9000000              X   1.93508531e3        17.1621119              X  -2.50859231e-1      -29.1608451              X   3.53457993e4       -1.00000000e-3              -10.2188594         -1.00000000e-3              -17.8332970         -1.00000000e-3              -12.2873776         
219.0-1.990702388376622  17.542969113413367   2.21665653              X  -8.25154039e-1      -28.0000000              X   1.88328687e3        17.2667888              X  -2.48172194e-1      -29.2635325              X   3.49115489e4       -1.00000000e-3              -10.2524254         -1.00000000e-3              -17.8571278         -1.00000000e-3              -12.3064422         
220.0-1.96720220571071   17.53735316517156    2.21858524              X  -8.19423212e-1      -28.1000000              X   1.83162671e3        17.3717131              X  -2.45374187e-1      -29.3663437              X   3.44630070e4       -1.00000000e-3              -10.2859915         -1.00000000e-3              -17.8808967         -1.00000000e-3              -12.3254574         
221.0-1.9427888489612612 17.531465780607782   2.22051092              X  -8.13367555e-1      -28.2000000              X   1.78006343e3        17.4769088              X  -2.42456125e-1      -29.4692909              X   3.39989719e4       -1.00000000e-3              -10.3195576         -1.00000000e-3              -17.9045978         -1.00000000e-3              -12.3444182         
222.0-1.9173540592009404 17.52527889517211    2.22243408              X  -8.06953431e-1      -28.3000000              X   1.72854904e3        17.5824040              X  -2.39407586e-1      -29.5723879              X   3.35180619e4       -1.00000000e-3              -10.3531239         -1.00000000e-3              -17.9282240         -1.00000000e-3              -12.3633192         
223.0-1.8907687716470325 17.518759635319352   2.22435533              X  -8.00141407e-1      -28.4000000              X   1.67702746e3        17.6882317              X  -2.36216502e-1      -29.6756514              X   3.30186748e4       -1.00000000e-3              -10.3866904         -1.00000000e-3              -17.9517671         -1.00000000e-3              -12.3821537         
224.0-1.8628773763345554 17.51186909497445    2.22627536              X  -7.92884772e-1      -28.5000000              X   1.62543235e3        17.7944307              X  -2.32868755e-1      -29.7791008              X   3.24989327e4       -1.00000000e-3              -10.4202570         -1.00000000e-3              -17.9752173         -1.00000000e-3              -12.4009139         
225.0-1.8334898456893642 17.50456068274621    2.22819498              X  -7.85127523e-1      -28.6000000              X   1.57368432e3        17.9010477              X  -2.29347633e-1      -29.8827594              X   3.19566088e4       -1.00000000e-3              -10.4538237         -1.00000000e-3              -17.9985631         -1.00000000e-3              -12.4195905         
226.0-1.8023706998618187 17.4967778411392     2.23011520              X  -7.76801596e-1      -28.7000000              X   1.52168702e3        18.0081392              X  -2.25633085e-1      -29.9866556              X   3.13890264e4       -1.00000000e-3              -10.4873907         -1.00000000e-3              -18.0217902         -1.00000000e-3              -12.4381722         
227.0-1.7692231504009355 17.488450820726236   2.23203721              X  -7.67822929e-1      -28.8000000              X   1.46932153e3        18.1157749              X  -2.21700668e-1      -30.0908242              X   3.07929165e4       -1.00000000e-3              -10.5209578         -1.00000000e-3              -18.0448813         -1.00000000e-3              -12.4566450         
228.0-1.7336656494570024 17.479491984871274   2.23396253              X  -7.58085725e-1      -28.9000000              X   1.41643830e3        18.2240427              X  -2.17520029e-1      -30.1953091              X   3.01642123e4       -1.00000000e-3              -10.5545252         -1.00000000e-3              -18.0678143         -1.00000000e-3              -12.4749915         
229.0-1.6951960145834652 17.469788739921484   2.23589307              X  -7.47453787e-1      -29.0000000              X   1.36284491e3        18.3330550              X  -2.13052630e-1      -30.3001668              X   2.94977401e4       -1.00000000e-3              -10.5880929         -1.00000000e-3              -18.0905612         -1.00000000e-3              -12.4931890         
230.0-1.6531342924930308 17.459192447866258   2.23783135              X  -7.35746891e-1      -29.1000000              X   1.30828693e3        18.4429607              X  -2.08248190e-1      -30.4054717              X   2.87867378e4       -1.00000000e-3              -10.6216609         -1.00000000e-3              -18.1130848         -1.00000000e-3              -12.5112079         
231.0-1.6065272140076496 17.44750015104501    2.23978081              X  -7.22718227e-1      -29.2000000              X   1.25241625e3        18.5539627              X  -2.03038884e-1      -30.5113253              X   2.80220663e4       -1.00000000e-3              -10.6552293         -1.00000000e-3              -18.1353343         -1.00000000e-3              -12.5290075         
232.0-1.5539784764821383 17.43442251126321    2.24174634              X  -7.08014656e-1      -29.3000000              X   1.19473570e3        18.6663506              X  -1.97329206e-1      -30.6178726              X   2.71908332e4       -1.00000000e-3              -10.6887982         -1.00000000e-3              -18.1572374         -1.00000000e-3              -12.5465299         
233.0-1.4933231902245974 17.419522849961773   2.24373529              X  -6.91100676e-1      -29.4000000              X   1.13449383e3        18.7805611              X  -1.90976881e-1      -30.7253323              X   2.62737979e4       -1.00000000e-3              -10.7223678         -1.00000000e-3              -18.1786847         -1.00000000e-3              -12.5636878         
234.0-1.4209366917603006 17.40208798770558    2.24575970              X  -6.71096084e-1      -29.5000000              X   1.07046279e3        18.8973080              X  -1.83752793e-1      -30.8340615              X   2.52399211e4       -1.00000000e-3              -10.7559383         -1.00000000e-3              -18.1994980         -1.00000000e-3              -12.5803384         
235.0-1.3300445401363266 17.380808899374045   2.24784165              X  -6.46370156e-1      -29.6000000              X   1.00039291e3        19.0179009              X  -1.75243162e-1      -30.9447157              X   2.40330508e4       -1.00000000e-3              -10.7895102         -1.00000000e-3              -18.2193498         -1.00000000e-3              -12.5962198         
236.0-1.205609401827934  17.352775539530388   2.25003031              X  -6.13242058e-1      -29.7000000              X   9.19317715e2        19.1452515              X  -1.64547181e-1      -31.0587522              X   2.25307446e4       -1.00000000e-3              -10.8230843         -1.00000000e-3              -18.2375121         -1.00000000e-3              -12.6107497         
237.0-1.0018529160778646 17.30851189113352    2.25248615              X  -5.59336298e-1      -29.8000000              X   8.11427238e2        19.2888419              X  -1.48833279e-1      -31.1809167              X   2.03475394e4       -1.00000000e-3              -10.8566638         -1.00000000e-3              -18.2516145         -1.00000000e-3              -12.6220316         
238.0-0.3567657436045028617.116192258823578   2.25744686              X  -2.70129928e-1      -29.9000000              X   4.95522724e2        19.5806058              X  -9.57053372e-2      -31.3772395              X   1.30674928e4       -1.00000000e-3              -10.8902911         -1.00000000e-3              -18.2286736         -1.00000000e-3              -12.6036788         
239.0-1.2893026512734718 17.094752867145612   2.25613499              X  -2.44039596e-1      -29.8000000              X   4.76980210e2        19.5027681              X  -9.09439469e-2      -31.2879797              X   1.24380666e4       -1.00000000e-3              -10.8567304         -1.00000000e-3              -18.1981330         -1.00000000e-3              -12.5792464         
240.0-1.3149055443377184 17.07459347169629    2.25479784              X  -2.19489973e-1      -29.7000000              X   4.60559682e2        19.4236514              X  -8.66743385e-2      -31.1980791              X   1.18739026e4       -1.00000000e-3              -10.8231690         -1.00000000e-3              -18.1679121         -1.00000000e-3              -12.5550697         
241.0-1.3364732086953908 17.05545528764201    2.25343958              X  -1.96167902e-1      -29.6000000              X   4.45802946e2        19.3435144              X  -8.27994593e-2      -31.1076674              X   1.13620134e4       -1.00000000e-3              -10.7896068         -1.00000000e-3              -18.1379464         -1.00000000e-3              -12.5310971         
242.0-1.3550762684201183 17.03715810396939    2.25206309              X  -1.73856176e-1      -29.5000000              X   4.32392600e2        19.2625375              X  -7.92509398e-2      -31.0168347              X   1.08932662e4       -1.00000000e-3              -10.7560440         -1.00000000e-3              -18.1081906         -1.00000000e-3              -12.5072925         
243.0-1.3714123506874805 17.01957029926519    2.25067046              X  -1.52396702e-1      -29.4000000              X   4.20098139e2        19.1808523              X  -7.59783098e-2      -30.9256470              X   1.04609304e4       -1.00000000e-3              -10.7224806         -1.00000000e-3              -18.0786119         -1.00000000e-3              -12.4836295         
244.0-1.3859613389707957 17.00259218704387    2.24926327              X  -1.31670117e-1      -29.3000000              X   4.08746026e2        19.0985585              X  -7.29429626e-2      -30.8341542              X   1.00598661e4       -1.00000000e-3              -10.6889166         -1.00000000e-3              -18.0491854         -1.00000000e-3              -12.4600883         
245.0-1.3990673429957328 16.986146075581193   2.24784272              X  -1.11583662e-1      -29.2000000              X   3.98201846e2        19.0157339              X  -7.01145268e-2      -30.7423951              X   9.68603622e3       -1.00000000e-3              -10.6553521         -1.00000000e-3              -18.0198915         -1.00000000e-3              -12.4366532         
246.0-1.4109853836247859 16.97016999560042    2.24640977              X  -9.20635491e-2      -29.1000000              X   3.88359061e2        18.9324405              X  -6.74685622e-2      -30.6504008              X   9.33619704e3       -1.00000000e-3              -10.6217871         -1.00000000e-3              -17.9907149         -1.00000000e-3              -12.4133119         
247.0-1.4219095974062566 16.95461356227351    2.24496518              X  -7.30499391e-2      -29.0000000              X   3.79131601e2        18.8487286              X  -6.49850312e-2      -30.5581966              X   9.00769300e3       -1.00000000e-3              -10.5882215         -1.00000000e-3              -17.9616428         -1.00000000e-3              -12.3900543         
248.0-1.4319911029143007 16.939435143919876   2.24350958              X  -5.44935152e-2      -28.9000000              X   3.70448805e2        18.7646400              X  -6.26472454e-2      -30.4658032              X   8.69831555e3       -1.00000000e-3              -10.5546555         -1.00000000e-3              -17.9326650         -1.00000000e-3              -12.3668720         
249.0-1.441349767863421  16.924599864884343   2.24204348              X  -3.63530673e-2      -28.8000000              X   3.62251866e2        18.6802094              X  -6.04411196e-2      -30.3732382              X   8.40620312e3       -1.00000000e-3              -10.5210890         -1.00000000e-3              -17.9037726         -1.00000000e-3              -12.3437581         
250.0-1.4500822162761224 16.910078159958832   2.24056730              X  -1.85937480e-2      -28.7000000              X   3.54491251e2        18.5954666              X  -5.83546279e-2      -30.2805163              X   8.12976843e3       -1.00000000e-3              -10.4875220         -1.00000000e-3              -17.8749583         -1.00000000e-3              -12.3207067         
251.0-1.4582674305849244 16.895844704533996   2.23908142              X  -1.18578315e-3      -28.6000000              X   3.47124810e2        18.5104369              X  -5.63774001e-2      -30.1876502              X   7.86764436e3       -1.00000000e-3              -10.4539545         -1.00000000e-3              -17.8462158         -1.00000000e-3              -12.2977126         
252.0-1.465970765990844  16.881877607390244   2.23758613              X   1.58964985e-2      -28.5000000              X   3.40116344e2        18.4251421              X  -5.45004147e-2      -30.0946509              X   7.61864301e3       -1.00000000e-3              -10.4203866         -1.00000000e-3              -17.8175395         -1.00000000e-3              -12.2747716         
253.0-1.4732468877239837 16.86815779124788    2.23608169              X   3.26754100e-2      -28.4000000              X   3.33434513e2        18.3396014              X  -5.27157625e-2      -30.0015279              X   7.38172409e3       -1.00000000e-3              -10.3868181         -1.00000000e-3              -17.7889246         -1.00000000e-3              -12.2518797         
254.0-1.4801419599606926 16.854668510223384   2.23456832              X   4.91704854e-2      -28.3000000              X   3.27051983e2        18.2538316              X  -5.10164616e-2      -29.9082897              X   7.15597027e3       -1.00000000e-3              -10.3532492         -1.00000000e-3              -17.7603671         -1.00000000e-3              -12.2290337         
255.0-1.4866953038203607 16.84139496887748    2.23304622              X   6.53989359e-2      -28.2000000              X   3.20944761e2        18.1678474              X  -4.93963106e-2      -29.8149435              X   6.94056757e3       -1.00000000e-3              -10.3196799         -1.00000000e-3              -17.7318631         -1.00000000e-3              -12.2062305         
256.0-1.4929406715750022 16.828324017839584   2.23151553              X   8.13760149e-2      -28.1000000              X   3.15091663e2        18.0816621              X  -4.78497704e-2      -29.7214961              X   6.73478966e3       -1.00000000e-3              -10.2861100         -1.00000000e-3              -17.7034095         -1.00000000e-3              -12.1834676         
257.0-1.4989072387664042 16.81544390797076    2.22997641              X   9.71153114e-2      -28.0000000              X   3.09473881e2        17.9952873              X  -4.63718688e-2      -29.6279532              X   6.53798511e3       -1.00000000e-3              -10.2525397         -1.00000000e-3              -17.6750032         -1.00000000e-3              -12.1607425         
258.0-1.50462038585648   16.802744089849412   2.22842897              X   1.12628990e-1      -27.9000000              X   3.04074634e2        17.9087338              X  -4.49581220e-2      -29.5343202              X   6.34956699e3       -1.00000000e-3              -10.2189689         -1.00000000e-3              -17.6466416         -1.00000000e-3              -12.1380532         
259.0-1.5101023206742628 16.7902150487551     2.22687332              X   1.27927989e-1      -27.8000000              X   2.98878887e2        17.8220109              X  -4.36044699e-2      -29.4406018              X   6.16900425e3       -1.00000000e-3              -10.1853976         -1.00000000e-3              -17.6183223         -1.00000000e-3              -12.1153978         
260.0-1.5153725789682015 16.777848167750932   2.22530954              X   1.43022180e-1      -27.7000000              X   2.93873109e2        17.7351274              X  -4.23072217e-2      -29.3468024              X   5.99581451e3       -1.00000000e-3              -10.1518258         -1.00000000e-3              -17.5900431         -1.00000000e-3              -12.0927745         
261.0-1.5204484305331454 16.7656356132223     2.22373771              X   1.57920509e-1      -27.6000000              X   2.89045078e2        17.6480911              X  -4.10630110e-2      -29.2529258              X   5.82955810e3       -1.00000000e-3              -10.1182535         -1.00000000e-3              -17.5618022         -1.00000000e-3              -12.0701818         
262.0-1.5253452114711488 16.753570238524333   2.22215789              X   1.72631110e-1      -27.5000000              X   2.84383712e2        17.5609092              X  -3.98687570e-2      -29.1589757              X   5.66983291e3       -1.00000000e-3              -10.0846807         -1.00000000e-3              -17.5335977         -1.00000000e-3              -12.0476182         
263.0-1.5300765980775677 16.741645502351204   2.22057014              X   1.87161398e-1      -27.4000000              X   2.79878934e2        17.4735883              X  -3.87216322e-2      -29.0649553              X   5.51627013e3       -1.00000000e-3              -10.0511074         -1.00000000e-3              -17.5054279         -1.00000000e-3              -12.0250823         
264.0-1.5346548342016602 16.72985539916578    2.21897450              X   2.01518158e-1      -27.3000000              X   2.75521550e2        17.3861343              X  -3.76190343e-2      -28.9708676              X   5.36853047e3       -1.00000000e-3              -10.0175336         -1.00000000e-3              -17.4772914         -1.00000000e-3              -12.0025731         
265.0-1.5390909212315058 16.718194399578977   2.21737100              X   2.15707612e-1      -27.2000000              X   2.71303150e2        17.2985528              X  -3.65585617e-2      -28.8767154              X   5.22630106e3       -1.00000000e-3              -9.98395931         -1.00000000e-3              -17.4491868         -1.00000000e-3              -11.9800894         
266.0-1.543394777810606  16.706657398991887   2.21575969              X   2.29735479e-1      -27.1000000              X   2.67216014e2        17.2108490              X  -3.55379936e-2      -28.7825012              X   5.08929264e3       -1.00000000e-3              -9.95038448         -1.00000000e-3              -17.4211127         -1.00000000e-3              -11.9576302         
267.0-1.5475753748613317 16.695239673141277   2.21414058              X   2.43607033e-1      -27.0000000              X   2.63253048e2        17.1230276              X  -3.45552710e-2      -28.6882275              X   4.95723718e3       -1.00000000e-3              -9.91680912         -1.00000000e-3              -17.3930681         -1.00000000e-3              -11.9351945         
268.0-1.5516408503633357 16.683936839446975   2.21251369              X   2.57327142e-1      -26.9000000              X   2.59407707e2        17.0350930              X  -3.36084816e-2      -28.5938964              X   4.82988584e3       -1.00000000e-3              -9.88323323         -1.00000000e-3              -17.3650517         -1.00000000e-3              -11.9127814         
269.0-1.5555986073825299 16.67274482326032    2.21087903              X   2.70900313e-1      -26.8000000              X   2.55673946e2        16.9470494              X  -3.26958452e-2      -28.4995099              X   4.70700706e3       -1.00000000e-3              -9.84965680         -1.00000000e-3              -17.3370627         -1.00000000e-3              -11.8903901         
270.0-1.5594553982106205 16.661659828275063   2.20923660              X   2.84330727e-1      -26.7000000              X   2.52046168e2        16.8589004              X  -3.18157021e-2      -28.4050699              X   4.58838505e3       -1.00000000e-3              -9.81607982         -1.00000000e-3              -17.3090999         -1.00000000e-3              -11.8680199         
271.0-1.5632173968830667 16.650678310489173   2.20758642              X   2.97622265e-1      -26.6000000              X   2.48519181e2        16.7706498              X  -3.09665023e-2      -28.3105783              X   4.47381827e3       -1.00000000e-3              -9.78250228         -1.00000000e-3              -17.2811626         -1.00000000e-3              -11.8456700         
272.0-1.566890261954467  16.639796955210155   2.20592848              X   3.10778541e-1      -26.5000000              X   2.45088157e2        16.6823008              X  -3.01467955e-2      -28.2160367              X   4.36311826e3       -1.00000000e-3              -9.74892419         -1.00000000e-3              -17.2532498         -1.00000000e-3              -11.8233398         
273.0-1.5704791910441729 16.629012656679656   2.20426277              X   3.23802922e-1      -26.4000000              X   2.41748603e2        16.5938566              X  -2.93552229e-2      -28.1214466              X   4.25610845e3       -1.00000000e-3              -9.71534553         -1.00000000e-3              -17.2253609         -1.00000000e-3              -11.8010287         
274.0-1.573988968412693  16.618322499961664   2.20258929              X   3.36698552e-1      -26.3000000              X   2.38496326e2        16.5053200              X  -2.85905094e-2      -28.0268095              X   4.15262324e3       -1.00000000e-3              -9.68176629         -1.00000000e-3              -17.1974950         -1.00000000e-3              -11.7787360         
275.0-1.5774240065978837 16.607723744793894   2.20090802              X   3.49468371e-1      -26.2000000              X   2.35327409e2        16.4166940              X  -2.78514573e-2      -27.9321267              X   4.05250702e3       -1.00000000e-3              -9.64818646         -1.00000000e-3              -17.1696515         -1.00000000e-3              -11.7564612         
276.0-1.5807883829865221 16.597213811148432   2.19921894              X   3.62115128e-1      -26.1000000              X   2.32238189e2        16.3279811              X  -2.71369395e-2      -27.8373996              X   3.95561343e3       -1.00000000e-3              -9.61460605         -1.00000000e-3              -17.1418297         -1.00000000e-3              -11.7342038         
277.0-1.5840858720274082 16.586790266285494   2.19752204              X   3.74641403e-1      -26.0000000              X   2.29225232e2        16.2391837              X  -2.64458945e-2      -27.7426294              X   3.86180463e3       -1.00000000e-3              -9.58102503         -1.00000000e-3              -17.1140291         -1.00000000e-3              -11.7119633         
278.0-1.5873199736948453 16.57645081311549    2.19581731              X   3.87049614e-1      -25.9000000              X   2.26285315e2        16.1503042              X  -2.57773212e-2      -27.6478172              X   3.77095063e3       -1.00000000e-3              -9.54744341         -1.00000000e-3              -17.0862490         -1.00000000e-3              -11.6897392         
279.0-1.5904939387133554 16.56619327971137    2.19410470              X   3.99342034e-1      -25.8000000              X   2.23415411e2        16.0613447              X  -2.51302745e-2      -27.5529641              X   3.68292872e3       -1.00000000e-3              -9.51386117         -1.00000000e-3              -17.0584888         -1.00000000e-3              -11.6675311         
280.0-1.5936107909733335 16.55601560983527    2.19238420              X   4.11520801e-1      -25.7000000              X   2.20612670e2        15.9723074              X  -2.45038614e-2      -27.4580712              X   3.59762295e3       -1.00000000e-3              -9.48027830         -1.00000000e-3              -17.0307481         -1.00000000e-3              -11.6453385         
281.0-1.596673347494968  16.545915854361755   2.19065579              X   4.23587926e-1      -25.6000000              X   2.17874411e2        15.8831942              X  -2.38972369e-2      -27.3631393              X   3.51492360e3       -1.00000000e-3              -9.44669480         -1.00000000e-3              -17.0030264         -1.00000000e-3              -11.6231612         
282.0-1.5996842362651027 16.5358921634962     2.18891942              X   4.35545305e-1      -25.5000000              X   2.15198102e2        15.7940071              X  -2.33096010e-2      -27.2681695              X   3.43472681e3       -1.00000000e-3              -9.41311066         -1.00000000e-3              -16.9753232         -1.00000000e-3              -11.6009986         
283.0-1.6026459122033951 16.525942779699882   2.18717506              X   4.47394727e-1      -25.4000000              X   2.12581353e2        15.7047477              X  -2.27401955e-2      -27.1731627              X   3.35693411e3       -1.00000000e-3              -9.37952586         -1.00000000e-3              -16.9476381         -1.00000000e-3              -11.5788505         
284.0-1.6055606714832902 16.51606603124468    2.18542269              X   4.59137878e-1      -25.3000000              X   2.10021908e2        15.6154179              X  -2.21883010e-2      -27.0781196              X   3.28145210e3       -1.00000000e-3              -9.34594041         -1.00000000e-3              -16.9199705         -1.00000000e-3              -11.5567164         
285.0-1.6084306644190227 16.50626032633037    2.18366226              X   4.70776352e-1      -25.2000000              X   2.07517629e2        15.5260192              X  -2.16532348e-2      -26.9830410              X   3.20819210e3       -1.00000000e-3              -9.31235428         -1.00000000e-3              -16.8923202         -1.00000000e-3              -11.5345962         
286.0-1.611257907070032  16.496524147705333   2.18189374              X   4.82311657e-1      -25.1000000              X   2.05066492e2        15.4365531              X  -2.11343481e-2      -26.8879278              X   3.13706984e3       -1.00000000e-3              -9.27876748         -1.00000000e-3              -16.8646867         -1.00000000e-3              -11.5124894         
287.0-1.6140442917292108 16.48685604773919    2.18011708              X   4.93745219e-1      -25.0000000              X   2.02666580e2        15.3470212              X  -2.06310240e-2      -26.7927806              X   3.06800518e3       -1.00000000e-3              -9.24517998         -1.00000000e-3              -16.8370697         -1.00000000e-3              -11.4903958         
288.0-1.6167915963941457 16.47725464390136    2.17833225              X   5.05078387e-1      -24.9000000              X   2.00316071e2        15.2574248              X  -2.01426756e-2      -26.6976001              X   3.00092185e3       -1.00000000e-3              -9.21159179         -1.00000000e-3              -16.8094688         -1.00000000e-3              -11.4683150         
289.0-1.6195014933732805 16.467718614605698   2.17653919              X   5.16312439e-1      -24.8000000              X   1.98013237e2        15.1677653              X  -1.96687438e-2      -26.6023870              X   2.93574721e3       -1.00000000e-3              -9.17800289         -1.00000000e-3              -16.7818837         -1.00000000e-3              -11.4462469         
290.0-1.6221755570816587 16.45824669538535    2.17473787              X   5.27448587e-1      -24.7000000              X   1.95756434e2        15.0780440              X  -1.92086961e-2      -26.5071419              X   2.87241204e3       -1.00000000e-3              -9.14441328         -1.00000000e-3              -16.7543140         -1.00000000e-3              -11.4241912         
291.0-1.6248152711424932 16.448837675366295   2.17292824              X   5.38487981e-1      -24.6000000              X   1.93544098e2        14.9882622              X  -1.87620248e-2      -26.4118655              X   2.81085032e3       -1.00000000e-3              -9.11082293         -1.00000000e-3              -16.7267594         -1.00000000e-3              -11.4021476         
292.0-1.6274220348490973 16.439490394011354   2.17111024              X   5.49431710e-1      -24.5000000              X   1.91374742e2        14.8984210              X  -1.83282452e-2      -26.3165583              X   2.75099905e3       -1.00000000e-3              -9.07723185         -1.00000000e-3              -16.6992197         -1.00000000e-3              -11.3801158         
293.0-1.6299971690656796 16.43020373810974    2.16928383              X   5.60280810e-1      -24.4000000              X   1.89246946e2        14.8085216              X  -1.79068951e-2      -26.2212208              X   2.69279805e3       -1.00000000e-3              -9.04364002         -1.00000000e-3              -16.6716946         -1.00000000e-3              -11.3580957         
294.0-1.632541921620127  16.420976638990076   2.16744896              X   5.71036262e-1      -24.3000000              X   1.87159358e2        14.7185651              X  -1.74975326e-2      -26.1258537              X   2.63618987e3       -1.00000000e-3              -9.01004743         -1.00000000e-3              -16.6441837         -1.00000000e-3              -11.3360870         
295.0-1.635057472236108  16.411808069936274   2.16560557              X   5.81699002e-1      -24.2000000              X   1.85110687e2        14.6285525              X  -1.70997355e-2      -26.0304574              X   2.58111954e3       -1.00000000e-3              -8.97645407         -1.00000000e-3              -16.6166869         -1.00000000e-3              -11.3140895         
296.0-1.637544937053715  16.402697043788905   2.16375360              X   5.92269917e-1      -24.1000000              X   1.83099700e2        14.5384849              X  -1.67131001e-2      -25.9350324              X   2.52753451e3       -1.00000000e-3              -8.94285993         -1.00000000e-3              -16.5892038         -1.00000000e-3              -11.2921030         
297.0-1.6400053727803015 16.393642610715812   2.16189301              X   6.02749850e-1      -24.0000000              X   1.81125220e2        14.4483632              X  -1.63372402e-2      -25.8395791              X   2.47538447e3       -1.00000000e-3              -8.90926500         -1.00000000e-3              -16.5617342         -1.00000000e-3              -11.2701274         
298.0-1.6424397805031303 16.38464385613762    2.16002374              X   6.13139603e-1      -23.9000000              X   1.79186119e2        14.3581884              X  -1.59717862e-2      -25.7440981              X   2.42462125e3       -1.00000000e-3              -8.87566927         -1.00000000e-3              -16.5342779         -1.00000000e-3              -11.2481623         
299.0-1.64484910919641   16.37569989879473    2.15814571              X   6.23439941e-1      -23.8000000              X   1.77281320e2        14.2679615              X  -1.56163839e-2      -25.6485898              X   2.37519873e3       -1.00000000e-3              -8.84207273         -1.00000000e-3              -16.5068346         -1.00000000e-3              -11.2262077         

1.0  -1.6472342589539495 16.36680988894465    2.15625889              X   6.33651590e-1      -23.7000000              X   1.75409792e2        14.1776832              X  -1.52706941e-2      -25.5530546              X   2.32707266e3       -1.00000000e-3              -8.80847537         -1.00000000e-3              -16.4794042         -1.00000000e-3              -11.2042634         
2.0  -1.6495960839671804 16.35797300667851    2.15436319              X   6.43775241e-1      -23.6000000              X   1.73570544e2        14.0873544              X  -1.49343917e-2      -25.4574930              X   2.28020063e3       -1.00000000e-3              -8.77487718         -1.00000000e-3              -16.4519864         -1.00000000e-3              -11.1823291         
3.0  -1.6519353952806066 16.349188460347577   2.15245857              X   6.53811552e-1      -23.5000000              X   1.71762630e2        13.9969760              X  -1.46071650e-2      -25.3619052              X   2.23454197e3       -1.00000000e-3              -8.74127814         -1.00000000e-3              -16.4245810         -1.00000000e-3              -11.1604048         
4.0  -1.654252963327038  16.340455485090544   2.15054495              X   6.63761150e-1      -23.4000000              X   1.69985141e2        13.9065488              X  -1.42887146e-2      -25.2662917              X   2.19005763e3       -1.00000000e-3              -8.70767824         -1.00000000e-3              -16.3971878         -1.00000000e-3              -11.1384902         
5.0  -1.656549520290854  16.33177334145442    2.14862227              X   6.73624631e-1      -23.3000000              X   1.68237204e2        13.8160735              X  -1.39787537e-2      -25.1706530              X   2.14671010e3       -1.00000000e-3              -8.67407747         -1.00000000e-3              -16.3698066         -1.00000000e-3              -11.1165853         
6.0  -1.6588257622765339 16.32314131410093    2.14669046              X   6.83402564e-1      -23.2000000              X   1.66517981e2        13.7255509              X  -1.36770065e-2      -25.0749892              X   2.10446338e3       -1.00000000e-3              -8.64047583         -1.00000000e-3              -16.3424373         -1.00000000e-3              -11.0946898         
7.0  -1.6610823513372863 16.31455871059272    2.14474946              X   6.93095489e-1      -23.1000000              X   1.64826668e2        13.6349817              X  -1.33832083e-2      -24.9793008              X   2.06328286e3       -1.00000000e-3              -8.60687330         -1.00000000e-3              -16.3150796         -1.00000000e-3              -11.0728037         
8.0  -1.6633199173430018 16.306024860252897   2.14279918              X   7.02703922e-1      -23.0000000              X   1.63162491e2        13.5443666              X  -1.30971046e-2      -24.8835881              X   2.02313527e3       -1.00000000e-3              -8.57326986         -1.00000000e-3              -16.2877333         -1.00000000e-3              -11.0509267         
9.0  -1.6655390597232738 16.297539113092434   2.14083957              X   7.12228352e-1      -22.9000000              X   1.61524707e2        13.4537064              X  -1.28184509e-2      -24.7878515              X   1.98398862e3       -1.00000000e-3              -8.53966551         -1.00000000e-3              -16.2603984         -1.00000000e-3              -11.0290587         
10.0 -1.667740349085155  16.2891008388007     2.13887055              X   7.21669248e-1      -22.8000000              X   1.59912599e2        13.3630016              X  -1.25470122e-2      -24.6920912              X   1.94581212e3       -1.00000000e-3              -8.50606023         -1.00000000e-3              -16.2330746         -1.00000000e-3              -11.0071997         
11.0 -1.6699243287169716 16.28070942579455    2.13689205              X   7.31027054e-1      -22.7000000              X   1.58325479e2        13.2722530              X  -1.22825621e-2      -24.5963075              X   1.90857615e3       -1.00000000e-3              -8.47245401         -1.00000000e-3              -16.2057618         -1.00000000e-3              -10.9853494         
12.0 -1.6720915159883178 16.27236428032157    2.13490398              X   7.40302193e-1      -22.6000000              X   1.56762683e2        13.1814611              X  -1.20248831e-2      -24.5005008              X   1.87225219e3       -1.00000000e-3              -8.43884685         -1.00000000e-3              -16.1784597         -1.00000000e-3              -10.9635078         
13.0 -1.6742424036589407 16.264064825613833   2.13290628              X   7.49495068e-1      -22.5000000              X   1.55223572e2        13.0906265              X  -1.17737657e-2      -24.4046713              X   1.83681279e3       -1.00000000e-3              -8.40523872         -1.00000000e-3              -16.1511684         -1.00000000e-3              -10.9416747         
14.0 -1.676377461088402  16.25581050108855    2.13089886              X   7.58606062e-1      -22.4000000              X   1.53707529e2        12.9997500              X  -1.15290082e-2      -24.3088194              X   1.80223148e3       -1.00000000e-3              -8.37162961         -1.00000000e-3              -16.1238875         -1.00000000e-3              -10.9198500         
15.0 -1.678497135374841  16.24760076159237    2.12888164              X   7.67635541e-1      -22.3000000              X   1.52213961e2        12.9088320              X  -1.12904163e-2      -24.2129453              X   1.76848277e3       -1.00000000e-3              -8.33801951         -1.00000000e-3              -16.0966170         -1.00000000e-3              -10.8980336         
16.0 -1.680601852414316  16.239435076686537   2.12685455              X   7.76583850e-1      -22.2000000              X   1.50742294e2        12.8178731              X  -1.10578029e-2      -24.1170492              X   1.73554208e3       -1.00000000e-3              -8.30440842         -1.00000000e-3              -16.0693567         -1.00000000e-3              -10.8762254         
17.0 -1.682692017885717  16.231312929969864   2.12481749              X   7.85451320e-1      -22.1000000              X   1.49291975e2        12.7268739              X  -1.08309877e-2      -24.0211314              X   1.70338573e3       -1.00000000e-3              -8.27079631         -1.00000000e-3              -16.0421065         -1.00000000e-3              -10.8544252         
18.0 -1.6847680181758375 16.223233818437137   2.12277040              X   7.94238263e-1      -22.0000000              X   1.47862470e2        12.6358349              X  -1.06097968e-2      -23.9251922              X   1.67199084e3       -1.00000000e-3              -8.23718317         -1.00000000e-3              -16.0148663         -1.00000000e-3              -10.8326330         
19.0 -1.6868302212447344 16.21519725187071    2.12071317              X   8.02944977e-1      -21.9000000              X   1.46453262e2        12.5447566              X  -1.03940625e-2      -23.8292318              X   1.64133537e3       -1.00000000e-3              -8.20356900         -1.00000000e-3              -15.9876358         -1.00000000e-3              -10.8108487         
20.0 -1.6888789774338306 16.20720275226301    2.11864572              X   8.11571743e-1      -21.8000000              X   1.45063854e2        12.4536396              X  -1.01836231e-2      -23.7332505              X   1.61139804e3       -1.00000000e-3              -8.16995377         -1.00000000e-3              -15.9604151         -1.00000000e-3              -10.7890721         
21.0 -1.6909146202147998 16.199249853267858   2.11656798              X   8.20118831e-1      -21.7000000              X   1.43693762e2        12.3624844              X  -9.97832274e-3      -23.6372484              X   1.58215830e3       -1.00000000e-3              -8.13633747         -1.00000000e-3              -15.9332039         -1.00000000e-3              -10.7673031         
22.0 -1.6929374669026254 16.191338099678916   2.11447983              X   8.28586492e-1      -21.6000000              X   1.42342522e2        12.2712914              X  -9.77801077e-3      -23.5412259              X   1.55359631e3       -1.00000000e-3              -8.10272010         -1.00000000e-3              -15.9060021         -1.00000000e-3              -10.7455417         
23.0 -1.6949478193138927 16.18346704693354    2.11238120              X   8.36974967e-1      -21.5000000              X   1.41009682e2        12.1800612              X  -9.58254191e-3      -23.4451830              X   1.52569291e3       -1.00000000e-3              -8.06910163         -1.00000000e-3              -15.8788097         -1.00000000e-3              -10.7237878         
24.0 -1.6969459643858003 16.175636260640253   2.11027199              X   8.45284484e-1      -21.4000000              X   1.39694807e2        12.0887942              X  -9.39177586e-3      -23.3491202              X   1.49842960e3       -1.00000000e-3              -8.03548206         -1.00000000e-3              -15.8516264         -1.00000000e-3              -10.7020412         
25.0 -1.6989321747625676 16.16784531612872    2.10815210              X   8.53515257e-1      -21.3000000              X   1.38397473e2        11.9974909              X  -9.20557714e-3      -23.2530375              X   1.47178849e3       -1.00000000e-3              -8.00186136         -1.00000000e-3              -15.8244523         -1.00000000e-3              -10.6803018         
26.0 -1.7009067093243784 16.160093798020277   2.10602144              X   8.61667488e-1      -21.2000000              X   1.37117272e2        11.9061518              X  -9.02381488e-3      -23.1569352              X   1.44575228e3       -1.00000000e-3              -7.96823953         -1.00000000e-3              -15.7972871         -1.00000000e-3              -10.6585696         
27.0 -1.7028698137095508 16.152381299818405   2.10387992              X   8.69741368e-1      -21.1000000              X   1.35853809e2        11.8147772              X  -8.84636262e-3      -23.0608134              X   1.42030426e3       -1.00000000e-3              -7.93461655         -1.00000000e-3              -15.7701307         -1.00000000e-3              -10.6368446         
28.0 -1.7048217207864689 16.144707423517403   2.10172742              X   8.77737077e-1      -21.0000000              X   1.34606698e2        11.7233677              X  -8.67309817e-3      -22.9646725              X   1.39542826e3       -1.00000000e-3              -7.90099241         -1.00000000e-3              -15.7429831         -1.00000000e-3              -10.6151265         
29.0 -1.7067626510923268 16.137071779228453   2.09956385              X   8.85654784e-1      -20.9000000              X   1.33375569e2        11.6319236              X  -8.50390341e-3      -22.8685124              X   1.37110865e3       -1.00000000e-3              -7.86736709         -1.00000000e-3              -15.7158441         -1.00000000e-3              -10.5934153         
30.0 -1.7086928132619243 16.129473984821946   2.09738911              X   8.93494647e-1      -20.8000000              X   1.32160060e2        11.5404454              X  -8.33866414e-3      -22.7723336              X   1.34733030e3       -1.00000000e-3              -7.83374058         -1.00000000e-3              -15.6887136         -1.00000000e-3              -10.5717109         
31.0 -1.7106124044058684 16.12191366558495    2.09520310              X   9.01256814e-1      -20.7000000              X   1.30959822e2        11.4489336              X  -8.17726991e-3      -22.6761361              X   1.32407858e3       -1.00000000e-3              -7.80011287         -1.00000000e-3              -15.6615916         -1.00000000e-3              -10.5500133         
32.0 -1.7125216104915366 16.11439045389346    2.09300569              X   9.08941424e-1      -20.6000000              X   1.29774515e2        11.3573885              X  -8.01961391e-3      -22.5799201              X   1.30133931e3       -1.00000000e-3              -7.76648393         -1.00000000e-3              -15.6344779         -1.00000000e-3              -10.5283223         
33.0 -1.7144206066644183 16.106903988897535   2.09079680              X   9.16548605e-1      -20.5000000              X   1.28603810e2        11.2658105              X  -7.86559280e-3      -22.4836859              X   1.27909879e3       -1.00000000e-3              -7.73285376         -1.00000000e-3              -15.6073724         -1.00000000e-3              -10.5066379         
34.0 -1.7163095575848621 16.099453916219872   2.08857630              X   9.24078478e-1      -20.4000000              X   1.27447387e2        11.1742000              X  -7.71510658e-3      -22.3874335              X   1.25734372e3       -1.00000000e-3              -7.69922233         -1.00000000e-3              -15.5802750         -1.00000000e-3              -10.4849600         
35.0 -1.718188617716735  16.092039887665912   2.08634409              X   9.31531151e-1      -20.3000000              X   1.26304937e2        11.0825575              X  -7.56805849e-3      -22.2911632              X   1.23606124e3       -1.00000000e-3              -7.66558964         -1.00000000e-3              -15.5531856         -1.00000000e-3              -10.4632885         
36.0 -1.7200579316066067 16.084661560945307   2.08410005              X   9.38906729e-1      -20.2000000              X   1.25176156e2        10.9908832              X  -7.42435483e-3      -22.1948751              X   1.21523890e3       -1.00000000e-3              -7.63195567         -1.00000000e-3              -15.5261042         -1.00000000e-3              -10.4416234         
37.0 -1.7219176341466311 16.07731859940423    2.08184406              X   9.46205303e-1      -20.1000000              X   1.24060753e2        10.8991777              X  -7.28390492e-3      -22.0985694              X   1.19486463e3       -1.00000000e-3              -7.59832041         -1.00000000e-3              -15.4990306         -1.00000000e-3              -10.4199645         
38.0 -1.7237678508075713 16.070010671767452   2.07957602              X   9.53426960e-1      -20.0000000              X   1.22958443e2        10.8074412              X  -7.14662092e-3      -22.0022463              X   1.17492671e3       -1.00000000e-3              -7.56468383         -1.00000000e-3              -15.4719647         -1.00000000e-3              -10.3983118         
39.0 -1.725608697871619  16.062737451889983   2.07729579              X   9.60571777e-1      -19.9000000              X   1.21868948e2        10.7156741              X  -7.01241777e-3      -21.9059060              X   1.15541383e3       -1.00000000e-3              -7.53104592         -1.00000000e-3              -15.4449065         -1.00000000e-3              -10.3766652         
40.0 -1.727440282633992  16.055498618517635   2.07500326              X   9.67639822e-1      -19.8000000              X   1.20792001e2        10.6238769              X  -6.88121306e-3      -21.8095485              X   1.13631497e3       -1.00000000e-3              -7.49740667         -1.00000000e-3              -15.4178558         -1.00000000e-3              -10.3550246         
41.0 -1.729262703595754  16.048293855055896   2.07269831              X   9.74631159e-1      -19.7000000              X   1.19727338e2        10.5320499              X  -6.75292695e-3      -21.7131740              X   1.11761949e3       -1.00000000e-3              -7.46376606         -1.00000000e-3              -15.3908125         -1.00000000e-3              -10.3333900         
42.0 -1.731076050644468  16.0411228493466     2.07038080              X   9.81545841e-1      -19.6000000              X   1.18674707e2        10.4401934              X  -6.62748207e-3      -21.6167828              X   1.09931705e3       -1.00000000e-3              -7.43012407         -1.00000000e-3              -15.3637767         -1.00000000e-3              -10.3117613         
43.0 -1.7328804052156082 16.03398529345234    2.06805061              X   9.88383915e-1      -19.5000000              X   1.17633857e2        10.3483078              X  -6.50480343e-3      -21.5203749              X   1.08139762e3       -1.00000000e-3              -7.39648069         -1.00000000e-3              -15.3367481         -1.00000000e-3              -10.2901384         
44.0 -1.734675840441471  16.02688088344743    2.06570762              X   9.95145423e-1      -19.4000000              X   1.16604550e2        10.2563934              X  -6.38481834e-3      -21.4239505              X   1.06385148e3       -1.00000000e-3              -7.36283590         -1.00000000e-3              -15.3097267         -1.00000000e-3              -10.2685213         
45.0 -1.7364624212909952 16.01980931921589    2.06335168              X   1.00183040         -19.3000000              X   1.15586550e2        10.1644506              X  -6.26745631e-3      -21.3275098              X   1.04666919e3       -1.00000000e-3              -7.32918968         -1.00000000e-3              -15.2827123         -1.00000000e-3              -10.2469099         
46.0 -1.7382402046916596 16.012770304255323   2.06098267              X   1.00843886         -19.2000000              X   1.14579628e2        10.0724798              X  -6.15264902e-3      -21.2310529              X   1.02984159e3       -1.00000000e-3              -7.29554203         -1.00000000e-3              -15.2557051         -1.00000000e-3              -10.2253040         
47.0 -1.740009239647751  16.005763545486776   2.05860044              X   1.01497084         -19.1000000              X   1.13583561e2        9.98048125              X  -6.04033016e-3      -21.1345800              X   1.01335979e3       -1.00000000e-3              -7.26189291         -1.00000000e-3              -15.2287047         -1.00000000e-3              -10.2037037         
48.0 -1.741769567332585  15.998788753069924   2.05620486              X   1.02142635         -19.0000000              X   1.12598134e2        9.88845534              X  -5.93043545e-3      -21.0380911              X   9.97215176e2       -1.00000000e-3              -7.22824231         -1.00000000e-3              -15.2017112         -1.00000000e-3              -10.1821089         
49.0 -1.743521221194545  15.991845640223662   2.05379579              X   1.02780539         -18.9000000              X   1.11623133e2        9.79640241              X  -5.82290252e-3      -20.9415865              X   9.81399355e2       -1.00000000e-3              -7.19459022         -1.00000000e-3              -15.1747244         -1.00000000e-3              -10.1605195         
50.0 -1.7452642270171632 15.984933923051173   2.05137309              X   1.03410796         -18.8000000              X   1.10658355e2        9.70432278              X  -5.71767083e-3      -20.8450663              X   9.65904197e2       -1.00000000e-3              -7.16093662         -1.00000000e-3              -15.1477443         -1.00000000e-3              -10.1389354         
51.0 -1.7469986030075788 15.97805332036979    2.04893660              X   1.04033406         -18.7000000              X   1.09703596e2        9.61221679              X  -5.61468165e-3      -20.7485306              X   9.50721800e2       -1.00000000e-3              -7.12728148         -1.00000000e-3              -15.1207708         -1.00000000e-3              -10.1173566         
52.0 -1.7487243598481885 15.971203553545037   2.04648618              X   1.04648368         -18.6000000              X   1.08758662e2        9.52008477              X  -5.51387798e-3      -20.6519796              X   9.35844490e2       -1.00000000e-3              -7.09362480         -1.00000000e-3              -15.0938038         -1.00000000e-3              -10.0957830         
53.0 -1.750441500745353  15.96438434632854    2.04402168              X   1.05255679         -18.5000000              X   1.07823362e2        9.42792707              X  -5.41520448e-3      -20.5554134              X   9.21264810e2       -1.00000000e-3              -7.05996655         -1.00000000e-3              -15.0668432         -1.00000000e-3              -10.0742146         
54.0 -1.7521500214762828 15.95759542469971    2.04154294              X   1.05855339         -18.4000000              X   1.06897509e2        9.33574399              X  -5.31860742e-3      -20.4588321              X   9.06975515e2       -1.00000000e-3              -7.02630672         -1.00000000e-3              -15.0398890         -1.00000000e-3              -10.0526512         
55.0 -1.7538499104143963 15.950836516710847   2.03904981              X   1.06447343         -18.3000000              X   1.05980922e2        9.24353588              X  -5.22403462e-3      -20.3622359              X   8.92969565e2       -1.00000000e-3              -6.99264528         -1.00000000e-3              -15.0129410         -1.00000000e-3              -10.0310928         
56.0 -1.755541148562126  15.944107352335479   2.03654212              X   1.07031689         -18.2000000              X   1.05073422e2        9.15130306              X  -5.13143543e-3      -20.2656249              X   8.79240116e2       -1.00000000e-3              -6.95898222         -1.00000000e-3              -14.9859992         -1.00000000e-3              -10.0095394         
57.0 -1.7572237095549412 15.937407663319604   2.03401973              X   1.07608372         -18.1000000              X   1.04174837e2        9.05904585              X  -5.04076063e-3      -20.1689992              X   8.65780517e2       -1.00000000e-3              -6.92531751         -1.00000000e-3              -14.9590635         -1.00000000e-3              -9.98799083         
58.0 -1.758897559675403  15.930737183035756   2.03148245              X   1.08177387         -18.0000000              X   1.03284998e2        8.96676458              X  -4.95196242e-3      -20.0723590              X   8.52584298e2       -1.00000000e-3              -6.89165114         -1.00000000e-3              -14.9321339         -1.00000000e-3              -9.96644708         
59.0 -1.7605626578459794 15.92409564633954    2.02893012              X   1.08738731         -17.9000000              X   1.02403739e2        8.87445958              X  -4.86499436e-3      -19.9757044              X   8.39645173e2       -1.00000000e-3              -6.85798309         -1.00000000e-3              -14.9052101         -1.00000000e-3              -9.94490808         
60.0 -1.7622189556234895 15.917482789428513   2.02636258              X   1.09292396         -17.8000000              X   1.01530899e2        8.78213117              X  -4.77981132e-3      -19.8790356              X   8.26957026e2       -1.00000000e-3              -6.82431334         -1.00000000e-3              -14.8782922         -1.00000000e-3              -9.92337377         
61.0 -1.763866397177753  15.910898349703244   2.02377964              X   1.09838376         -17.7000000              X   1.00666321e2        8.68977967              X  -4.69636944e-3      -19.7823526              X   8.14513907e2       -1.00000000e-3              -6.79064187         -1.00000000e-3              -14.8513801         -1.00000000e-3              -9.90184407         
62.0 -1.765504919263053  15.904342065630086   2.02118113              X   1.10376666         -17.6000000              X   99.8098500          8.59740540              X  -4.61462610e-3      -19.6856557              X   8.02310031e2       -1.00000000e-3              -6.75696866         -1.00000000e-3              -14.8244736         -1.00000000e-3              -9.88031892         
63.0 -1.76713445119003   15.897813676606024   2.01856688              X   1.10907257         -17.5000000              X   98.9613358          8.50500870              X  -4.53453987e-3      -19.5889449              X   7.90339768e2       -1.00000000e-3              -6.72329368         -1.00000000e-3              -14.7975728         -1.00000000e-3              -9.85879826         
64.0 -1.7687549147811457 15.89131292282477    2.01593669              X   1.11430142         -17.4000000              X   98.1206313          8.41258987              X  -4.45607047e-3      -19.4922203              X   7.78597642e2       -1.00000000e-3              -6.68961691         -1.00000000e-3              -14.7706775         -1.00000000e-3              -9.83728203         
65.0 -1.770366224318705  15.884839545144338   2.01329037              X   1.11945313         -17.3000000              X   97.2875927          8.32014925              X  -4.37917873e-3      -19.3954821              X   7.67078321e2       -1.00000000e-3              -6.65593834         -1.00000000e-3              -14.7437877         -1.00000000e-3              -9.81577015         
66.0 -1.7719682864916644 15.87839328495587    2.01062775              X   1.12452760         -17.2000000              X   96.4620793          8.22768716              X  -4.30382657e-3      -19.2987305              X   7.55776617e2       -1.00000000e-3              -6.62225795         -1.00000000e-3              -14.7169032         -1.00000000e-3              -9.79426257         
67.0 -1.7735610003291382 15.871973884053409   2.00794863              X   1.12952474         -17.1000000              X   95.6439534          8.13520392              X  -4.22997695e-3      -19.2019655              X   7.44687480e2       -1.00000000e-3              -6.58857570         -1.00000000e-3              -14.6900240         -1.00000000e-3              -9.77275922         
68.0 -1.7751442571287286 15.865581084504505   2.00525280              X   1.13444446         -17.0000000              X   94.8330804          8.04269986              X  -4.15759384e-3      -19.1051873              X   7.33805995e2       -1.00000000e-3              -6.55489158         -1.00000000e-3              -14.6631500         -1.00000000e-3              -9.75126003         
69.0 -1.776717940376847  15.859214628521693   2.00254007              X   1.13928664         -16.9000000              X   94.0293286          7.95017530              X  -4.08664220e-3      -19.0083960              X   7.23127374e2       -1.00000000e-3              -6.52120557         -1.00000000e-3              -14.6362812         -1.00000000e-3              -9.72976494         
70.0 -1.778281925657525  15.85287425833411    1.99981023              X   1.14405118         -16.8000000              X   93.2325691          7.85763058              X  -4.01708794e-3      -18.9115917              X   7.12646956e2       -1.00000000e-3              -6.48751764         -1.00000000e-3              -14.6094174         -1.00000000e-3              -9.70827388         
71.0 -1.7798360805680413 15.846559716059927   1.99706307              X   1.14873796         -16.7000000              X   92.4426757          7.76506602              X  -3.94889787e-3      -18.8147747              X   7.02360202e2       -1.00000000e-3              -6.45382776         -1.00000000e-3              -14.5825585         -1.00000000e-3              -9.68678680         
72.0 -1.7813802646012846 15.840270743578651   1.99429838              X   1.15334687         -16.6000000              X   91.6595248          7.67248194              X  -3.88203972e-3      -18.7179449              X   6.92262689e2       -1.00000000e-3              -6.42013592         -1.00000000e-3              -14.5557045         -1.00000000e-3              -9.66530361         
73.0 -1.7829143290504135 15.834007082403623   1.99151595              X   1.15787777         -16.5000000              X   90.8829955          7.57987869              X  -3.81648206e-3      -18.6211025              X   6.82350111e2       -1.00000000e-3              -6.38644210         -1.00000000e-3              -14.5288553         -1.00000000e-3              -9.64382426         
74.0 -1.784438116878798  15.827768473554373   1.98871555              X   1.16233054         -16.4000000              X   90.1129694          7.48725660              X  -3.75219432e-3      -18.5242477              X   6.72618271e2       -1.00000000e-3              -6.35274625         -1.00000000e-3              -14.5020109         -1.00000000e-3              -9.62234868         
75.0 -1.7859514626053212 15.82155465742864    1.98589696              X   1.16670504         -16.3000000              X   89.3493304          7.39461599              X  -3.68914672e-3      -18.4273806              X   6.63063080e2       -1.00000000e-3              -6.31904837         -1.00000000e-3              -14.4751710         -1.00000000e-3              -9.60087680         
76.0 -1.7874541921610358 15.81536537367401    1.98305995              X   1.17100114         -16.2000000              X   88.5919647          7.30195721              X  -3.62731027e-3      -18.3305012              X   6.53680554e2       -1.00000000e-3              -6.28534843         -1.00000000e-3              -14.4483357         -1.00000000e-3              -9.57940856         
77.0 -1.7889461227546959 15.809200361058972   1.98020428              X   1.17521867         -16.1000000              X   87.8407610          7.20928060              X  -3.56665677e-3      -18.2336099              X   6.44466810e2       -1.00000000e-3              -6.25164639         -1.00000000e-3              -14.4215049         -1.00000000e-3              -9.55794388         
78.0 -1.790427062719779  15.80305935734316    1.97732972              X   1.17935749         -16.0000000              X   87.0956101          7.11658649              X  -3.50715872e-3      -18.1367066              X   6.35418061e2       -1.00000000e-3              -6.21794224         -1.00000000e-3              -14.3946784         -1.00000000e-3              -9.53648270         
79.0 -1.7918968113641147 15.796942099146543   1.97443602              X   1.18341745         -15.9000000              X   86.3564049          7.02387524              X  -3.44878936e-3      -18.0397915              X   6.26530618e2       -1.00000000e-3              -6.18423594         -1.00000000e-3              -14.3678562         -1.00000000e-3              -9.51502495         
80.0 -1.7933551587879626 15.79084832181853    1.97152294              X   1.18739838         -15.8000000              X   85.6230405          6.93114719              X  -3.39152263e-3      -17.9428648              X   6.17800883e2       -1.00000000e-3              -6.15052747         -1.00000000e-3              -14.3410382         -1.00000000e-3              -9.49357056         
81.0 -1.7948018857296897 15.784777759304124   1.96859022              X   1.19130011         -15.7000000              X   84.8954140          6.83840270              X  -3.33533313e-3      -17.8459266              X   6.09225349e2       -1.00000000e-3              -6.11681680         -1.00000000e-3              -14.3142243         -1.00000000e-3              -9.47211946         
82.0 -1.796236763371547  15.778730144009987   1.96563760              X   1.19512248         -15.6000000              X   84.1734245          6.74564210              X  -3.28019611e-3      -17.7489769              X   6.00800593e2       -1.00000000e-3              -6.08310391         -1.00000000e-3              -14.2874145         -1.00000000e-3              -9.45067158         
83.0 -1.797659553152216  15.772705206668457   1.96266483              X   1.19886529         -15.5000000              X   83.4569729          6.65286577              X  -3.22608748e-3      -17.6520160              X   5.92523280e2       -1.00000000e-3              -6.04938875         -1.00000000e-3              -14.2606086         -1.00000000e-3              -9.42922685         
84.0 -1.7990700065650194 15.766702676199916   1.95967163              X   1.20252836         -15.4000000              X   82.7459621          6.56007406              X  -3.17298375e-3      -17.5550440              X   5.84390155e2       -1.00000000e-3              -6.01567131         -1.00000000e-3              -14.2338065         -1.00000000e-3              -9.40778519         
85.0 -1.800467864951743  15.760722279573276   1.95665773              X   1.20611151         -15.3000000              X   82.0402968          6.46726734              X  -3.12086202e-3      -17.4580610              X   5.76398043e2       -1.00000000e-3              -5.98195156         -1.00000000e-3              -14.2070082         -1.00000000e-3              -9.38634653         
86.0 -1.801852859283481  15.754763741664318   1.95362285              X   1.20961454         -15.2000000              X   81.3398834          6.37444598              X  -3.06970000e-3      -17.3610672              X   5.68543845e2       -1.00000000e-3              -5.94822946         -1.00000000e-3              -14.1802135         -1.00000000e-3              -9.36491080         
87.0 -1.8032247099308214 15.748826785111733   1.95056670              X   1.21303724         -15.1000000              X   80.6446301          6.28161034              X  -3.01947592e-3      -17.2640626              X   5.60824540e2       -1.00000000e-3              -5.91450497         -1.00000000e-3              -14.1534224         -1.00000000e-3              -9.34347793         
88.0 -1.8045831264327965 15.742911130170809   1.94748900              X   1.21637941         -15.0000000              X   79.9544466          6.18876081              X  -2.97016859e-3      -17.1670475              X   5.53237178e2       -1.00000000e-3              -5.88077808         -1.00000000e-3              -14.1266348         -1.00000000e-3              -9.32204784         
89.0 -1.8059278072469125 15.737016494564369   1.94438944              X   1.21964083         -14.9000000              X   79.2692445          6.09589776              X  -2.92175734e-3      -17.0700220              X   5.45778878e2       -1.00000000e-3              -5.84704874         -1.00000000e-3              -14.0998506         -1.00000000e-3              -9.30062045         
90.0 -1.807258439491523  15.73114259333092    1.94126773              X   1.22282128         -14.8000000              X   78.5889368          6.00302159              X  -2.87422201e-3      -16.9729862              X   5.38446832e2       -1.00000000e-3              -5.81331693         -1.00000000e-3              -14.0730696         -1.00000000e-3              -9.27919568         
91.0 -1.8085746986831297 15.725289138669693   1.93812355              X   1.22592054         -14.7000000              X   77.9134379          5.91013269              X  -2.82754296e-3      -16.8759403              X   5.31238296e2       -1.00000000e-3              -5.77958260         -1.00000000e-3              -14.0462918         -1.00000000e-3              -9.25777346         
92.0 -1.8098762484519888 15.719455839782345   1.93495659              X   1.22893837         -14.6000000              X   77.2426640          5.81723145              X  -2.78170101e-3      -16.7788843              X   5.24150590e2       -1.00000000e-3              -5.74584573         -1.00000000e-3              -14.0195171         -1.00000000e-3              -9.23635371         
93.0 -1.8111627402676485 15.713642402711539   1.93176652              X   1.23187453         -14.5000000              X   76.5765325          5.72431829              X  -2.73667748e-3      -16.6818186              X   5.17181100e2       -1.00000000e-3              -5.71210628         -1.00000000e-3              -13.9927454         -1.00000000e-3              -9.21493634         
94.0 -1.8124338131224904 15.707848530175282   1.92855301              X   1.23472878         -14.4000000              X   75.9149623          5.63139359              X  -2.69245411e-3      -16.5847431              X   5.10327270e2       -1.00000000e-3              -5.67836420         -1.00000000e-3              -13.9659766         -1.00000000e-3              -9.19352128         
95.0 -1.8136890932377134 15.7020739213978     1.92531573              X   1.23750086         -14.3000000              X   75.2578738          5.53845779              X  -2.64901312e-3      -16.4876581              X   5.03586606e2       -1.00000000e-3              -5.64461947         -1.00000000e-3              -13.9392106         -1.00000000e-3              -9.17210844         
96.0 -1.814928193733763  15.696318271935976   1.92205434              X   1.24019053         -14.2000000              X   74.6051885          5.44551131              X  -2.60633715e-3      -16.3905637              X   4.96956671e2       -1.00000000e-3              -5.61087204         -1.00000000e-3              -13.9124472         -1.00000000e-3              -9.15069774         
97.0 -1.8161507142957847 15.690581273501394   1.91876847              X   1.24279750         -14.1000000              X   73.9568292          5.35255456              X  -2.56440925e-3      -16.2934601              X   4.90435083e2       -1.00000000e-3              -5.57712187         -1.00000000e-3              -13.8856864         -1.00000000e-3              -9.12928909         
98.0 -1.8173562408321442 15.684862613777765   1.91545777              X   1.24532151         -14.0000000              X   73.3127203          5.25958800              X  -2.52321291e-3      -16.1963474              X   4.84019516e2       -1.00000000e-3              -5.54336893         -1.00000000e-3              -13.8589280         -1.00000000e-3              -9.10788240         
99.0 -1.8185443451154084 15.679161976233365   1.91212187              X   1.24776227         -13.9000000              X   72.6727871          5.16661206              X  -2.48273197e-3      -16.0992258              X   4.77707697e2       -1.00000000e-3              -5.50961318         -1.00000000e-3              -13.8321720         -1.00000000e-3              -9.08647759         
100.0-1.819714584407336  15.673479039928106   1.90876040              X   1.25011951         -13.8000000              X   72.0369561          5.07362719              X  -2.44295069e-3      -16.0020954              X   4.71497404e2       -1.00000000e-3              -5.47585456         -1.00000000e-3              -13.8054182         -1.00000000e-3              -9.06507456         
101.0-1.8208665010802414 15.667813479315281   1.90537297              X   1.25239292         -13.7000000              X   71.4051551          4.98063386              X  -2.40385370e-3      -15.9049565              X   4.65386466e2       -1.00000000e-3              -5.44209303         -1.00000000e-3              -13.7786665         -1.00000000e-3              -9.04367323         
102.0-1.821999622216786  15.662164964037641   1.90195918              X   1.25458221         -13.6000000              X   70.7773130          4.88763253              X  -2.36542598e-3      -15.8078091              X   4.59372758e2       -1.00000000e-3              -5.40832856         -1.00000000e-3              -13.7519169         -1.00000000e-3              -9.02227349         
103.0-1.8231134591921976 15.656533158715927   1.89851864              X   1.25668705         -13.5000000              X   70.1533598          4.79462368              X  -2.32765288e-3      -15.7106535              X   4.53454207e2       -1.00000000e-3              -5.37456109         -1.00000000e-3              -13.7251691         -1.00000000e-3              -9.00087526         
104.0-1.8242075072587698 15.650917722733073   1.89505092              X   1.25870715         -13.4000000              X   69.5332264          4.70160779              X  -2.29052008e-3      -15.6134898              X   4.47628782e2       -1.00000000e-3              -5.34079058         -1.00000000e-3              -13.6984231         -1.00000000e-3              -8.97947844         
105.0-1.8252812450931903 15.645318310009957   1.89155562              X   1.26064216         -13.3000000              X   68.9168450          4.60858536              X  -2.25401360e-3      -15.5163181              X   4.41894498e2       -1.00000000e-3              -5.30701697         -1.00000000e-3              -13.6716787         -1.00000000e-3              -8.95808293         
106.0-1.8263341343485977 15.639734568774502   1.88803230              X   1.26249176         -13.2000000              X   68.3041487          4.51555689              X  -2.21811978e-3      -15.4191388              X   4.36249414e2       -1.00000000e-3              -5.27324023         -1.00000000e-3              -13.6449358         -1.00000000e-3              -8.93668862         
107.0-1.827365619173969  15.634166141322936   1.88448051              X   1.26425560         -13.1000000              X   67.6950715          4.42252291              X  -2.18282529e-3      -15.3219519              X   4.30691631e2       -1.00000000e-3              -5.23946029         -1.00000000e-3              -13.6181943         -1.00000000e-3              -8.91529542         
108.0-1.828375125734165  15.628612663773131   1.88089981              X   1.26593333         -13.0000000              X   67.0895484          4.32948394              X  -2.14811710e-3      -15.2247576              X   4.25219291e2       -1.00000000e-3              -5.20567710         -1.00000000e-3              -13.5914540         -1.00000000e-3              -8.89390321         
109.0-1.8293620616913506 15.623073765809384   1.87728973              X   1.26752460         -12.9000000              X   66.4875154          4.23644051              X  -2.11398246e-3      -15.1275562              X   4.19830576e2       -1.00000000e-3              -5.17189060         -1.00000000e-3              -13.5647149         -1.00000000e-3              -8.87251190         
110.0-1.8303258156944924 15.617549070418365   1.87364980              X   1.26902902         -12.8000000              X   65.8889093          4.14339317              X  -2.08040893e-3      -15.0303477              X   4.14523707e2       -1.00000000e-3              -5.13810075         -1.00000000e-3              -13.5379767         -1.00000000e-3              -8.85112137         
111.0-1.8312657568334911 15.61203819361563    1.86997953              X   1.27044624         -12.7000000              X   65.2936679          4.05034250              X  -2.04738436e-3      -14.9331325              X   4.09296942e2       -1.00000000e-3              -5.10430749         -1.00000000e-3              -13.5112394         -1.00000000e-3              -8.82973150         
112.0-1.8321812340702277 15.606540744162071   1.86627842              X   1.27177584         -12.6000000              X   64.7017296          3.95728906              X  -2.01489686e-3      -14.8359106              X   4.04148578e2       -1.00000000e-3              -5.07051074         -1.00000000e-3              -13.4845027         -1.00000000e-3              -8.80834219         
113.0-1.8330715756761204 15.60105632327026    1.86254597              X   1.27301745         -12.5000000              X   64.1130339          3.86423345              X  -1.98293479e-3      -14.7386824              X   3.99076944e2       -1.00000000e-3              -5.03671045         -1.00000000e-3              -13.4577666         -1.00000000e-3              -8.78695331         
114.0-1.8339360886220146 15.595584524299527   1.85878164              X   1.27417065         -12.4000000              X   63.5275210          3.77117626              X  -1.95148681e-3      -14.6414480              X   3.94080407e2       -1.00000000e-3              -5.00290656         -1.00000000e-3              -13.4310309         -1.00000000e-3              -8.76556475         
115.0-1.83477405795832   15.59012493243946    1.85498492              X   1.27523502         -12.3000000              X   62.9451318          3.67811811              X  -1.92054180e-3      -14.5442076              X   3.89157366e2       -1.00000000e-3              -4.96909900         -1.00000000e-3              -13.4042955         -1.00000000e-3              -8.74417638         
116.0-1.8355847461770565 15.584677124381281   1.85115523              X   1.27621014         -12.2000000              X   62.3658081          3.58505964              X  -1.89008890e-3      -14.4469614              X   3.84306253e2       -1.00000000e-3              -4.93528771         -1.00000000e-3              -13.3775601         -1.00000000e-3              -8.72278807         
117.0-1.8363673925558421 15.579240667976475   1.84729203              X   1.27709556         -12.1000000              X   61.7894922          3.49200150              X  -1.86011747e-3      -14.3497096              X   3.79525533e2       -1.00000000e-3              -4.90147260         -1.00000000e-3              -13.3508246         -1.00000000e-3              -8.70139970         
118.0-1.8371212124600966 15.573815121881506   1.84339474              X   1.27789084         -12.0000000              X   61.2161274          3.39894435              X  -1.83061714e-3      -14.2524526              X   3.74813700e2       -1.00000000e-3              -4.86765361         -1.00000000e-3              -13.3240889         -1.00000000e-3              -8.68001113         
119.0-1.8378453966455803 15.56840003518861    1.83946275              X   1.27859551         -11.9000000              X   60.6456576          3.30588887              X  -1.80157772e-3      -14.1551904              X   3.70169280e2       -1.00000000e-3              -4.83383067         -1.00000000e-3              -13.2973528         -1.00000000e-3              -8.65862223         
120.0-1.838539110521461  15.562994947041288   1.83549547              X   1.27920911         -11.8000000              X   60.0780271          3.21283576              X  -1.77298926e-3      -14.0579234              X   3.65590827e2       -1.00000000e-3              -4.80000368         -1.00000000e-3              -13.2706161         -1.00000000e-3              -8.63723285         
121.0-1.8392014933904577 15.557599386233848   1.83149227              X   1.27973114         -11.7000000              X   59.5131812          3.11978575              X  -1.74484204e-3      -13.9606518              X   3.61076924e2       -1.00000000e-3              -4.76617259         -1.00000000e-3              -13.2438786         -1.00000000e-3              -8.61584285         
122.0-1.8398316576657068 15.552212870794337   1.82745250              X   1.28016110         -11.6000000              X   58.9510657          3.02673957              X  -1.71712652e-3      -13.8633757              X   3.56626181e2       -1.00000000e-3              -4.73233729         -1.00000000e-3              -13.2171401         -1.00000000e-3              -8.59445209         
123.0-1.8404286880679375 15.54683490754972    1.82337551              X   1.28049850         -11.5000000              X   58.3916268          2.93369798              X  -1.68983337e-3      -13.7660955              X   3.52237235e2       -1.00000000e-3              -4.69849771         -1.00000000e-3              -13.1904005         -1.00000000e-3              -8.57306040         
124.0-1.8409916407715605 15.541464991672157   1.81926062              X   1.28074279         -11.4000000              X   57.8348117          2.84066177              X  -1.66295346e-3      -13.6688115              X   3.47908751e2       -1.00000000e-3              -4.66465374         -1.00000000e-3              -13.1636596         -1.00000000e-3              -8.55166765         
125.0-1.8415195425494955 15.536102606205805   1.81510713              X   1.28089345         -11.3000000              X   57.2805678          2.74763173              X  -1.63647785e-3      -13.5715238              X   3.43639415e2       -1.00000000e-3              -4.63080531         -1.00000000e-3              -13.1369171         -1.00000000e-3              -8.53027365         
126.0-1.8420113898738277 15.530747221572563   1.81091434              X   1.28094993         -11.2000000              X   56.7288432          2.65460869              X  -1.61039778e-3      -13.4742328              X   3.39427942e2       -1.00000000e-3              -4.59695231         -1.00000000e-3              -13.1101728         -1.00000000e-3              -8.50887826         
127.0-1.8424661479784423 15.525398295055869   1.80668151              X   1.28091165         -11.1000000              X   56.1795865          2.56159351              X  -1.58470468e-3      -13.3769387              X   3.35273069e2       -1.00000000e-3              -4.56309465         -1.00000000e-3              -13.0834266         -1.00000000e-3              -8.48748130         
128.0-1.842882749907293  15.52005527026113    1.80240788              X   1.28077804         -11.0000000              X   55.6327468          2.46858707              X  -1.55939014e-3      -13.2796418              X   3.31173554e2       -1.00000000e-3              -4.52923221         -1.00000000e-3              -13.0566782         -1.00000000e-3              -8.46608259         
129.0-1.8432600955128704 15.514717576551543   1.79809268              X   1.28054851         -10.9000000              X   55.0882738          2.37559026              X  -1.53444594e-3      -13.1823425              X   3.27128182e2       -1.00000000e-3              -4.49536489         -1.00000000e-3              -13.0299274         -1.00000000e-3              -8.44468195         
130.0-1.843597050429097  15.50938462845777    1.79373510              X   1.28022243         -10.8000000              X   54.5461174          2.28260402              X  -1.50986400e-3      -13.0850409              X   3.23135756e2       -1.00000000e-3              -4.46149258         -1.00000000e-3              -13.0031740         -1.00000000e-3              -8.42327920         
131.0-1.8438924449997733 15.504055825060131   1.78933434              X   1.27979919         -10.7000000              X   54.0062282          2.18962931              X  -1.48563643e-3      -12.9877374              X   3.19195102e2       -1.00000000e-3              -4.42761516         -1.00000000e-3              -12.9764177         -1.00000000e-3              -8.40187414         
132.0-1.8441450731803568 15.49873054934139    1.78488954              X   1.27927814         -10.6000000              X   53.4685572          2.09666712              X  -1.46175547e-3      -12.8904323              X   3.15305065e2       -1.00000000e-3              -4.39373250         -1.00000000e-3              -12.9496582         -1.00000000e-3              -8.38046658         
133.0-1.8443536913872742 15.493408167508797   1.78039983              X   1.27865861         -10.5000000              X   52.9330557          2.00371847              X  -1.43821352e-3      -12.7931260              X   3.11464512e2       -1.00000000e-3              -4.35984449         -1.00000000e-3              -12.9228954         -1.00000000e-3              -8.35905631         
134.0-1.8445170173168262 15.488088028283082   1.77586432              X   1.27793993         -10.4000000              X   52.3996756          1.91078444              X  -1.41500314e-3      -12.6958187              X   3.07672327e2       -1.00000000e-3              -4.32595098         -1.00000000e-3              -12.8961289         -1.00000000e-3              -8.33764311         
135.0-1.8446337287128027 15.482769462152932   1.77128209              X   1.27712140         -10.3000000              X   51.8683688          1.81786609              X  -1.39211701e-3      -12.5985108              X   3.03927414e2       -1.00000000e-3              -4.29205185         -1.00000000e-3              -12.8693585         -1.00000000e-3              -8.31622678         
136.0-1.8447024620953376 15.477451780592238   1.76665218              X   1.27620230         -10.2000000              X   51.3390881          1.72496458              X  -1.36954798e-3      -12.5012027              X   3.00228695e2       -1.00000000e-3              -4.25814694         -1.00000000e-3              -12.8425839         -1.00000000e-3              -8.29480708         
137.0-1.8447218114359716 15.472134275238473   1.76197362              X   1.27518189         -10.1000000              X   50.8117862          1.63208107              X  -1.34728900e-3      -12.4038947              X   2.96575109e2       -1.00000000e-3              -4.22423610         -1.00000000e-3              -12.8158047         -1.00000000e-3              -8.27338379         
138.0-1.844690326796418  15.466816217029283   1.75724539              X   1.27405943         -10.0000000              X   50.2864163          1.53921676              X  -1.32533317e-3      -12.3065872              X   2.92965611e2       -1.00000000e-3              -4.19031919         -1.00000000e-3              -12.7890208         -1.00000000e-3              -8.25195665         
139.0-1.844606512894282  15.46149685529494    1.75246646              X   1.27283411         -9.90000000              X   49.7629320          1.44637291              X  -1.30367372e-3      -12.2092805              X   2.89399175e2       -1.00000000e-3              -4.15639603         -1.00000000e-3              -12.7622318         -1.00000000e-3              -8.23052542         
140.0-1.8444688276411558 15.45617541680385    1.74763575              X   1.27150516         -9.80000000              X   49.2412870          1.35355082              X  -1.28230400e-3      -12.1119751              X   2.85874788e2       -1.00000000e-3              -4.12246646         -1.00000000e-3              -12.7354373         -1.00000000e-3              -8.20908984         
141.0-1.84427568060543   15.4508511047581     1.74275215              X   1.27007174         -9.70000000              X   48.7214355          1.26075184              X  -1.26121747e-3      -12.0146714              X   2.82391454e2       -1.00000000e-3              -4.08853030         -1.00000000e-3              -12.7086370         -1.00000000e-3              -8.18764963         
142.0-1.8440254314203302 15.44552309773579    1.73781452              X   1.26853301         -9.60000000              X   48.2033318          1.16797735              X  -1.24040772e-3      -11.9173697              X   2.78948190e2       -1.00000000e-3              -4.05458736         -1.00000000e-3              -12.6818307         -1.00000000e-3              -8.16620453         
143.0-1.8437163881347671 15.440190548576789   1.73282167              X   1.26688810         -9.50000000              X   47.6869305          1.07522881              X  -1.21986844e-3      -11.8200706              X   2.75544029e2       -1.00000000e-3              -4.02063745         -1.00000000e-3              -12.6550178         -1.00000000e-3              -8.14475424         
144.0-1.8433468054951365 15.434852583208164   1.72777240              X   1.26513610         -9.40000000              X   47.1721864          9.82507723e-1           X  -1.19959345e-3      -11.7227744              X   2.72178016e2       -1.00000000e-3              -3.98668035         -1.00000000e-3              -12.6281981         -1.00000000e-3              -8.12329846         
145.0-1.8429148831555124 15.429508299405288   1.72266544              X   1.26327611         -9.30000000              X   46.6590545          8.89815640e-1           X  -1.17957664e-3      -11.6254816              X   2.68849211e2       -1.00000000e-3              -3.95271587         -1.00000000e-3              -12.6013711         -1.00000000e-3              -8.10183687         
146.0-1.842418763827114  15.424156765484465   1.71749948              X   1.26130716         -9.20000000              X   46.1474901          7.97154188e-1           X  -1.15981204e-3      -11.5281927              X   2.65556685e2       -1.00000000e-3              -3.91874376         -1.00000000e-3              -12.5745365         -1.00000000e-3              -8.08036916         
147.0-1.8418565313367372 15.418797018922163   1.71227318              X   1.25922829         -9.10000000              X   45.6374487          7.04525053e-1           X  -1.14029375e-3      -11.4309082              X   2.62299521e2       -1.00000000e-3              -3.88476381         -1.00000000e-3              -12.5476937         -1.00000000e-3              -8.05889499         
148.0-1.8412262086155329 15.413428064896207   1.70698515              X   1.25703848         -9.00000000              X   45.1288858          6.11929987e-1           X  -1.12101598e-3      -11.3336286              X   2.59076815e2       -1.00000000e-3              -3.85077575         -1.00000000e-3              -12.5208425         -1.00000000e-3              -8.03741400         
149.0-1.8405257555972898 15.408048874743361   1.70163396              X   1.25473670         -8.90000000              X   44.6217571          5.19370818e-1           X  -1.10197304e-3      -11.2363544              X   2.55887673e2       -1.00000000e-3              -3.81677934         -1.00000000e-3              -12.4939823         -1.00000000e-3              -8.01592584         
150.0-1.8397530670330942 15.402658384327452   1.69621809              X   1.25232188         -8.80000000              X   44.1160185          4.26849447e-1           X  -1.08315931e-3      -11.1390862              X   2.52731213e2       -1.00000000e-3              -3.78277429         -1.00000000e-3              -12.4671126         -1.00000000e-3              -7.99443011         
151.0-1.8389059702015167 15.397255492311919   1.69073603              X   1.24979291         -8.70000000              X   43.6116259          3.34367854e-1           X  -1.06456927e-3      -11.0418244              X   2.49606560e2       -1.00000000e-3              -3.74876033         -1.00000000e-3              -12.4402330         -1.00000000e-3              -7.97292643         
152.0-1.8379822225260534 15.391839058329715   1.68518616              X   1.24714867         -8.60000000              X   43.1085356          2.41928108e-1           X  -1.04619747e-3      -10.9445698              X   2.46512853e2       -1.00000000e-3              -3.71473715         -1.00000000e-3              -12.4133430         -1.00000000e-3              -7.95141438         
153.0-1.8369795090903385 15.386407901043773   1.67956683              X   1.24438799         -8.50000000              X   42.6067035          1.49532364e-1           X  -1.02803856e-3      -10.8473228              X   2.43449236e2       -1.00000000e-3              -3.68070443         -1.00000000e-3              -12.3864419         -1.00000000e-3              -7.92989353         
154.0-1.835895440018356  15.380960796089196   1.67387632              X   1.24150964         -8.40000000              X   42.1060860          5.71828721e-2           X  -1.01008726e-3      -10.7500842              X   2.40414866e2       -1.00000000e-3              -3.64666184         -1.00000000e-3              -12.3595293         -1.00000000e-3              -7.90836343         
155.0-1.8347275477648495 15.375496473889347   1.66811286              X   1.23851240         -8.30000000              X   41.6066392         -3.51180143e-2           X  -9.92338347e-4      -10.6528545              X   2.37408904e2       -1.00000000e-3              -3.61260902         -1.00000000e-3              -12.3326045         -1.00000000e-3              -7.88682360         
156.0-1.8334732842593724 15.37001361733616    1.66227459              X   1.23539499         -8.20000000              X   41.1083200         -1.27155668e-1           X  -9.74310590e-4      -10.5556345              X   2.34430521e2       -1.00000000e-3              -3.57847489         -1.00000000e-3              -12.3056139         -1.00000000e-3              -7.86523113         
157.0-1.8321300156937577 15.364510859291551   1.65635960              X   1.23215607         -8.10000000              X   40.6110843         -2.19139013e-1           X  -9.56490723e-4      -10.4584248              X   2.31478896e2       -1.00000000e-3              -3.54432954         -1.00000000e-3              -12.2786098         -1.00000000e-3              -7.84362780         
158.0-1.8306950261574293 15.358986780031378   1.65036590              X   1.22879426         -8.00000000              X   40.1148882         -3.11065325e-1           X  -9.38873471e-4      -10.3612262              X   2.28553212e2       -1.00000000e-3              -3.51017256         -1.00000000e-3              -12.2515913         -1.00000000e-3              -7.82201306         
159.0-1.8291655074373734 15.353439904418845   1.64429142              X   1.22530815         -7.90000000              X   39.6196881         -4.02931749e-1           X  -9.21453632e-4      -10.2640394              X   2.25652662e2       -1.00000000e-3              -3.47600349         -1.00000000e-3              -12.2245579         -1.00000000e-3              -7.80038635         
160.0-1.8275385579046686 15.347868698930082   1.63813400              X   1.22169628         -7.80000000              X   39.1254403         -4.94735294e-1           X  -9.04226071e-4      -10.1668651              X   2.22776441e2       -1.00000000e-3              -3.44182186         -1.00000000e-3              -12.1975088         -1.00000000e-3              -7.77874706         
161.0-1.82581117887839   15.34227156848231    1.63189142              X   1.21795712         -7.70000000              X   38.6321009         -5.86472820e-1           X  -8.87185722e-4      -10.0697043              X   2.19923754e2       -1.00000000e-3              -3.40762716         -1.00000000e-3              -12.1704432         -1.00000000e-3              -7.75709456         
162.0-1.8239802707912058 15.33664685305069    1.62556135              X   1.21408912         -7.60000000              X   38.1396260         -6.78141029e-1           X  -8.70327579e-4      -9.97255777              X   2.17093805e2       -1.00000000e-3              -3.37341886         -1.00000000e-3              -12.1433603         -1.00000000e-3              -7.73542821         
163.0-1.822042629148682  15.330992824054876   1.61914137              X   1.21009066         -7.50000000              X   37.6479717         -7.69736455e-1           X  -8.53646699e-4      -9.87542636              X   2.14285808e2       -1.00000000e-3              -3.33919639         -1.00000000e-3              -12.1162591         -1.00000000e-3              -7.71374729         
164.0-1.8199949402777433 15.325307680497625   1.61262896              X   1.20596006         -7.40000000              X   37.1570940         -8.61255454e-1           X  -8.37138194e-4      -9.77831100              X   2.11498978e2       -1.00000000e-3              -3.30495915         -1.00000000e-3              -12.0891389         -1.00000000e-3              -7.69205109         
165.0-1.8178337768177295 15.319589544834368   1.60602149              X   1.20169558         -7.30000000              X   36.6669485         -9.52694189e-1           X  -8.20797232e-4      -9.68121267              X   2.08732534e2       -1.00000000e-3              -3.27070651         -1.00000000e-3              -12.0619985         -1.00000000e-3              -7.67033884         
166.0-1.8155555929710483 15.313836458551588   1.59931622              X   1.19729544         -7.20000000              X   36.1774911         -1.04404862              X  -8.04619033e-4      -9.58413235              X   2.05985698e2       -1.00000000e-3              -3.23643777         -1.00000000e-3              -12.0348372         -1.00000000e-3              -7.64860972         
167.0-1.8131567194625715 15.30804637742904    1.59251031              X   1.19275778         -7.10000000              X   35.6886770         -1.13531447              X  -7.88598866e-4      -9.48707110              X   2.03257694e2       -1.00000000e-3              -3.20215222         -1.00000000e-3              -12.0076536         -1.00000000e-3              -7.62686289         
168.0-1.8106333582171694 15.302217166458917   1.58560076              X   1.18808065         -7.00000000              X   35.2004618         -1.22648725              X  -7.72732046e-4      -9.39003000              X   2.00547749e2       -1.00000000e-3              -3.16784908         -1.00000000e-3              -11.9804468         -1.00000000e-3              -7.60509745         
169.0-1.8079815766873246 15.29634659439156    1.57858447              X   1.18326207         -6.90000000              X   34.7128004         -1.31756221              X  -7.57013930e-4      -9.29301020              X   1.97855091e2       -1.00000000e-3              -3.13352754         -1.00000000e-3              -11.9532156         -1.00000000e-3              -7.58331244         
170.0-1.8051973018564667 15.290432327875404   1.57145818              X   1.17829996         -6.80000000              X   34.2256478         -1.40853432              X  -7.41439920e-4      -9.19601289              X   1.95178947e2       -1.00000000e-3              -3.09918670         -1.00000000e-3              -11.9259586         -1.00000000e-3              -7.56150686         
171.0-1.8022763138425797 15.284471925154266   1.56421850              X   1.17319216         -6.70000000              X   33.7389587         -1.49939824              X  -7.26005450e-4      -9.09903931              X   1.92518548e2       -1.00000000e-3              -3.06482562         -1.00000000e-3              -11.8986746         -1.00000000e-3              -7.53967965         
172.0-1.7992142391000592 15.278462829282212   1.55686187              X   1.16793645         -6.60000000              X   33.2526874         -1.59014835              X  -7.10705995e-4      -9.00209079              X   1.89873122e2       -1.00000000e-3              -3.03044331         -1.00000000e-3              -11.8713621         -1.00000000e-3              -7.51782967         
173.0-1.796006543163485  15.272402360811268   1.54938456              X   1.16253049         -6.50000000              X   32.7667881         -1.68077866              X  -6.95537058e-4      -8.90516868              X   1.87241896e2       -1.00000000e-3              -2.99603867         -1.00000000e-3              -11.8440197         -1.00000000e-3              -7.49595573         
174.0-1.7926485229193767 15.266287709903219   1.54178267              X   1.15697189         -6.40000000              X   32.2812148         -1.77128281              X  -6.80494174e-4      -8.80827442              X   1.84624099e2       -1.00000000e-3              -2.96161055         -1.00000000e-3              -11.8166457         -1.00000000e-3              -7.47405656         
175.0-1.7891352983316937 15.260115927810572   1.53405212              X   1.15125812         -6.30000000              X   31.7959209         -1.86165404              X  -6.65572903e-4      -8.71140953              X   1.82018955e2       -1.00000000e-3              -2.92715770         -1.00000000e-3              -11.7892385         -1.00000000e-3              -7.45213081         
176.0-1.7854618036016128 15.25388391766643    1.52618861              X   1.14538658         -6.20000000              X   31.3108597         -1.95188517              X  -6.50768833e-4      -8.61457559              X   1.79425687e2       -1.00000000e-3              -2.89267878         -1.00000000e-3              -11.7617963         -1.00000000e-3              -7.43017703         
177.0-1.7816227776866087 15.247588424515671   1.51818765              X   1.13935455         -6.10000000              X   30.8259841         -2.04196851              X  -6.36077568e-4      -8.51777427              X   1.76843513e2       -1.00000000e-3              -2.85817235         -1.00000000e-3              -11.7343171         -1.00000000e-3              -7.40819370         
178.0-1.777612754147134  15.241226024512786   1.51004449              X   1.13315921         -6.00000000              X   30.3412468         -2.13189590              X  -6.21494734e-4      -8.42100732              X   1.74271651e2       -1.00000000e-3              -2.82363685         -1.00000000e-3              -11.7067990         -1.00000000e-3              -7.38617918         
179.0-1.773426050227919  15.234793113202281   1.50175418              X   1.12679760         -5.90000000              X   29.8565998         -2.22165858              X  -6.07015973e-4      -8.32427659              X   1.71709310e2       -1.00000000e-3              -2.78907059         -1.00000000e-3              -11.6792396         -1.00000000e-3              -7.36413172         
180.0-1.7690567551263745 15.228285892788604   1.49331147              X   1.12026666         -5.80000000              X   29.3719952         -2.31124720              X  -5.92636938e-4      -8.22758402              X   1.69155699e2       -1.00000000e-3              -2.75447175         -1.00000000e-3              -11.6516368         -1.00000000e-3              -7.34204944         
181.0-1.7644987173651134 15.221700358290748   1.48471086              X   1.11356317         -5.70000000              X   28.8873843         -2.40065171              X  -5.78353295e-4      -8.13093167              X   1.66610018e2       -1.00000000e-3              -2.71983835         -1.00000000e-3              -11.6239879         -1.00000000e-3              -7.31993034         
182.0-1.7597455311697647 15.215032282464438   1.47594653              X   1.10668380         -5.60000000              X   28.4027182         -2.48986136              X  -5.64160714e-4      -8.03432170              X   1.64071462e2       -1.00000000e-3              -2.68516825         -1.00000000e-3              -11.5962903         -1.00000000e-3              -7.29777227         
183.0-1.754790521780808  15.208277199360307   1.46701237              X   1.09962504         -5.50000000              X   27.9179476         -2.57886455              X  -5.50054873e-4      -7.93775640              X   1.61539218e2       -1.00000000e-3              -2.65045912         -1.00000000e-3              -11.5685411         -1.00000000e-3              -7.27557291         
184.0-1.749626729574773  15.201430386370115   1.45790190              X   1.09238325         -5.40000000              X   27.4330228         -2.66764883              X  -5.36031451e-4      -7.84123821              X   1.59012467e2       -1.00000000e-3              -2.61570841         -1.00000000e-3              -11.5407372         -1.00000000e-3              -7.25332977         
185.0-1.7442468928858421 15.19448684459395    1.44860829              X   1.08495461         -5.30000000              X   26.9478937         -2.75620074              X  -5.22086128e-4      -7.74476967              X   1.56490381e2       -1.00000000e-3              -2.58091336         -1.00000000e-3              -11.5128752         -1.00000000e-3              -7.23104015         
186.0-1.7386434294026645 15.187441277341945   1.43912431              X   1.07733512         -5.20000000              X   26.4625098         -2.84450572              X  -5.08214578e-4      -7.64835351              X   1.53972121e2       -1.00000000e-3              -2.54607092         -1.00000000e-3              -11.4849514         -1.00000000e-3              -7.20870114         
187.0-1.7328084159897956 15.180288066554567   1.42944232              X   1.06952060         -5.10000000              X   25.9768202         -2.93254805              X  -4.94412472e-4      -7.55199262              X   1.51456841e2       -1.00000000e-3              -2.51117776         -1.00000000e-3              -11.4569620         -1.00000000e-3              -7.18630961         
188.0-1.7267335667850026 15.173021246904073   1.41955419              X   1.06150666         -5.00000000              X   25.4907736         -3.02031062              X  -4.80675474e-4      -7.45569005              X   1.48943683e2       -1.00000000e-3              -2.47623024         -1.00000000e-3              -11.4289027         -1.00000000e-3              -7.16386212         
189.0-1.7204102093913314 15.165634477300081   1.40945133              X   1.05328870         -4.90000000              X   25.0043184         -3.10777486              X  -4.66999236e-4      -7.35944907              X   1.46431778e2       -1.00000000e-3              -2.44122433         -1.00000000e-3              -11.4007687         -1.00000000e-3              -7.14135497         
190.0-1.713829258965899  15.158121009493549   1.39912459              X   1.04486190         -4.80000000              X   24.5174026         -3.19492050              X  -4.53379399e-4      -7.26327313              X   1.43920242e2       -1.00000000e-3              -2.40615559         -1.00000000e-3              -11.3725551         -1.00000000e-3              -7.11878410         
191.0-1.7069811900072773 15.150473653417624   1.38856426              X   1.03622118         -4.70000000              X   24.0299741         -3.28172543              X  -4.39811592e-4      -7.16716594              X   1.41408183e2       -1.00000000e-3              -2.37101910         -1.00000000e-3              -11.3442564         -1.00000000e-3              -7.09614509         
192.0-1.6998560055742353 15.14268473886661    1.37775999              X   1.02736122         -4.60000000              X   23.5419803         -3.36816539              X  -4.26291428e-4      -7.07113144              X   1.38894690e2       -1.00000000e-3              -2.33580942         -1.00000000e-3              -11.3158663         -1.00000000e-3              -7.07343308         
193.0-1.6924432037019772 15.134746073046633   1.36670076              X   1.01827642         -4.50000000              X   23.0533686         -3.45421378              X  -4.12814502e-4      -6.97517384              X   1.36378840e2       -1.00000000e-3              -2.30052049         -1.00000000e-3              -11.2873784         -1.00000000e-3              -7.05064276         
194.0-1.6847317407003302 15.126648893467738   1.35537481              X   1.00896086         -4.40000000              X   22.5640861         -3.53984128              X  -3.99376397e-4      -6.87929764              X   1.33859695e2       -1.00000000e-3              -2.26514552         -1.00000000e-3              -11.2587853         -1.00000000e-3              -7.02776826         
195.0-1.6767099910204528 15.118383815566064   1.34376957              X   9.99408340e-1      -4.30000000              X   22.0740801         -3.62501549              X  -3.85972678e-4      -6.78350768              X   1.31336298e2       -1.00000000e-3              -2.22967695         -1.00000000e-3              -11.2300789         -1.00000000e-3              -7.00480310         
196.0-1.6683657033356412 15.109940774352992   1.33187159              X   9.89612287e-1      -4.20000000              X   21.5832979         -3.70970055              X  -3.72598895e-4      -6.68780914              X   1.28807677e2       -1.00000000e-3              -2.19410628         -1.00000000e-3              -11.2012501         -1.00000000e-3              -6.98174011         
197.0-1.6596859524196905 15.101308959277793   1.31966647              X   9.79565778e-1      -4.10000000              X   21.0916869         -3.79385653              X  -3.59250585e-4      -6.59220758              X   1.26272841e2       -1.00000000e-3              -2.15842390         -1.00000000e-3              -11.1722891         -1.00000000e-3              -6.95857131         
198.0-1.6506570864346128 15.092476741363415   1.30713876              X   9.69261495e-1      -4.00000000              X   20.5991950         -3.87743890              X  -3.45923277e-4      -6.49670899              X   1.23730781e2       -1.00000000e-3              -2.12261896         -1.00000000e-3              -11.1431847         -1.00000000e-3              -6.93528778         
199.0-1.6412646690963126 15.083431591523253   1.29427185              X   9.58691694e-1      -3.90000000              X   20.1057707         -3.96039775              X  -3.32612497e-4      -6.40131983              X   1.21180469e2       -1.00000000e-3              -2.08667914         -1.00000000e-3              -11.1139244         -1.00000000e-3              -6.91187955         
200.0-1.6314934162554509 15.07415998878878    1.28104788              X   9.47848179e-1      -3.80000000              X   19.6113631         -4.04267692              X  -3.19313773e-4      -6.30604707              X   1.18620854e2       -1.00000000e-3              -2.05059035         -1.00000000e-3              -11.0844942         -1.00000000e-3              -6.88833538         
201.0-1.6213271262942313 15.064647316967042   1.26744759              X   9.36722261e-1      -3.70000000              X   19.1159228         -4.12421293              X  -3.06022649e-4      -6.21089824              X   1.16050869e2       -1.00000000e-3              -2.01433647         -1.00000000e-3              -11.0548782         -1.00000000e-3              -6.86464259         
202.0-1.6107486037739263 15.054877747995537   1.25345020              X   9.25304721e-1      -3.60000000              X   18.6194013         -4.20493366              X  -2.92734697e-4      -6.11588151              X   1.13469425e2       -1.00000000e-3              -1.97789890         -1.00000000e-3              -11.0250584         -1.00000000e-3              -6.84078673         
203.0-1.599739575666189  15.044834109965107   1.23903323              X   9.13585768e-1      -3.50000000              X   18.1217524         -4.28475676              X  -2.79445534e-4      -6.02100575              X   1.10875411e2       -1.00000000e-3              -1.94125608         -1.00000000e-3              -10.9950142         -1.00000000e-3              -6.81675135         
204.0-1.5882805995406144 15.034497737425479   1.22417233              X   9.01554988e-1      -3.40000000              X   17.6229319         -4.36358758              X  -2.66150850e-4      -5.92628058              X   1.08267696e2       -1.00000000e-3              -1.90438291         -1.00000000e-3              -10.9647219         -1.00000000e-3              -6.79251752         
205.0-1.5763509630115886 15.02384830116334    1.20884108              X   8.89201299e-1      -3.30000000              X   17.1228988         -4.44131672              X  -2.52846442e-4      -5.83171652              X   1.05645132e2       -1.00000000e-3              -1.86724992         -1.00000000e-3              -10.9341542         -1.00000000e-3              -6.76806334         
206.0-1.5639285738084314 15.012863614135023   1.19301075              X   8.76512890e-1      -3.20000000              X   16.6216153         -4.51781680              X  -2.39528250e-4      -5.73732504              X   1.03006548e2       -1.00000000e-3              -1.82982229         -1.00000000e-3              -10.9032792         -1.00000000e-3              -6.74336336         
207.0-1.5509898398526374 15.00151940962565    1.17665002              X   8.63477157e-1      -3.10000000              X   16.1190483         -4.59293832              X  -2.26192422e-4      -5.64311868              X   1.00350759e2       -1.00000000e-3              -1.79205856         -1.00000000e-3              -10.8720596         -1.00000000e-3              -6.71838766         
208.0-1.5375095388457285 14.989789086974186   1.15972473              X   8.50080643e-1      -3.00000000              X   15.6151701         -4.66650436              X  -2.12835388e-4      -5.54911121              X   97.6765636         -1.00000000e-3              -1.75390893         -1.00000000e-3              -10.8404511         -1.00000000e-3              -6.69310087         
209.0-1.52346067708468   14.977643419323504   1.14219749              X   8.36308954e-1      -2.90000000              X   15.1099595         -4.73830349              X  -1.99453961e-4      -5.45531777              X   94.9827503         -1.00000000e-3              -1.71531301         -1.00000000e-3              -10.8084009         -1.00000000e-3              -6.66746070         
210.0-1.5088143374847094 14.965050216793516   1.12402731              X   8.22146686e-1      -2.80000000              X   14.6034036         -4.80808031              X  -1.86045478e-4      -5.36175503              X   92.2680999         -1.00000000e-3              -1.67619679         -1.00000000e-3              -10.7758451         -1.00000000e-3              -6.64141606         
211.0-1.4935395173293713 14.951973937200453   1.10516913              X   8.07577330e-1      -2.70000000              X   14.0954991         -4.87552255              X  -1.72607991e-4      -5.26844143              X   89.5313925         -1.00000000e-3              -1.63646847         -1.00000000e-3              -10.7427056         -1.00000000e-3              -6.61490451         
212.0-1.4776029569660218 14.938375234910545   1.08557335              X   7.92583182e-1      -2.60000000              X   13.5862548         -4.94024304              X  -1.59140530e-4      -5.17539738              X   86.7714153         -1.00000000e-3              -1.59601260         -1.00000000e-3              -10.7088858         -1.00000000e-3              -6.58784861         
213.0-1.460968961764669  14.924210436575443   1.06518519              X   7.77145234e-1      -2.50000000              X   13.0756939         -5.00175406              X  -1.45643484e-4      -5.08264558              X   83.9869734         -1.00000000e-3              -1.55468174         -1.00000000e-3              -10.6742635         -1.00000000e-3              -6.56015081         
214.0-1.4435992212558293 14.909430930295885   1.04394401              X   7.61243067e-1      -2.40000000              X   12.5638572         -5.05942980              X  -1.32119147e-4      -4.99021129              X   81.1769026         -1.00000000e-3              -1.51228412         -1.00000000e-3              -10.6386825         -1.00000000e-3              -6.53168596         
215.0-1.4254526316586058 14.893982452143925   1.02178254              X   7.44854735e-1      -2.30000000              X   12.0508068         -5.11244962              X  -1.18572536e-4      -4.89812274              X   78.3400879         -1.00000000e-3              -1.46856503         -1.00000000e-3              -10.6019374         -1.00000000e-3              -6.50228992         
216.0-1.406485131339476  14.87780425089564    9.98625951e-1           X   7.27956639e-1      -2.20000000              X   11.5366307         -5.15970931              X  -1.05012646e-4      -4.80641159              X   75.4754852         -1.00000000e-3              -1.42317750         -1.00000000e-3              -10.5637523         -1.00000000e-3              -6.47174186         
217.0-1.3866495634815434 14.860828108253905   9.74390779e-1           X   7.10523413e-1      -2.10000000              X   11.0214486         -5.19967620              X  -9.14544734e-5      -4.71511341              X   72.5821515         -1.00000000e-3              -1.37563434         -1.00000000e-3              -10.5237441         -1.00000000e-3              -6.43973524         
218.0-1.3658955870191198 14.842977178368551   9.48983719e-1           X   6.92527933e-1      -2.00000000              X   10.5054191         -5.23013979              X  -7.78660369e-5      -4.62426831              X   69.6592798         -1.00000000e-3              -1.32522547         -1.00000000e-3              -10.4813599         -1.00000000e-3              -6.40582796         
219.0-1.344174609964509  14.824164883324437   9.22300173e-1           X   6.73941213e-1      -1.90000000              X   9.98875113         -5.24930524              X  -6.44003873e-5      -4.53392155              X   66.7062866         -1.00000000e-3              -1.27138278         -1.00000000e-3              -10.4361513         -1.00000000e-3              -6.36966105         
220.0-1.3214228139636472 14.804292765253818   8.94222647e-1           X   6.54731823e-1      -1.80000000              X   9.47170378         -5.25032497              X  -5.10682201e-5      -4.44412468              X   63.7227830         -1.00000000e-3              -1.21185811         -1.00000000e-3              -10.3864062         -1.00000000e-3              -6.32986499         
221.0-1.2975840608810787 14.783249083261115   8.64618840e-1           X   6.34866454e-1      -1.70000000              X   8.95460873         -5.22374981              X  -3.79876692e-5      -4.35493631              X   60.7087304         -1.00000000e-3              -1.14354081         -1.00000000e-3              -10.3297625         -1.00000000e-3              -6.28454996         
222.0-1.2725970589706603 14.760906500119793   8.33339496e-1           X   6.14309770e-1      -1.60000000              X   8.43788255         -5.15092144              X  -2.53841112e-5      -4.26642333              X   57.6645194         -1.00000000e-3              -1.06025604         -1.00000000e-3              -10.2615554         -1.00000000e-3              -6.22998429         
223.0-1.2463993690246622 14.737119540437293   8.00215976e-1           X   5.93024553e-1      -1.50000000              X   7.92204522         -4.98775117              X  -1.37369887e-5      -4.17866233              X   54.5910993         -1.00000000e-3              -9.47358610e-1      -1.00000000e-3              -10.1707628         -1.00000000e-3              -6.15735023         
224.0-1.218928938987613  14.711721653880613   7.65057571e-1           X   5.70971913e-1      -1.40000000              X   7.40774251         -4.59334388              X  -4.16056851e-6      -4.09174119              X   51.4901422         -1.00000000e-3              -7.57942085e-1      -1.00000000e-3              -10.0221610         -1.00000000e-3              -6.03846878         
225.0-1.3430971874317306 14.692594117850362   7.38754681e-1           X   5.52485001e-1      -1.32968818              X   7.05477956         -3.59334388              X   3.12130229e-6      -4.03128692              X   49.2716000         -1.00000000e-3              -3.84305911e-1      -1.00000000e-3              -9.73700506         -1.00000000e-3              -5.81034405         
226.0-1.3820520231835884 14.675079267562005   7.14810235e-1           X   5.35372636e-1      -1.26851589              X   6.75003977         -2.59334388              X   4.98144595e-5      -3.97914702              X   47.3240517         -1.00000000e-3              -1.62126402e-2      -1.00000000e-3              -9.45641891         -1.00000000e-3              -5.58587513         
227.0-1.1492003061899418 14.64510505187748    6.74049719e-1           X   5.11632031e-1      -1.16851589              X   6.24064019         -2.72618989              X   6.49871356e-5      -3.89461826              X   44.1680162         -1.00000000e-3              -4.14213501e-3      -1.00000000e-3              -9.43963042         -1.00000000e-3              -5.57244433         
228.0-1.1171500577431257 14.612768463875605   6.30427836e-1           X   4.87008796e-1      -1.06851589              X   5.73632786         -2.88598723              X   7.88321806e-5      -3.81132860              X   40.9988358         -1.00000000e-3              -1.88147556e-3      -1.00000000e-3              -9.42957975         -1.00000000e-3              -5.56440380         
229.0-1.0836566410031427 14.577770087283424   5.83626878e-1           X   4.61473489e-1      -9.68515888e-1           X   5.23869107         -3.05647776              X   9.16602138e-5      -3.72943844              X   37.8245183         -1.00000000e-3              -4.11821188e-3      -1.00000000e-3              -9.42220239         -1.00000000e-3              -5.55850191         
230.0-1.048740312104749  14.539770068131425   5.33295397e-1           X   4.35007182e-1      -8.68515888e-1           X   4.74964881         -3.22882684              X   1.03640976e-4      -3.64913083              X   34.6556213         -1.00000000e-3              -8.02950180e-3      -1.00000000e-3              -9.41528965         -1.00000000e-3              -5.55297172         
231.0-1.0124700424076343 14.498386534871171   4.79050744e-1           X   4.07607960e-1      -7.68515888e-1           X   4.27149690         -3.39723518              X   1.14892584e-4      -3.57061292              X   31.5058005         -1.00000000e-3              -1.18203428e-2      -1.00000000e-3              -9.40739174         -1.00000000e-3              -5.54665339         
232.0-0.9749830243085252 14.453197192269949   4.20486365e-1           X   3.79300122e-1      -6.68515888e-1           X   3.80694389         -3.55738958              X   1.25509725e-4      -3.49411583              X   28.3923678         -1.00000000e-3              -1.42070815e-2      -1.00000000e-3              -9.39743034         -1.00000000e-3              -5.53868427         
233.0-0.9365083628299539 14.403746356871116   3.57186377e-1           X   3.50146668e-1      -5.68515888e-1           X   3.35912335         -3.70579492              X   1.35576493e-4      -3.41989200              X   25.3367736         -1.00000000e-3              -1.41929777e-2      -1.00000000e-3              -9.38453168         -1.00000000e-3              -5.52836534         
234.0-0.8973932209543708 14.349560444292308   2.88750433e-1           X   3.20265287e-1      -4.68515888e-1           X   2.93156248         -3.83948465              X   1.45172977e-4      -3.34820840              X   22.3648534         -1.00000000e-3              -1.09671509e-2      -1.00000000e-3              -9.36795411         -1.00000000e-3              -5.51510329         
235.0-0.8581269293942135 14.290175278126672   2.14831619e-1           X   2.89847065e-1      -3.68515888e-1           X   2.52808082         -3.95594067              X   1.54377302e-4      -3.27933373              X   19.5066060         -1.00000000e-3              -3.86937494e-3      -1.00000000e-3              -9.34706811         -1.00000000e-3              -5.49839449         
236.0-0.8193545100647457 14.225177780940705   1.35188196e-1           X   2.59175157e-1      -2.68515888e-1           X   2.15259246         -4.05315293              X   1.63262957e-4      -3.21351835              X   16.7952029         -1.00000000e-3           S   7.60345717e-3      -1.00000000e-3              -9.32137118         -1.00000000e-3              -5.47783694         
237.0-0.7818666807213265 14.154261522274433   4.97453825e-2           X   2.28637554e-1      -1.68515888e-1           X   1.80879616         -4.12977453              X   1.71891018e-4      -3.15096687              X   14.2649522         -1.00000000e-3           S   2.37639076e-2      -1.00000000e-3              -9.29052658         -1.00000000e-3              -5.45316126         
238.0-0.7465517194938175 14.077289460451881  -4.13441032e-2           X   1.98724824e-1      -6.85158882e-2           X   1.49976859         -4.18531933              X   1.80298066e-4      -3.09180656              X   11.9481307         -1.00000000e-3           S   4.46891850e-2      -1.00000000e-3              -9.25441278         -1.00000000e-3              -5.42427022         
239.0-0.714259022890788  13.99434107410774   -1.37981695e-1           X   1.69041873e-1       3.14841118e-2           X   1.22762702         -4.22036988              X   1.88525455e-4      -3.03606309              X   9.87083267         -1.00000000e-3           S   7.01679798e-2      -1.00000000e-3              -9.21317541         -1.00000000e-3              -5.39128033         
240.0-0.6868991151632275 13.905153902122324  -2.39292085e-1           X   1.40911713e-1       1.31484112e-1           X   9.92779399e-1      -4.23647308              X   1.96447798e-4      -2.98396091              X   8.03839820         -1.00000000e-3           S   9.95350350e-2      -1.00000000e-3              -9.16720122         -1.00000000e-3              -5.35450097         
241.0-0.6625888724286635 13.810887417724206  -3.44182359e-1           X   1.15393996e-1       2.31484112e-1           X   7.94260049e-1      -4.23598866              X   2.04033446e-4      -2.93497748              X   6.47003779         -1.00000000e-3           S   1.32352126e-1      -1.00000000e-3              -9.11708011         -1.00000000e-3              -5.31440409         
242.0-0.6428653541459497 13.712305822485833  -4.51637446e-1           X   9.28285265e-2       3.31484112e-1           X   6.29706023e-1      -4.22216692              X   2.11148978e-4      -2.88880875              X   5.15620487         -1.00000000e-3           S   1.67738530e-1      -1.00000000e-3              -9.06362467         -1.00000000e-3              -5.27163974         
243.0-0.6274680627582938 13.610240400865067  -5.60660165e-1           X   7.33518757e-2       4.31484112e-1           X   4.95626719e-1      -4.19840509              X   2.17672303e-4      -2.84512129              X   4.07634743         -1.00000000e-3           S   2.04784109e-1      -1.00000000e-3              -9.00768422         -1.00000000e-3              -5.22688737         
244.0-0.6158563822655666 13.505492312510706  -6.70362130e-1           X   5.68986551e-2       5.31484112e-1           X   3.87916863e-1      -4.16787967              X   2.23514596e-4      -2.80360319              X   3.20281241         -1.00000000e-3           S   2.42637986e-1      -1.00000000e-3              -8.95005286         -1.00000000e-3              -5.18078229         
245.0-0.6073341380195537 13.398760552683859  -7.80009439e-1           X   4.32423274e-2       6.31484112e-1           X   3.02345311e-1      -4.13330791              X   2.28631369e-4      -2.76400309              X   2.50501690         -1.00000000e-3           S   2.80561972e-1      -1.00000000e-3              -8.89140992         -1.00000000e-3              -5.13386794         
246.0-0.6011648585209239 13.290603086455679  -8.89025456e-1           X   3.20548296e-2       7.31484112e-1           X   2.34919911e-1      -4.09685305              X   2.33021649e-4      -2.72615332              X   1.95284315         -1.00000000e-3           S   3.17946769e-1      -1.00000000e-3              -8.83229621         -1.00000000e-3              -5.08657696         
247.0-0.5966492118001253 13.181425793980841  -9.96966146e-1           X   2.29644857e-2       8.31484112e-1           X   1.82100466e-1      -4.06013763              X   2.36719144e-4      -2.68997940              X   1.51882745         -1.00000000e-3           S   3.54301192e-1      -1.00000000e-3              -8.77311735         -1.00000000e-3              -5.03923388         
248.0-0.5931615399999396 13.071488479134839  -1.10348478              X   1.56004238e-2       9.31484112e-1           X   1.40882765e-1      -4.02431536              X   2.39780532e-4      -2.65550135              X   1.17922025         -1.00000000e-3           S   3.89227314e-1      -1.00000000e-3              -8.71416178         -1.00000000e-3              -4.99206943         
249.0-0.5901570171222611 12.960918191420676  -1.20829786              X   9.62088295e-3       1.03148411              X   1.08795687e-1      -3.99016179              X   2.42274568e-4      -2.62283209              X   9.14230065e-1      -1.00000000e-3           S   4.22391343e-1      -1.00000000e-3              -8.65562339         -1.00000000e-3              -4.94523871         
250.0-0.5871637789415652 12.849723607434996  -1.31115829              X   4.72825073e-3       1.13148411              X   8.38506678e-2      -3.95816091              X   2.44273740e-4      -2.59217605              X   7.07784379e-1      -1.00000000e-3           S   4.53495665e-1      -1.00000000e-3              -8.59762317         -1.00000000e-3              -4.89883854         
251.0-0.5837713769944965 12.737807617061307  -1.41183843              X   6.75371792e-4       1.23148411              X   6.44716926e-2      -3.92857773              X   2.45848744e-4      -2.56382974              X   5.47062700e-1      -1.00000000e-3           S   4.82254262e-1      -1.00000000e-3              -8.54022738         -1.00000000e-3              -4.85292190         
252.0-0.57962307098281   12.624977736118138  -1.51012359              X  -2.73288147e-3       1.33148411              X   4.94227395e-2      -3.90151486              X   2.47065343e-4      -2.53818440              X   4.21963886e-1      -1.00000000e-3           S   5.08372111e-1      -1.00000000e-3              -8.48346166         -1.00000000e-3              -4.80750933         
253.0-0.5744167144511527 12.510955645624321  -1.60581623              X  -5.64025708e-3       1.43148411              X   3.77412562e-2      -3.87695482              X   2.47982965e-4      -2.51572946              X   3.24595494e-1      -1.00000000e-3           S   5.31528751e-1      -1.00000000e-3              -8.42732165         -1.00000000e-3              -4.76259732         
254.0-0.5679171704559706 12.395388376260208  -1.69875053              X  -8.14113002e-3       1.53148411              X   2.86810534e-2      -3.85479097              X   2.48654455e-4      -2.49705448              X   2.48824469e-1      -1.00000000e-3           S   5.51366688e-1      -1.00000000e-3              -8.37178069         -1.00000000e-3              -4.71816455         
255.0-0.5599813587657041 12.277864606550205  -1.78881533              X  -1.02844690e-2       1.63148411              X   2.16651188e-2      -3.83485075              X   2.49126484e-4      -2.48284525              X   1.89900471e-1      -1.00000000e-3           S   5.67486251e-1      -1.00000000e-3              -8.31679563         -1.00000000e-3              -4.67417651         
256.0-0.5505941244575162 12.157940129053175  -1.87598140              X  -1.20812775e-2       1.73148411              X   1.62474929e-2      -3.81691461              X   2.49440243e-4      -2.47386800              X   1.44149024e-1      -1.00000000e-3           S   5.79449798e-1      -1.00000000e-3              -8.26231160         -1.00000000e-3              -4.63058928         
257.0-0.5399084991149367 12.035176325124066  -1.96032501              X  -1.35169340e-2       1.83148411              X   1.20828576e-2      -3.80073387              X   2.49632120e-4      -2.47093410              X   1.08725708e-1      -1.00000000e-3           S   5.86799311e-1      -1.00000000e-3              -8.20826641         -1.00000000e-3              -4.58735313         
258.0-0.5282781097910988 11.909193752991646  -2.04203699              X  -1.45684463e-2       1.93148411              X   8.90248153e-3      -3.78605014              X   2.49734127e-4      -2.47483759              X   8.14212935e-2      -1.00000000e-3           S   5.89091558e-1      -1.00000000e-3              -8.15459548         -1.00000000e-3              -4.54441638         
259.0-0.5162649428410536 11.779738991910808  -2.12140596              X  -1.52241735e-2       2.03148411              X   6.49539989e-3      -3.77261710              X   2.49773906e-4      -2.48626242              X   6.05087561e-2      -1.00000000e-3           S   5.85952685e-1      -1.00000000e-3              -8.10123722         -1.00000000e-3              -4.50172977         
260.0-0.5046068771837794 11.646756732921064  -2.19876958              X  -1.55012273e-2       2.13148411              X   4.69401425e-3      -3.76022295              X   2.49774322e-4      -2.50566631              X   4.46250229e-2      -1.00000000e-3           S   5.77148141e-1      -1.00000000e-3              -8.04813868         -1.00000000e-3              -4.45925095         
261.0-0.4941406226635507411.5104525247719    -2.27443890              X  -1.54550792e-2       2.23148411              X   3.36352501e-3      -3.74870919              X   2.49752861e-4      -2.53316351              X   3.26821010e-2      -1.00000000e-3           S   5.62654601e-1      -1.00000000e-3              -7.99526024         -1.00000000e-3              -4.41694819         
262.0-0.4856957257874152711.37132837481878   -2.34861358              X  -1.51776656e-2       2.33148411              X   2.39464606e-3      -3.73797972              X   2.49721277e-4      -2.56844117              X   2.38031008e-2      -1.00000000e-3           S   5.42712650e-1      -1.00000000e-3              -7.94257787         -1.00000000e-3              -4.37480230         
263.0-0.4799931356052354311.230177563335317  -2.42131364              X  -1.47838887e-2       2.43148411              X   1.69888542e-3      -3.72799682              X   2.49685978e-4      -2.61074218              X   1.72783813e-2      -1.00000000e-3           S   5.17839610e-1      -1.00000000e-3              -7.89008215         -1.00000000e-3              -4.33280572         
264.0-0.4775819986984727 11.088036744541565  -2.49234814              X  -1.43904429e-2       2.53148411              X   1.20547877e-3      -3.71876509              X   2.49649272e-4      -2.65892519              X   1.25361982e-2      -1.00000000e-3           S   4.88794846e-1      -1.00000000e-3              -7.83777422         -1.00000000e-3              -4.29095937         
265.0-0.4788271984286854 10.946106859533206  -2.56132785              X  -1.40937576e-2       2.63148411              X   8.59069847e-4      -3.71030958              X   2.49611135e-4      -2.71158215              X   9.12197212e-3      -1.00000000e-3           S   4.56508704e-1      -1.00000000e-3              -7.78566034         -1.00000000e-3              -4.24926827         
266.0-0.4839341270742864610.805661791624129  -2.62771379              X  -1.39540099e-2       2.73148411              X   6.17520829e-4      -3.70265552              X   2.49570845e-4      -2.76717523              X   6.68136834e-3      -1.00000000e-3           S   4.21998005e-1      -1.00000000e-3              -7.73374682         -1.00000000e-3              -4.20773746         
267.0-0.4929866757774032 10.667962363555905  -2.69088677              X  -1.39892660e-2       2.83148411              X   4.49642569e-4      -3.69581457              X   2.49528040e-4      -2.82415922              X   4.94445747e-3      -1.00000000e-3           S   3.86288996e-1      -1.00000000e-3              -7.68203659         -1.00000000e-3              -4.16636927         
268.0-0.5059822291907755 10.534186979460504  -2.75022277              X  -1.41795913e-2       2.93148411              X   3.32930356e-4      -3.68977852              X   2.49483097e-4      -2.88107393              X   3.71026709e-3      -1.00000000e-3           S   3.50357874e-1      -1.00000000e-3              -7.63052757         -1.00000000e-3              -4.12516206         
269.0-0.5228606732721411 10.405383911733075  -2.80516307              X  -1.44779727e-2       3.03148411              X   2.51485379e-4      -3.68451893              X   2.49437035e-4      -2.93660730              X   2.83221989e-3      -1.00000000e-3           S   3.15088823e-1      -1.00000000e-3              -7.57921268         -1.00000000e-3              -4.08411014         
270.0-0.5435317801835683 10.282445792332563  -2.85527153              X  -1.48240935e-2       3.13148411              X   1.94256720e-4      -3.67999018              X   2.49391215e-4      -2.98963751              X   2.20522187e-3      -1.00000000e-3           S   2.81244931e-1      -1.00000000e-3              -7.52808049         -1.00000000e-3              -4.04320439         
271.0-0.5679050065228054 10.166103641591944  -2.90027364              X  -1.51576508e-2       3.23148411              X   1.53651381e-4      -3.67613405              X   2.49347030e-4      -3.03926121              X   1.75489763e-3      -1.00000000e-3           S   2.49447844e-1      -1.00000000e-3              -7.47711646         -1.00000000e-3              -4.00243317         
272.0-0.5959212856855017 10.056935027977337  -2.94007485              X  -1.54289172e-2       3.33148411              X   1.24490842e-4      -3.67288448              X   2.49305670e-4      -3.08481094              X   1.42907921e-3      -1.00000000e-3           S   2.20164543e-1      -1.00000000e-3              -7.42630406         -1.00000000e-3              -3.96178325         
273.0-0.6275816800730052 9.955379006792      -2.97475752              X  -1.56051987e-2       3.43148411              X   1.03257265e-4      -3.67017193              X   2.49268005e-4      -3.12586102              X   1.19135828e-3      -1.00000000e-3           S   1.93702009e-1      -1.00000000e-3              -7.37562593         -1.00000000e-3              -3.92124074         
274.0-0.6629653181875678 9.861750220981735   -3.00455961              X  -1.56727938e-2       3.53148411              X   8.75636130e-5      -3.66792696              X   2.49234541e-4      -3.16221952              X   1.01636135e-3      -1.00000000e-3           S   1.70211337e-1      -1.00000000e-3              -7.32506468         -1.00000000e-3              -3.88079175         
275.0-0.7022299845621833 9.776246490495891   -3.02984026              X  -1.56350196e-2       3.63148411              X   7.57879206e-5      -3.66608303              X   2.49205451e-4      -3.19390543              X   8.86374239e-4      -1.00000000e-3           S   1.49702035e-1      -1.00000000e-3              -7.27460370         -1.00000000e-3              -3.84042296         
276.0-0.7455927350708174 9.698947959244006   -3.05103927              X  -1.55076347e-2       3.73148411              X   6.68237354e-5      -3.66457849              X   2.49180638e-4      -3.22111269              X   7.88974620e-4      -1.00000000e-3           S   1.32065377e-1      -1.00000000e-3              -7.22422757         -1.00000000e-3              -3.80012205         
277.0-0.7932934226282902 9.629810118830862   -3.06863694              X  -1.53132922e-2       3.83148411              X   5.99109783e-5      -3.66335777              X   2.49159807e-4      -3.24416554              X   7.15393052e-4      -1.00000000e-3           S   1.17103715e-1      -1.00000000e-3              -7.17392239         -1.00000000e-3              -3.75987791         
278.0-0.8455489215657469 9.568656169790902   -3.08311944              X  -1.50764410e-2       3.93148411              X   5.45218765e-5      -3.66237195              X   2.49142550e-4      -3.26347166              X   6.59387371e-4      -1.00000000e-3           S   1.04561578e-1      -1.00000000e-3              -7.12367593         -1.00000000e-3              -3.71968075         
279.0-0.9025083483666639 9.515175019745506   -3.09495236              X  -1.48195461e-2       4.03148411              X   5.02844476e-5      -3.66157888              X   2.49128407e-4      -3.27947875              X   6.16472639e-4      -1.00000000e-3           S   9.41545407e-2      -1.00000000e-3              -7.07347766         -1.00000000e-3              -3.67952213         
280.0-0.9642189200368674 9.46892954593126    -3.10456323              X  -1.45608929e-2       4.13148411              X   4.69315293e-5      -3.66094280              X   2.49116911e-4      -3.29263913              X   5.83394401e-4      -1.00000000e-3           S   8.55929800e-2      -1.00000000e-3              -7.02331864         -1.00000000e-3              -3.63939492         
281.0-1.0306087142204459 9.429376428889293   -3.11233198              X  -1.43137958e-2       4.23148411              X   4.42670964e-5      -3.66043386              X   2.49107629e-4      -3.30338393              X   5.57767300e-4      -1.00000000e-3           S   7.85994302e-2      -1.00000000e-3              -6.97319141         -1.00000000e-3              -3.59929313         
282.0-1.1014878726729715 9.39589536287652    -3.11858776              X  -1.40868028e-2       4.33148411              X   4.21441486e-5      -3.66002738              X   2.49100169e-4      -3.31210690              X   5.37825774e-4      -1.00000000e-3           S   7.29196076e-2      -1.00000000e-3              -6.92308979         -1.00000000e-3              -3.55921183         
283.0-1.1765653992895326 9.367823093303146   -3.12361008              X  -1.38844625e-2       4.43148411              X   4.04502247e-5      -3.65970319              X   2.49094196e-4      -3.31915625              X   5.22250774e-4      -1.00000000e-3           S   6.83281019e-2      -1.00000000e-3              -6.87300874         -1.00000000e-3              -3.51914699         
284.0-1.2554759296639346 9.344487126812359   -3.12763266              X  -1.37082979e-2       4.53148411              X   3.90978528e-5      -3.65944490              X   2.49089424e-4      -3.32483241              X   5.10048273e-4      -1.00000000e-3           S   6.46300916e-2      -1.00000000e-3              -6.82294417         -1.00000000e-3              -3.47909534         
285.0-1.337810145088546  9.325234885029131   -3.13084861              X  -1.35577541e-2       4.63148411              X   3.80181485e-5      -3.65923927              X   2.49085620e-4      -3.32938973              X   5.00463241e-4      -1.00000000e-3           S   6.16604207e-2      -1.00000000e-3              -6.77289276         -1.00000000e-3              -3.43905421         
286.0-1.4231435039786635 9.309455810715752   -3.13341602              X  -1.34309966e-2       4.73148411              X   3.71564054e-5      -3.65907566              X   2.49082590e-4      -3.33304046              X   4.92918116e-4      -1.00000000e-3           S   5.92811434e-2      -1.00000000e-3              -6.72285186         -1.00000000e-3              -3.39902149         
287.0-1.5110598535099276 9.296595726890782   -3.13546343              X  -1.33255204e-2       4.83148411              X   3.64689529e-5      -3.65894553              X   2.49080179e-4      -3.33595972              X   4.86968333e-4      -1.00000000e-3           S   5.73783439e-2      -1.00000000e-3              -6.67281933         -1.00000000e-3              -3.35899546         
288.0-1.6011684523921006 9.286164102252336   -3.13709475              X  -1.32385764e-2       4.93148411              X   3.59208355e-5      -3.65884207              X   2.49078262e-4      -3.33829081              X   4.82269847e-4      -1.00000000e-3           S   5.58587678e-2      -1.00000000e-3              -6.62279346         -1.00000000e-3              -3.31897477         
289.0-1.6931144610578417 9.277735628638407   -3.13839368              X  -1.31674464e-2       5.03148411              X   3.54840441e-5      -3.65875983              X   2.49076738e-4      -3.34015021              X   4.78555168e-4      -1.00000000e-3           S   5.46465851e-2      -1.00000000e-3              -6.57277290         -1.00000000e-3              -3.27895832         
290.0-1.786583860243872  9.270947744077592   -3.13942741              X  -1.31096033e-2       5.13148411              X   3.51361358e-5      -3.65869447              X   2.49075527e-4      -3.34163209              X   4.75615513e-4      -1.00000000e-3           S   5.36804513e-2      -1.00000000e-3              -6.52275656         -1.00000000e-3              -3.23894525         
291.0-1.8813041077446062 9.265495615015247   -3.14024974              X  -1.30627909e-2       5.23148411              X   3.48591375e-5      -3.65864253              X   2.49074565e-4      -3.34281233              X   4.73287388e-4      -1.00000000e-3           S   5.29109372e-2      -1.00000000e-3              -6.47274358         -1.00000000e-3              -3.19893486         
292.0-1.977041805909275  9.26112579999327    -3.14090371              X  -1.30250513e-2       5.33148411              X   3.46386680e-5      -3.65860126              X   2.49073800e-4      -3.34375187              X   4.71442410e-4      -1.00000000e-3           S   5.22983358e-2      -1.00000000e-3              -6.42273326         -1.00000000e-3              -3.15892661         
293.0-2.073598400136096  9.257629483136553   -3.14142364              X  -1.29947201e-2       5.43148411              X   3.44632301e-5      -3.65856847              X   2.49073193e-4      -3.34449953              X   4.69979541e-4      -1.00000000e-3           S   5.18108257e-2      -1.00000000e-3              -6.37272506         -1.00000000e-3              -3.11892005         
294.0-2.17080458454617   9.254835863040826   -3.14183692              X  -1.29704039e-2       5.53148411              X   3.43236402e-5      -3.65854242              X   2.49072710e-4      -3.34509436              X   4.68819118e-4      -1.00000000e-3           S   5.14229500e-2      -1.00000000e-3              -6.32271855         -1.00000000e-3              -3.07891484         
295.0-2.2685137201435164 9.252606041987105   -3.14216537              X  -1.29509497e-2       5.63148411              X   3.42125678e-5      -3.65852173              X   2.49072327e-4      -3.34556758              X   4.67898229e-4      -1.00000000e-3           S   5.11143712e-2      -1.00000000e-3              -6.27271338         -1.00000000e-3              -3.03891070         
296.0-2.3665941871970153 9.250827586229677   -3.14242636              X  -1.29354124e-2       5.73148411              X   3.41241641e-5      -3.65850530              X   2.49072023e-4      -3.34594407              X   4.67167131e-4      -1.00000000e-3           S   5.08688567e-2      -1.00000000e-3              -6.22270927         -1.00000000e-3              -2.99890741         
297.0-2.4649201746154925 9.249409811743083   -3.14263371              X  -1.29230221e-2       5.83148411              X   3.40537640e-5      -3.65849224              X   2.49071781e-4      -3.34624369              X   4.66586444e-4      -1.00000000e-3           S   5.06734585e-2      -1.00000000e-3              -6.17270601         -1.00000000e-3              -2.95890480         
298.0-2.563359902755734  9.248279778199539   -3.14279842              X  -1.29131558e-2       5.93148411              X   3.39976455e-5      -3.65848188              X   2.49071589e-4      -3.34648228              X   4.66124965e-4      -1.00000000e-3           S   5.05178506e-2      -1.00000000e-3              -6.12270341         -1.00000000e-3              -2.91890273         
299.0-2.6617596063511697 9.247378934261182   -3.14292923              X  -1.29053114e-2       6.03148411              X   3.39528374e-5      -3.65847366              X   2.49071437e-4      -3.34667248              X   4.65757941e-4      -1.00000000e-3           S   5.03937966e-2      -1.00000000e-3              -6.07270136         -1.00000000e-3              -2.87890109         

1.0  -2.759920682494988  10.337751830178732  -3.14303309              X  -1.28990859e-2       6.13148411              X   3.39169645e-5      -3.65846713              X   1.24907132e-3      -3.34682435              X   2.46546571e-3       1.00000000e-3           X   4.92937219e-2      -1.00000000e-3              -6.02269973         -1.00000000e-3              -2.83889978         
2.0  -2.8575857371555022 10.337150955226035  -3.14310452              X  -1.28941315e-2       6.23148411              X   3.38881286e-5      -3.65845188              X   1.24768315e-3      -3.34693461              X   2.46245651e-3       9.98605751e-4           X   4.92252984e-2      -1.00000000e-3              -5.97269592         -1.00000000e-3              -2.79889673         
3.0  -2.9543028723638898 10.336670094503937  -3.14316069              X  -1.28902206e-2       6.33148411              X   3.38647906e-5      -3.65843935              X   1.24657366e-3      -3.34702291              X   2.46005134e-3       9.97491170e-4           X   4.91706112e-2      -1.00000000e-3              -5.92269278         -1.00000000e-3              -2.75889423         
4.0  -3.0494953762540304 10.336283907303716  -3.14320459              X  -1.28871490e-2       6.43148411              X   3.38457114e-5      -3.65842888              X   1.24568355e-3      -3.34709396              X   2.45812164e-3       9.96596683e-4           X   4.91267369e-2      -1.00000000e-3              -5.87269017         -1.00000000e-3              -2.71889213         
5.0  -3.1422535878344955 10.335971996579485  -3.14323857              X  -1.28847560e-2       6.53148411              X   3.38298768e-5      -3.65841993              X   1.24496526e-3      -3.34715154              X   2.45656434e-3       9.95874518e-4           X   4.90913319e-2      -1.00000000e-3              -5.82268793         -1.00000000e-3              -2.67889034         
6.0  -3.2312272938061652 10.335717858649616  -3.14326445              X  -1.28829159e-2       6.63148411              X   3.38164450e-5      -3.65841203              X   1.24438046e-3      -3.34719873              X   2.45529630e-3       9.95286131e-4           X   4.90625064e-2      -1.00000000e-3              -5.77268595         -1.00000000e-3              -2.63888876         
7.0  -3.3144654860402296 10.335508027031647  -3.14328362              X  -1.28815317e-2       6.73148411              X   3.38047016e-5      -3.65840476              X   1.24389794e-3      -3.34723804              X   2.45424990e-3       9.94800134e-4           X   4.90387224e-2      -1.00000000e-3              -5.72268413         -1.00000000e-3              -2.59888731         
8.0  -3.3892766470535696 10.335331369614511  -3.14329709              X  -1.28805304e-2       6.83148411              X   3.37940214e-5      -3.65839773              X   1.24349197e-3      -3.34727158              X   2.45336932e-3       9.94390611e-4           X   4.90187117e-2      -1.00000000e-3              -5.67268238         -1.00000000e-3              -2.55888590         
9.0  -3.452210695997569  10.335178504778938  -3.14330558              X  -1.28798591e-2       6.93148411              X   3.37838362e-5      -3.65839058              X   1.24314092e-3      -3.34730111              X   2.45260763e-3       9.94035733e-4           X   4.90014075e-2      -1.00000000e-3              -5.62268059         -1.00000000e-3              -2.51888447         
10.0 -3.499320916522789  10.335041307277965  -3.14330955              X  -1.28794822e-2       7.03148411              X   3.37736037e-5      -3.65838291              X   1.24282607e-3      -3.34732822              X   2.45192424e-3       9.93716589e-4           X   4.89858876e-2      -1.00000000e-3              -5.57267867         -1.00000000e-3              -2.47888294         
11.0 -3.526836803235672  10.334912478732019  -3.14330920              X  -1.28793797e-2       7.13148411              X   3.37627790e-5      -3.65837434              X   1.24253064e-3      -3.34735435              X   2.45128273e-3       9.93416174e-4           X   4.89713252e-2      -1.00000000e-3              -5.52267653         -1.00000000e-3              -2.43888122         
12.0 -3.5321582691431823 10.334785160551263  -3.14330452              X  -1.28795462e-2       7.23148411              X   3.37507860e-5      -3.65836439              X   1.24223891e-3      -3.34738090              X   2.45064892e-3       9.93118485e-4           X   4.89569444e-2      -1.00000000e-3              -5.47267404         -1.00000000e-3              -2.39887923         
13.0 -3.514730504338161  10.334652569009076  -3.14329527              X  -1.28799901e-2       7.33148411              X   3.37369860e-5      -3.65835254              X   1.24193533e-3      -3.34740927              X   2.44998906e-3       9.92807663e-4           X   4.89419791e-2      -1.00000000e-3              -5.42267108         -1.00000000e-3              -2.35887686         
14.0 -3.476247918438237  10.334507633099998  -3.14328094              X  -1.28807346e-2       7.43148411              X   3.37206446e-5      -3.65833815              X   1.24160372e-3      -3.34744099              X   2.44926800e-3       9.92467153e-4           X   4.89256323e-2      -1.00000000e-3              -5.37266748         -1.00000000e-3              -2.31887399         
15.0 -3.4200420382378676 10.334342615701159  -3.14326078              X  -1.28818187e-2       7.53148411              X   3.37008922e-5      -3.65832047              X   1.24122642e-3      -3.34747773              X   2.44844733e-3       9.92078814e-4           X   4.89070331e-2      -1.00000000e-3              -5.32266306         -1.00000000e-3              -2.27887045         
16.0 -3.3500703901513114 10.3341486973671    -3.14323370              X  -1.28832986e-2       7.63148411              X   3.36766779e-5      -3.65829855              X   1.24078334e-3      -3.34752145              X   2.44748332e-3       9.91621959e-4           X   4.88851907e-2      -1.00000000e-3              -5.27265758         -1.00000000e-3              -2.23886606         
17.0 -3.270057549735714  10.333915499679605  -3.14319827              X  -1.28852512e-2       7.73148411              X   3.36467139e-5      -3.65827121              X   1.24025087e-3      -3.34757449              X   2.44632462e-3       9.91072245e-4           X   4.88589412e-2      -1.00000000e-3              -5.22265075         -1.00000000e-3              -2.19886060         
18.0 -3.1830452046297015 10.333630521246361  -3.14315260              X  -1.28877770e-2       7.83148411              X   3.36094073e-5      -3.65823701              X   1.23960063e-3      -3.34763968              X   2.44490948e-3       9.90400375e-4           X   4.88268860e-2      -1.00000000e-3              -5.17264220         -1.00000000e-3              -2.15885376         
19.0 -3.091297572494132  10.333278453829129  -3.14309424              X  -1.28910051e-2       7.93148411              X   3.35627759e-5      -3.65819412              X   1.23879796e-3      -3.34772048              X   2.44316246e-3       9.89570538e-4           X   4.87873164e-2      -1.00000000e-3              -5.12263147         -1.00000000e-3              -2.11884518         
20.0 -2.9963987227824895 10.33284033819487   -3.14302010              X  -1.28950990e-2       8.03148411              X   3.35043433e-5      -3.65814024              X   1.23780007e-3      -3.34782121              X   2.44099044e-3       9.88538487e-4           X   4.87381229e-2      -1.00000000e-3              -5.07261800         -1.00000000e-3              -2.07883440         
21.0 -2.899409874474497  10.332292508335312  -3.14292621              X  -1.29002631e-2       8.13148411              X   3.34310094e-5      -3.65807250              X   1.23655374e-3      -3.34794725              X   2.43827758e-3       9.87249175e-4           X   4.86766818e-2      -1.00000000e-3              -5.02260107         -1.00000000e-3              -2.03882085         
22.0 -2.8010181157763805 10.331605257561987  -3.14280755              X  -1.29067509e-2       8.23148411              X   3.33388870e-5      -3.65798727              X   1.23499247e-3      -3.34810531              X   2.43487914e-3       9.85633804e-4           X   4.85997151e-2      -1.00000000e-3              -4.97257976         -1.00000000e-3              -1.99880381         
23.0 -2.701653040624051  10.330741138925472  -3.14265778              X  -1.29148738e-2       8.33148411              X   3.32230993e-5      -3.65788000              X   1.23303294e-3      -3.34830385              X   2.43061371e-3       9.83606130e-4           X   4.85031143e-2      -1.00000000e-3              -4.92255294         -1.00000000e-3              -1.95878235         
24.0 -2.6015697935531374 10.329652782804438  -3.14246890              X  -1.29250101e-2       8.43148411              X   3.30775262e-5      -3.65774493              X   1.23057046e-3      -3.34855349              X   2.42525348e-3       9.81057822e-4           X   4.83817196e-2      -1.00000000e-3              -4.87251918         -1.00000000e-3              -1.91875534         
25.0 -2.5009046440418112 10.32828007224984   -3.14223079              X  -1.29376134e-2       8.53148411              X   3.28944891e-5      -3.65757481              X   1.22747341e-3      -3.34886757              X   2.41851190e-3       9.77852617e-4           X   4.82290415e-2      -1.00000000e-3              -4.82247665         -1.00000000e-3              -1.87872132         
26.0 -2.399710256776063  10.326546455269813  -3.14193068              X  -1.29532177e-2       8.63148411              X   3.26643579e-5      -3.65736049              X   1.22357607e-3      -3.34926293              X   2.41002826e-3       9.73818939e-4           X   4.80369101e-2      -1.00000000e-3              -4.77242307         -1.00000000e-3              -1.83867845         
27.0 -2.297976538731212  10.32435408209888   -3.14155244              X  -1.29724357e-2       8.73148411              X   3.23750648e-5      -3.65709040              X   1.21866961e-3      -3.34976080              X   2.39934802e-3       9.68740565e-4           X   4.77950309e-2      -1.00000000e-3              -4.72235555         -1.00000000e-3              -1.79862444         
28.0 -2.195641225942766  10.321577317073094  -3.14107571              X  -1.29959431e-2       8.83148411              X   3.20115037e-5      -3.65674993              X   1.21249072e-3      -3.35038796              X   2.38589806e-3       9.62344797e-4           X   4.74904227e-2      -1.00000000e-3              -4.67227043         -1.00000000e-3              -1.75855634         
29.0 -2.0925928073202313 10.318053958931971  -3.14047472              X  -1.30244367e-2       8.93148411              X   3.15547946e-5      -3.65632056              X   1.20470712e-3      -3.35117823              X   2.36895510e-3       9.54287425e-4           X   4.71067038e-2      -1.00000000e-3              -4.62216308         -1.00000000e-3              -1.71847047         
30.0 -1.9886671016144406 10.31357315727362   -3.13971690              X  -1.30585463e-2       9.03148411              X   3.09813896e-5      -3.65577883              X   1.19489911e-3      -3.35217440              X   2.34760564e-3       9.44133577e-4           X   4.66231825e-2      -1.00000000e-3              -4.57202765         -1.00000000e-3              -1.67836212         
31.0 -1.8836376835933568 10.307858439939137  -3.13876096              X  -1.30986659e-2       9.13148411              X   3.02620018e-5      -3.65509492              X   1.18253601e-3      -3.35343060              X   2.32069466e-3       9.31333217e-4           X   4.60136958e-2      -1.00000000e-3              -4.52185667         -1.00000000e-3              -1.63822534         
32.0 -1.7771992190079202 10.300543283335283  -3.13755449              X  -1.31446450e-2       9.23148411              X   2.93603481e-5      -3.65423087              X   1.16694592e-3      -3.35501551              X   2.28675986e-3       9.15189656e-4           X   4.52451179e-2      -1.00000000e-3              -4.47164066         -1.00000000e-3              -1.59805253         
33.0 -1.668941324590928  10.29113490235598   -3.13603084              X  -1.31952394e-2       9.33148411              X   2.82317231e-5      -3.65313821              X   1.14727669e-3      -3.35701640              X   2.24394662e-3       8.94818815e-4           X   4.42754335e-2      -1.00000000e-3              -4.42136750         -1.00000000e-3              -1.55783400         
34.0 -1.5583083461156584 10.27895865076644   -3.13410495              X  -1.32471482e-2       9.43148411              X   2.68214760e-5      -3.65175478              X   1.12244495e-3      -3.35954446              X   2.18989729e-3       8.69096050e-4           X   4.30512276e-2      -1.00000000e-3              -4.37102164         -1.00000000e-3              -1.51755731         
35.0 -1.4445365243190245 10.26306892232531   -3.13166789              X  -1.32933290e-2       9.53148411              X   2.50635857e-5      -3.65000050              X   1.09106905e-3      -3.36274193              X   2.12160523e-3       8.36585892e-4           X   4.15043747e-2      -1.00000000e-3              -4.32058307         -1.00000000e-3              -1.47720645         
36.0 -1.3265524025174453 10.242098695925447  -3.12857934              X  -1.33200356e-2       9.63148411              X   2.28797770e-5      -3.64777149              X   1.05137896e-3      -3.36679167              X   2.03521895e-3       7.95447532e-4           X   3.95475971e-2      -1.00000000e-3              -4.27002582         -1.00000000e-3              -1.43676065         
37.0 -1.2028002749359141 10.213988308241017  -3.12465720              X  -1.33015205e-2       9.73148411              X   2.01801764e-5      -3.64493188              X   1.00109236e-3      -3.37193042              X   1.92577246e-3       7.43304367e-4           X   3.70683499e-2      -1.00000000e-3              -4.21931591         -1.00000000e-3              -1.39619273         
38.0 -1.0709294849752002 10.175453624754027  -3.11966251              X  -1.31902834e-2       9.83148411              X   1.68677744e-5      -3.64130170              X   9.37237120e-4      -3.37846803              X   1.78679931e-3       6.77056672e-4           X   3.39200669e-2      -1.00000000e-3              -4.16840837         -1.00000000e-3              -1.35546670         
39.0 -0.9271774548049129 10.12081867966549   -3.11327623              X  -1.28981988e-2       9.93148411              X   1.28521551e-5      -3.63663834              X   8.55880831e-4      -3.38681671              X   1.60974410e-3       5.92595394e-4           X   2.99088214e-2      -1.00000000e-3              -4.11724253         -1.00000000e-3              -1.31453402         
40.0 -0.7650037368187995 10.03900462922532   -3.10505976              X  -1.22568209e-2       10.0314841              X   8.08710859e-6      -3.63060505              X   7.51673833e-4      -3.39754054              X   1.38296803e-3       4.84317887e-4           X   2.47708041e-2      -1.00000000e-3              -4.06573421         -1.00000000e-3              -1.27332736         
41.0 -0.5715189235591532 9.903492348884734   -3.09437546              X  -1.09208121e-2       10.1314841              X   2.67900666e-6      -3.62270853              X   6.16927295e-4      -3.41145482              X   1.08974152e-3       3.44151490e-4           X   1.81269332e-2      -1.00000000e-3              -4.01376008         -1.00000000e-3              -1.23174806         
42.0 -0.3152798080048574 9.616605958324524   -3.08016553              X  -8.05734528e-3       10.2314841              X  -2.72582886e-6      -3.61212884              X   4.39032937e-4      -3.42990130              X   7.02624217e-4       1.58829362e-4           X   9.35602581e-3      -1.00000000e-3              -3.96111515         -1.00000000e-3              -1.18963212         
43.0 0.0                 8.897897031548663   -3.06482907              X  -1.68098120e-3       10.3062553              X  -2.85640192e-6      -3.60061789              X   2.88490382e-4      -3.44969111              X   3.68049119e-4      -3.93420518e-5           X   3.93027097e-5      -1.00000000e-3              -3.92085184         -1.00000000e-3              -1.15742147         
44.0 0.0                 7.895741825787971   -3.12408463              X  -1.96386750e-3       10.3017735              X  -2.64888336e-6      -3.65603279              X   2.51629843e-4      -3.54197821              X   2.96865781e-4      -7.99964048e-2              -1.67643677e-14     -1.00000000e-3              -3.93694645         -1.00000000e-3              -1.17029716         
45.0 0.0                 5.976045132659078   -3.12851424                 -3.97514275e-5       10.3017702              X  -7.19870235e-8      -3.66028013              X   2.49011372e-4      -3.55342195              X   2.89094634e-4      -8.90413409e-2              -5.96744876e-16     -1.00000000e-3              -3.93800995         -1.00000000e-3              -1.17114796         
46.0 0.0                 2.970008081817004   -3.12853762                 -2.70359866e-8       10.3017704                  6.88741973e-11     -3.66029821              X   2.48999988e-4      -3.55356388              X   2.88999907e-4      -8.91419904e-2               1.38777878e-16     -1.00000000e-3              -3.93801436         -1.00000000e-3              -1.17115149         
47.0 0.0                 0.03013966525568529 -3.12853757                  9.22673049e-11      10.3017704                 -8.11535355e-14     -3.66029819                  2.49000000e-4      -3.55356374              X   2.89000000e-4      -8.91418914e-2               1.38777878e-17     -1.00000000e-3              -3.93801436         -1.00000000e-3              -1.17115149         
