NodeID: 0.0
 nr   logfactor           convergence         gas_val_u                   gas_res             I                           I.eq                pH                          chargebalance      
                                                                          0.0                                             0.0                                             0.0                

 1.0  -1.3010299956639813 9.63000000000006    1.00000000e-1            X -4.26579519e-4       1.00000000e-1            X  9.99585708e-2       7.00000000               X -8.24391565e-5      
 2.0  0.0                 9.63000000000006    1.00426580e-1            X -4.26579519e-4       1.00000000e-1            X  9.99585708e-2       7.00000000               X -8.24391565e-5      
 3.0  0.0                 9.63000000000006    1.00853159e-1            X -4.26579519e-4       1.00000000e-1            X  9.99585708e-2       7.00000000               X -8.24391565e-5      
 4.0  0.0                 9.63000000000006    1.01279739e-1            X -4.26579519e-4       1.00000000e-1            X  9.99585708e-2       7.00000000               X -8.24391565e-5      
 5.0  0.0                 9.63000000000006    1.01706318e-1            X -4.26579519e-4       1.00000000e-1            X  9.99585708e-2       7.00000000               X -8.24391565e-5      
 6.0  0.0                 9.63000000000006    1.02132898e-1            X -4.26579519e-4       1.00000000e-1            X  9.99585708e-2       7.00000000               X -8.24391565e-5      
 7.0  0.0                 9.63000000000006    1.02559477e-1            X -4.26579519e-4       1.00000000e-1            X  9.99585708e-2       7.00000000               X -8.24391565e-5      
 8.0  0.0                 9.63000000000006    1.02986057e-1            X -4.26579519e-4       1.00000000e-1            X  9.99585708e-2       7.00000000               X -8.24391565e-5      
 9.0  0.0                 9.63000000000006    1.03412636e-1            X -4.26579519e-4       1.00000000e-1            X  9.99585708e-2       7.00000000               X -8.24391565e-5      
 10.0 0.0                 9.63000000000006    1.03839216e-1            X -4.26579519e-4       1.00000000e-1            X  9.99585708e-2       7.00000000               X -8.24391565e-5      
 11.0 0.0                 9.63000000000006    1.04265795e-1            X -4.26579519e-4       1.00000000e-1            X  9.99585708e-2       7.00000000               X -8.24391565e-5      
 12.0 0.0                 9.63000000000006    1.04692375e-1            X -4.26579519e-4       1.00000000e-1            X  9.99585708e-2       7.00000000               X -8.24391565e-5      
 13.0 0.0                 9.63000000000006    1.05118954e-1            X -4.26579519e-4       1.00000000e-1            X  9.99585708e-2       7.00000000               X -8.24391565e-5      
 14.0 0.0                 9.63000000000006    1.05545534e-1            X -4.26579519e-4       1.00000000e-1            X  9.99585708e-2       7.00000000               X -8.24391565e-5      
 15.0 0.0                 9.63000000000006    1.05972113e-1            X -4.26579519e-4       1.00000000e-1            X  9.99585708e-2       7.00000000               X -8.24391565e-5      
 16.0 0.0                 9.63000000000006    1.06398693e-1            X -4.26579519e-4       1.00000000e-1            X  9.99585708e-2       7.00000000               X -8.24391565e-5      
 17.0 0.0                 9.63000000000006    1.06825272e-1            X -4.26579519e-4       1.00000000e-1            X  9.99585708e-2       7.00000000               X -8.24391565e-5      
 18.0 0.0                 9.63000000000006    1.07251852e-1            X -4.26579519e-4       1.00000000e-1            X  9.99585708e-2       7.00000000               X -8.24391565e-5      
 19.0 0.0                 9.63000000000006    1.07678431e-1            X -4.26579519e-4       1.00000000e-1            X  9.99585708e-2       7.00000000               X -8.24391565e-5      
 20.0 0.0                 9.63000000000006    1.08105011e-1            X -4.26579519e-4       1.00000000e-1            X  9.99585708e-2       7.00000000               X -8.24391565e-5      
 21.0 0.0                 9.63000000000006    1.08531590e-1            X -4.26579519e-4       1.00000000e-1            X  9.99585708e-2       7.00000000               X -8.24391565e-5      
 22.0 0.0                 9.63000000000006    1.08958170e-1            X -4.26579519e-4       1.00000000e-1            X  9.99585708e-2       7.00000000               X -8.24391565e-5      
 23.0 0.0                 9.63000000000006    1.09384749e-1            X -4.26579519e-4       1.00000000e-1            X  9.99585708e-2       7.00000000               X -8.24391565e-5      
 24.0 0.0                 9.63000000000006    1.09811329e-1            X -4.26579519e-4       1.00000000e-1            X  9.99585708e-2       7.00000000               X -8.24391565e-5      
 25.0 0.0                 9.63000000000006    1.10237908e-1            X -4.26579519e-4       1.00000000e-1            X  9.99585708e-2       7.00000000               X -8.24391565e-5      
 26.0 0.0                 9.63000000000006    1.10664488e-1            X -4.26579519e-4       1.00000000e-1            X  9.99585708e-2       7.00000000               X -8.24391565e-5      
 27.0 0.0                 9.63000000000006    1.11091067e-1            X -4.26579519e-4       1.00000000e-1            X  9.99585708e-2       7.00000000               X -8.24391565e-5      
 28.0 0.0                 9.63000000000006    1.11517647e-1            X -4.26579519e-4       1.00000000e-1            X  9.99585708e-2       7.00000000               X -8.24391565e-5      
 29.0 0.0                 9.63000000000006    1.11944227e-1            X -4.26579519e-4       1.00000000e-1            X  9.99585708e-2       7.00000000               X -8.24391565e-5      
 30.0 0.0                 9.63000000000006    1.12370806e-1            X -4.26579519e-4       1.00000000e-1            X  9.99585708e-2       7.00000000               X -8.24391565e-5      
 31.0 0.0                 9.63000000000006    1.12797386e-1            X -4.26579519e-4       1.00000000e-1            X  9.99585708e-2       7.00000000               X -8.24391565e-5      
 32.0 0.0                 9.63000000000006    1.13223965e-1            X -4.26579519e-4       1.00000000e-1            X  9.99585708e-2       7.00000000               X -8.24391565e-5      
 33.0 0.0                 9.63000000000006    1.13650545e-1            X -4.26579519e-4       1.00000000e-1            X  9.99585708e-2       7.00000000               X -8.24391565e-5      
 34.0 0.0                 9.63000000000006    1.14077124e-1            X -4.26579519e-4       1.00000000e-1            X  9.99585708e-2       7.00000000               X -8.24391565e-5      
 35.0 0.0                 9.63000000000006    1.14503704e-1            X -4.26579519e-4       1.00000000e-1            X  9.99585708e-2       7.00000000               X -8.24391565e-5      
 36.0 0.0                 9.63000000000006    1.14930283e-1            X -4.26579519e-4       1.00000000e-1            X  9.99585708e-2       7.00000000               X -8.24391565e-5      
 37.0 0.0                 9.63000000000006    1.15356863e-1            X -4.26579519e-4       1.00000000e-1            X  9.99585708e-2       7.00000000               X -8.24391565e-5      
 38.0 0.0                 9.63000000000006    1.15783442e-1            X -4.26579519e-4       1.00000000e-1            X  9.99585708e-2       7.00000000               X -8.24391565e-5      
 39.0 0.0                 9.63000000000006    1.16210022e-1            X -4.26579519e-4       1.00000000e-1            X  9.99585708e-2       7.00000000               X -8.24391565e-5      
 40.0 0.0                 9.63000000000006    1.16636601e-1            X -4.26579519e-4       1.00000000e-1            X  9.99585708e-2       7.00000000               X -8.24391565e-5      
 41.0 0.0                 9.63000000000006    1.17063181e-1            X -4.26579519e-4       1.00000000e-1            X  9.99585708e-2       7.00000000               X -8.24391565e-5      
 42.0 0.0                 9.63000000000006    1.17489760e-1            X -4.26579519e-4       1.00000000e-1            X  9.99585708e-2       7.00000000               X -8.24391565e-5      
 43.0 0.0                 9.63000000000006    1.17916340e-1            X -4.26579519e-4       1.00000000e-1            X  9.99585708e-2       7.00000000               X -8.24391565e-5      
 44.0 0.0                 9.63000000000006    1.18342919e-1            X -4.26579519e-4       1.00000000e-1            X  9.99585708e-2       7.00000000               X -8.24391565e-5      
 45.0 0.0                 9.63000000000006    1.18769499e-1            X -4.26579519e-4       1.00000000e-1            X  9.99585708e-2       7.00000000               X -8.24391565e-5      
 46.0 0.0                 9.63000000000006    1.19196078e-1            X -4.26579519e-4       1.00000000e-1            X  9.99585708e-2       7.00000000               X -8.24391565e-5      
 47.0 0.0                 9.63000000000006    1.19622658e-1            X -4.26579519e-4       1.00000000e-1            X  9.99585708e-2       7.00000000               X -8.24391565e-5      
 48.0 0.0                 9.63000000000006    1.20049237e-1            X -4.26579519e-4       1.00000000e-1            X  9.99585708e-2       7.00000000               X -8.24391565e-5      
 49.0 0.0                 9.63000000000006    1.20475817e-1            X -4.26579519e-4       1.00000000e-1            X  9.99585708e-2       7.00000000               X -8.24391565e-5      
 50.0 0.0                 9.63000000000006    1.20902396e-1            X -4.26579519e-4       1.00000000e-1            X  9.99585708e-2       7.00000000               X -8.24391565e-5      
 51.0 0.0                 9.63000000000006    1.21328976e-1            X -4.26579519e-4       1.00000000e-1            X  9.99585708e-2       7.00000000               X -8.24391565e-5      
 52.0 0.0                 9.63000000000006    1.21755555e-1            X -4.26579519e-4       1.00000000e-1            X  9.99585708e-2       7.00000000               X -8.24391565e-5      
 53.0 0.0                 9.63000000000006    1.22182135e-1            X -4.26579519e-4       1.00000000e-1            X  9.99585708e-2       7.00000000               X -8.24391565e-5      
 54.0 0.0                 9.63000000000006    1.22608714e-1            X -4.26579519e-4       1.00000000e-1            X  9.99585708e-2       7.00000000               X -8.24391565e-5      
 55.0 0.0                 9.63000000000006    1.23035294e-1            X -4.26579519e-4       1.00000000e-1            X  9.99585708e-2       7.00000000               X -8.24391565e-5      
 56.0 0.0                 9.63000000000006    1.23461874e-1            X -4.26579519e-4       1.00000000e-1            X  9.99585708e-2       7.00000000               X -8.24391565e-5      
 57.0 0.0                 9.63000000000006    1.23888453e-1            X -4.26579519e-4       1.00000000e-1            X  9.99585708e-2       7.00000000               X -8.24391565e-5      
 58.0 0.0                 9.63000000000006    1.24315033e-1            X -4.26579519e-4       1.00000000e-1            X  9.99585708e-2       7.00000000               X -8.24391565e-5      
 59.0 0.0                 9.63000000000006    1.24741612e-1            X -4.26579519e-4       1.00000000e-1            X  9.99585708e-2       7.00000000               X -8.24391565e-5      
 60.0 0.0                 9.63000000000006    1.25168192e-1            X -4.26579519e-4       1.00000000e-1            X  9.99585708e-2       7.00000000               X -8.24391565e-5      
 61.0 0.0                 9.63000000000006    1.25594771e-1            X -4.26579519e-4       1.00000000e-1            X  9.99585708e-2       7.00000000               X -8.24391565e-5      
 62.0 0.0                 9.63000000000006    1.26021351e-1            X -4.26579519e-4       1.00000000e-1            X  9.99585708e-2       7.00000000               X -8.24391565e-5      
 63.0 0.0                 9.63000000000006    1.26447930e-1            X -4.26579519e-4       1.00000000e-1            X  9.99585708e-2       7.00000000               X -8.24391565e-5      
 64.0 0.0                 9.63000000000006    1.26874510e-1            X -4.26579519e-4       1.00000000e-1            X  9.99585708e-2       7.00000000               X -8.24391565e-5      
 65.0 0.0                 9.63000000000006    1.27301089e-1            X -4.26579519e-4       1.00000000e-1            X  9.99585708e-2       7.00000000               X -8.24391565e-5      
 66.0 0.0                 9.63000000000006    1.27727669e-1            X -4.26579519e-4       1.00000000e-1            X  9.99585708e-2       7.00000000               X -8.24391565e-5      
 67.0 0.0                 9.63000000000006    1.28154248e-1            X -4.26579519e-4       1.00000000e-1            X  9.99585708e-2       7.00000000               X -8.24391565e-5      
 68.0 0.0                 9.63000000000006    1.28580828e-1            X -4.26579519e-4       1.00000000e-1            X  9.99585708e-2       7.00000000               X -8.24391565e-5      
 69.0 0.0                 9.63000000000006    1.29007407e-1            X -4.26579519e-4       1.00000000e-1            X  9.99585708e-2       7.00000000               X -8.24391565e-5      
 70.0 0.0                 9.63000000000006    1.29433987e-1            X -4.26579519e-4       1.00000000e-1            X  9.99585708e-2       7.00000000               X -8.24391565e-5      
 71.0 0.0                 9.63000000000006    1.29860566e-1            X -4.26579519e-4       1.00000000e-1            X  9.99585708e-2       7.00000000               X -8.24391565e-5      
 72.0 0.0                 9.63000000000006    1.30287146e-1            X -4.26579519e-4       1.00000000e-1            X  9.99585708e-2       7.00000000               X -8.24391565e-5      
 73.0 0.0                 9.63000000000006    1.30713725e-1            X -4.26579519e-4       1.00000000e-1            X  9.99585708e-2       7.00000000               X -8.24391565e-5      
 74.0 0.0                 9.63000000000006    1.31140305e-1            X -4.26579519e-4       1.00000000e-1            X  9.99585708e-2       7.00000000               X -8.24391565e-5      
 75.0 0.0                 9.63000000000006    1.31566884e-1            X -4.26579519e-4       1.00000000e-1            X  9.99585708e-2       7.00000000               X -8.24391565e-5      
 76.0 0.0                 9.63000000000006    1.31993464e-1            X -4.26579519e-4       1.00000000e-1            X  9.99585708e-2       7.00000000               X -8.24391565e-5      
 77.0 0.0                 9.63000000000006    1.32420043e-1            X -4.26579519e-4       1.00000000e-1            X  9.99585708e-2       7.00000000               X -8.24391565e-5      
 78.0 0.0                 9.63000000000006    1.32846623e-1            X -4.26579519e-4       1.00000000e-1            X  9.99585708e-2       7.00000000               X -8.24391565e-5      
 79.0 0.0                 9.63000000000006    1.33273202e-1            X -4.26579519e-4       1.00000000e-1            X  9.99585708e-2       7.00000000               X -8.24391565e-5      
 80.0 0.0                 9.63000000000006    1.33699782e-1            X -4.26579519e-4       1.00000000e-1            X  9.99585708e-2       7.00000000               X -8.24391565e-5      
 81.0 0.0                 9.63000000000006    1.34126362e-1            X -4.26579519e-4       1.00000000e-1            X  9.99585708e-2       7.00000000               X -8.24391565e-5      
 82.0 0.0                 9.63000000000006    1.34552941e-1            X -4.26579519e-4       1.00000000e-1            X  9.99585708e-2       7.00000000               X -8.24391565e-5      
 83.0 0.0                 9.63000000000006    1.34979521e-1            X -4.26579519e-4       1.00000000e-1            X  9.99585708e-2       7.00000000               X -8.24391565e-5      
 84.0 0.0                 9.63000000000006    1.35406100e-1            X -4.26579519e-4       1.00000000e-1            X  9.99585708e-2       7.00000000               X -8.24391565e-5      
 85.0 0.0                 9.63000000000006    1.35832680e-1            X -4.26579519e-4       1.00000000e-1            X  9.99585708e-2       7.00000000               X -8.24391565e-5      
 86.0 0.0                 9.63000000000006    1.36259259e-1            X -4.26579519e-4       1.00000000e-1            X  9.99585708e-2       7.00000000               X -8.24391565e-5      
 87.0 0.0                 9.63000000000006    1.36685839e-1            X -4.26579519e-4       1.00000000e-1            X  9.99585708e-2       7.00000000               X -8.24391565e-5      
 88.0 0.0                 9.63000000000006    1.37112418e-1            X -4.26579519e-4       1.00000000e-1            X  9.99585708e-2       7.00000000               X -8.24391565e-5      
 89.0 0.0                 9.63000000000006    1.37538998e-1            X -4.26579519e-4       1.00000000e-1            X  9.99585708e-2       7.00000000               X -8.24391565e-5      
 90.0 0.0                 9.63000000000006    1.37965577e-1            X -4.26579519e-4       1.00000000e-1            X  9.99585708e-2       7.00000000               X -8.24391565e-5      
 91.0 0.0                 9.63000000000006    1.38392157e-1            X -4.26579519e-4       1.00000000e-1            X  9.99585708e-2       7.00000000               X -8.24391565e-5      
 92.0 0.0                 9.63000000000006    1.38818736e-1            X -4.26579519e-4       1.00000000e-1            X  9.99585708e-2       7.00000000               X -8.24391565e-5      
 93.0 0.0                 9.63000000000006    1.39245316e-1            X -4.26579519e-4       1.00000000e-1            X  9.99585708e-2       7.00000000               X -8.24391565e-5      
 94.0 0.0                 9.63000000000006    1.39671895e-1            X -4.26579519e-4       1.00000000e-1            X  9.99585708e-2       7.00000000               X -8.24391565e-5      
 95.0 0.0                 9.63000000000006    1.40098475e-1            X -4.26579519e-4       1.00000000e-1            X  9.99585708e-2       7.00000000               X -8.24391565e-5      
 96.0 0.0                 9.63000000000006    1.40525054e-1            X -4.26579519e-4       1.00000000e-1            X  9.99585708e-2       7.00000000               X -8.24391565e-5      
 97.0 0.0                 9.63000000000006    1.40951634e-1            X -4.26579519e-4       1.00000000e-1            X  9.99585708e-2       7.00000000               X -8.24391565e-5      
 98.0 0.0                 9.63000000000006    1.41378213e-1            X -4.26579519e-4       1.00000000e-1            X  9.99585708e-2       7.00000000               X -8.24391565e-5      
 99.0 0.0                 9.63000000000006    1.41804793e-1            X -4.26579519e-4       1.00000000e-1            X  9.99585708e-2       7.00000000               X -8.24391565e-5      
 100. 0.0                 9.63000000000006    1.42231372e-1            X -4.26579519e-4       1.00000000e-1            X  9.99585708e-2       7.00000000               X -8.24391565e-5      
 101. 0.0                 9.63000000000006    1.42657952e-1            X -4.26579519e-4       1.00000000e-1            X  9.99585708e-2       7.00000000               X -8.24391565e-5      
 102. 0.0                 9.63000000000006    1.43084531e-1            X -4.26579519e-4       1.00000000e-1            X  9.99585708e-2       7.00000000               X -8.24391565e-5      
 103. 0.0                 9.63000000000006    1.43511111e-1            X -4.26579519e-4       1.00000000e-1            X  9.99585708e-2       7.00000000               X -8.24391565e-5      
 104. 0.0                 9.63000000000006    1.43937690e-1            X -4.26579519e-4       1.00000000e-1            X  9.99585708e-2       7.00000000               X -8.24391565e-5      
 105. 0.0                 9.63000000000006    1.44364270e-1            X -4.26579519e-4       1.00000000e-1            X  9.99585708e-2       7.00000000               X -8.24391565e-5      
 106. 0.0                 9.63000000000006    1.44790849e-1            X -4.26579519e-4       1.00000000e-1            X  9.99585708e-2       7.00000000               X -8.24391565e-5      
 107. 0.0                 9.63000000000006    1.45217429e-1            X -4.26579519e-4       1.00000000e-1            X  9.99585708e-2       7.00000000               X -8.24391565e-5      
 108. 0.0                 9.63000000000006    1.45644009e-1            X -4.26579519e-4       1.00000000e-1            X  9.99585708e-2       7.00000000               X -8.24391565e-5      
 109. 0.0                 9.63000000000006    1.46070588e-1            X -4.26579519e-4       1.00000000e-1            X  9.99585708e-2       7.00000000               X -8.24391565e-5      
 110. 0.0                 9.63000000000006    1.46497168e-1            X -4.26579519e-4       1.00000000e-1            X  9.99585708e-2       7.00000000               X -8.24391565e-5      
 111. 0.0                 9.63000000000006    1.46923747e-1            X -4.26579519e-4       1.00000000e-1            X  9.99585708e-2       7.00000000               X -8.24391565e-5      
 112. 0.0                 9.63000000000006    1.47350327e-1            X -4.26579519e-4       1.00000000e-1            X  9.99585708e-2       7.00000000               X -8.24391565e-5      
 113. 0.0                 9.63000000000006    1.47776906e-1            X -4.26579519e-4       1.00000000e-1            X  9.99585708e-2       7.00000000               X -8.24391565e-5      
 114. 0.0                 9.63000000000006    1.48203486e-1            X -4.26579519e-4       1.00000000e-1            X  9.99585708e-2       7.00000000               X -8.24391565e-5      
 115. 0.0                 9.63000000000006    1.48630065e-1            X -4.26579519e-4       1.00000000e-1            X  9.99585708e-2       7.00000000               X -8.24391565e-5      
 116. 0.0                 9.63000000000006    1.49056645e-1            X -4.26579519e-4       1.00000000e-1            X  9.99585708e-2       7.00000000               X -8.24391565e-5      
 117. 0.0                 9.63000000000006    1.49483224e-1            X -4.26579519e-4       1.00000000e-1            X  9.99585708e-2       7.00000000               X -8.24391565e-5      
 118. 0.0                 9.63000000000006    1.49909804e-1            X -4.26579519e-4       1.00000000e-1            X  9.99585708e-2       7.00000000               X -8.24391565e-5      
 119. 0.0                 9.63000000000006    1.50336383e-1            X -4.26579519e-4       1.00000000e-1            X  9.99585708e-2       7.00000000               X -8.24391565e-5      
 120. 0.0                 9.63000000000006    1.50762963e-1            X -4.26579519e-4       1.00000000e-1            X  9.99585708e-2       7.00000000               X -8.24391565e-5      
 121. 0.0                 9.63000000000006    1.51189542e-1            X -4.26579519e-4       1.00000000e-1            X  9.99585708e-2       7.00000000               X -8.24391565e-5      
 122. 0.0                 9.63000000000006    1.51616122e-1            X -4.26579519e-4       1.00000000e-1            X  9.99585708e-2       7.00000000               X -8.24391565e-5      
 123. 0.0                 9.63000000000006    1.52042701e-1            X -4.26579519e-4       1.00000000e-1            X  9.99585708e-2       7.00000000               X -8.24391565e-5      
 124. 0.0                 9.63000000000006    1.52469281e-1            X -4.26579519e-4       1.00000000e-1            X  9.99585708e-2       7.00000000               X -8.24391565e-5      
 125. 0.0                 9.63000000000006    1.52895860e-1            X -4.26579519e-4       1.00000000e-1            X  9.99585708e-2       7.00000000               X -8.24391565e-5      
 126. 0.0                 9.63000000000006    1.53322440e-1            X -4.26579519e-4       1.00000000e-1            X  9.99585708e-2       7.00000000               X -8.24391565e-5      
 127. 0.0                 9.63000000000006    1.53749019e-1            X -4.26579519e-4       1.00000000e-1            X  9.99585708e-2       7.00000000               X -8.24391565e-5      
 128. 0.0                 9.63000000000006    1.54175599e-1            X -4.26579519e-4       1.00000000e-1            X  9.99585708e-2       7.00000000               X -8.24391565e-5      
 129. 0.0                 9.63000000000006    1.54602178e-1            X -4.26579519e-4       1.00000000e-1            X  9.99585708e-2       7.00000000               X -8.24391565e-5      
 130. 0.0                 9.63000000000006    1.55028758e-1            X -4.26579519e-4       1.00000000e-1            X  9.99585708e-2       7.00000000               X -8.24391565e-5      
 131. 0.0                 9.63000000000006    1.55455337e-1            X -4.26579519e-4       1.00000000e-1            X  9.99585708e-2       7.00000000               X -8.24391565e-5      
 132. 0.0                 9.63000000000006    1.55881917e-1            X -4.26579519e-4       1.00000000e-1            X  9.99585708e-2       7.00000000               X -8.24391565e-5      
 133. 0.0                 9.63000000000006    1.56308496e-1            X -4.26579519e-4       1.00000000e-1            X  9.99585708e-2       7.00000000               X -8.24391565e-5      
 134. 0.0                 9.63000000000006    1.56735076e-1            X -4.26579519e-4       1.00000000e-1            X  9.99585708e-2       7.00000000               X -8.24391565e-5      
 135. 0.0                 9.63000000000006    1.57161656e-1            X -4.26579519e-4       1.00000000e-1            X  9.99585708e-2       7.00000000               X -8.24391565e-5      
 136. 0.0                 9.63000000000006    1.57588235e-1            X -4.26579519e-4       1.00000000e-1            X  9.99585708e-2       7.00000000               X -8.24391565e-5      
 137. 0.0                 9.63000000000006    1.58014815e-1            X -4.26579519e-4       1.00000000e-1            X  9.99585708e-2       7.00000000               X -8.24391565e-5      
 138. 0.0                 9.63000000000006    1.58441394e-1            X -4.26579519e-4       1.00000000e-1            X  9.99585708e-2       7.00000000               X -8.24391565e-5      
 139. 0.0                 9.63000000000006    1.58867974e-1            X -4.26579519e-4       1.00000000e-1            X  9.99585708e-2       7.00000000               X -8.24391565e-5      
 140. 0.0                 9.63000000000006    1.59294553e-1            X -4.26579519e-4       1.00000000e-1            X  9.99585708e-2       7.00000000               X -8.24391565e-5      
 141. 0.0                 9.63000000000006    1.59721133e-1            X -4.26579519e-4       1.00000000e-1            X  9.99585708e-2       7.00000000               X -8.24391565e-5      
 142. 0.0                 9.63000000000006    1.60147712e-1            X -4.26579519e-4       1.00000000e-1            X  9.99585708e-2       7.00000000               X -8.24391565e-5      
 143. 0.0                 9.63000000000006    1.60574292e-1            X -4.26579519e-4       1.00000000e-1            X  9.99585708e-2       7.00000000               X -8.24391565e-5      
 144. 0.0                 9.63000000000006    1.61000871e-1            X -4.26579519e-4       1.00000000e-1            X  9.99585708e-2       7.00000000               X -8.24391565e-5      
 145. 0.0                 9.63000000000006    1.61427451e-1            X -4.26579519e-4       1.00000000e-1            X  9.99585708e-2       7.00000000               X -8.24391565e-5      
 146. 0.0                 9.63000000000006    1.61854030e-1            X -4.26579519e-4       1.00000000e-1            X  9.99585708e-2       7.00000000               X -8.24391565e-5      
 147. 0.0                 9.63000000000006    1.62280610e-1            X -4.26579519e-4       1.00000000e-1            X  9.99585708e-2       7.00000000               X -8.24391565e-5      
 148. 0.0                 9.63000000000006    1.62707189e-1            X -4.26579519e-4       1.00000000e-1            X  9.99585708e-2       7.00000000               X -8.24391565e-5      
 149. 0.0                 9.63000000000006    1.63133769e-1            X -4.26579519e-4       1.00000000e-1            X  9.99585708e-2       7.00000000               X -8.24391565e-5      
 150. 0.0                 9.63000000000006    1.63560348e-1            X -4.26579519e-4       1.00000000e-1            X  9.99585708e-2       7.00000000               X -8.24391565e-5      
 151. 0.0                 9.63000000000006    1.63986928e-1            X -4.26579519e-4       1.00000000e-1            X  9.99585708e-2       7.00000000               X -8.24391565e-5      
 152. 0.0                 9.63000000000006    1.64413507e-1            X -4.26579519e-4       1.00000000e-1            X  9.99585708e-2       7.00000000               X -8.24391565e-5      
 153. 0.0                 9.63000000000006    1.64840087e-1            X -4.26579519e-4       1.00000000e-1            X  9.99585708e-2       7.00000000               X -8.24391565e-5      
 154. 0.0                 9.63000000000006    1.65266666e-1            X -4.26579519e-4       1.00000000e-1            X  9.99585708e-2       7.00000000               X -8.24391565e-5      
 155. 0.0                 9.63000000000006    1.65693246e-1            X -4.26579519e-4       1.00000000e-1            X  9.99585708e-2       7.00000000               X -8.24391565e-5      
 156. 0.0                 9.63000000000006    1.66119825e-1            X -4.26579519e-4       1.00000000e-1            X  9.99585708e-2       7.00000000               X -8.24391565e-5      
 157. 0.0                 9.63000000000006    1.66546405e-1            X -4.26579519e-4       1.00000000e-1            X  9.99585708e-2       7.00000000               X -8.24391565e-5      
 158. 0.0                 9.63000000000006    1.66972984e-1            X -4.26579519e-4       1.00000000e-1            X  9.99585708e-2       7.00000000               X -8.24391565e-5      
 159. 0.0                 9.63000000000006    1.67399564e-1            X -4.26579519e-4       1.00000000e-1            X  9.99585708e-2       7.00000000               X -8.24391565e-5      
 160. 0.0                 9.63000000000006    1.67826143e-1            X -4.26579519e-4       1.00000000e-1            X  9.99585708e-2       7.00000000               X -8.24391565e-5      
 161. 0.0                 9.63000000000006    1.68252723e-1            X -4.26579519e-4       1.00000000e-1            X  9.99585708e-2       7.00000000               X -8.24391565e-5      
 162. 0.0                 9.63000000000006    1.68679303e-1            X -4.26579519e-4       1.00000000e-1            X  9.99585708e-2       7.00000000               X -8.24391565e-5      
 163. 0.0                 9.63000000000006    1.69105882e-1            X -4.26579519e-4       1.00000000e-1            X  9.99585708e-2       7.00000000               X -8.24391565e-5      
 164. 0.0                 9.63000000000006    1.69532462e-1            X -4.26579519e-4       1.00000000e-1            X  9.99585708e-2       7.00000000               X -8.24391565e-5      
 165. 0.0                 9.63000000000006    1.69959041e-1            X -4.26579519e-4       1.00000000e-1            X  9.99585708e-2       7.00000000               X -8.24391565e-5      
 166. 0.0                 9.63000000000006    1.70385621e-1            X -4.26579519e-4       1.00000000e-1            X  9.99585708e-2       7.00000000               X -8.24391565e-5      
 167. 0.0                 9.63000000000006    1.70812200e-1            X -4.26579519e-4       1.00000000e-1            X  9.99585708e-2       7.00000000               X -8.24391565e-5      
 168. 0.0                 9.63000000000006    1.71238780e-1            X -4.26579519e-4       1.00000000e-1            X  9.99585708e-2       7.00000000               X -8.24391565e-5      
 169. 0.0                 9.63000000000006    1.71665359e-1            X -4.26579519e-4       1.00000000e-1            X  9.99585708e-2       7.00000000               X -8.24391565e-5      
 170. 0.0                 9.63000000000006    1.72091939e-1            X -4.26579519e-4       1.00000000e-1            X  9.99585708e-2       7.00000000               X -8.24391565e-5      
 171. 0.0                 9.63000000000006    1.72518518e-1            X -4.26579519e-4       1.00000000e-1            X  9.99585708e-2       7.00000000               X -8.24391565e-5      
 172. 0.0                 9.63000000000006    1.72945098e-1            X -4.26579519e-4       1.00000000e-1            X  9.99585708e-2       7.00000000               X -8.24391565e-5      
 173. 0.0                 9.63000000000006    1.73371677e-1            X -4.26579519e-4       1.00000000e-1            X  9.99585708e-2       7.00000000               X -8.24391565e-5      
 174. 0.0                 9.63000000000006    1.73798257e-1            X -4.26579519e-4       1.00000000e-1            X  9.99585708e-2       7.00000000               X -8.24391565e-5      
 175. 0.0                 9.63000000000006    1.74224836e-1            X -4.26579519e-4       1.00000000e-1            X  9.99585708e-2       7.00000000               X -8.24391565e-5      
 176. 0.0                 9.63000000000006    1.74651416e-1            X -4.26579519e-4       1.00000000e-1            X  9.99585708e-2       7.00000000               X -8.24391565e-5      
 177. 0.0                 9.63000000000006    1.75077995e-1            X -4.26579519e-4       1.00000000e-1            X  9.99585708e-2       7.00000000               X -8.24391565e-5      
 178. 0.0                 9.63000000000006    1.75504575e-1            X -4.26579519e-4       1.00000000e-1            X  9.99585708e-2       7.00000000               X -8.24391565e-5      
 179. 0.0                 9.63000000000006    1.75931154e-1            X -4.26579519e-4       1.00000000e-1            X  9.99585708e-2       7.00000000               X -8.24391565e-5      
 180. 0.0                 9.63000000000006    1.76357734e-1            X -4.26579519e-4       1.00000000e-1            X  9.99585708e-2       7.00000000               X -8.24391565e-5      
 181. 0.0                 9.63000000000006    1.76784313e-1            X -4.26579519e-4       1.00000000e-1            X  9.99585708e-2       7.00000000               X -8.24391565e-5      
 182. 0.0                 9.63000000000006    1.77210893e-1            X -4.26579519e-4       1.00000000e-1            X  9.99585708e-2       7.00000000               X -8.24391565e-5      
 183. 0.0                 9.63000000000006    1.77637472e-1            X -4.26579519e-4       1.00000000e-1            X  9.99585708e-2       7.00000000               X -8.24391565e-5      
 184. 0.0                 9.63000000000006    1.78064052e-1            X -4.26579519e-4       1.00000000e-1            X  9.99585708e-2       7.00000000               X -8.24391565e-5      
 185. 0.0                 9.63000000000006    1.78490631e-1            X -4.26579519e-4       1.00000000e-1            X  9.99585708e-2       7.00000000               X -8.24391565e-5      
 186. 0.0                 9.63000000000006    1.78917211e-1            X -4.26579519e-4       1.00000000e-1            X  9.99585708e-2       7.00000000               X -8.24391565e-5      
 187. 0.0                 9.63000000000006    1.79343790e-1            X -4.26579519e-4       1.00000000e-1            X  9.99585708e-2       7.00000000               X -8.24391565e-5      
 188. 0.0                 9.63000000000006    1.79770370e-1            X -4.26579519e-4       1.00000000e-1            X  9.99585708e-2       7.00000000               X -8.24391565e-5      
 189. 0.0                 9.63000000000006    1.80196950e-1            X -4.26579519e-4       1.00000000e-1            X  9.99585708e-2       7.00000000               X -8.24391565e-5      
 190. 0.0                 9.63000000000006    1.80623529e-1            X -4.26579519e-4       1.00000000e-1            X  9.99585708e-2       7.00000000               X -8.24391565e-5      
 191. 0.0                 9.63000000000006    1.81050109e-1            X -4.26579519e-4       1.00000000e-1            X  9.99585708e-2       7.00000000               X -8.24391565e-5      
 192. 0.0                 9.63000000000006    1.81476688e-1            X -4.26579519e-4       1.00000000e-1            X  9.99585708e-2       7.00000000               X -8.24391565e-5      
 193. 0.0                 9.63000000000006    1.81903268e-1            X -4.26579519e-4       1.00000000e-1            X  9.99585708e-2       7.00000000               X -8.24391565e-5      
 194. 0.0                 9.63000000000006    1.82329847e-1            X -4.26579519e-4       1.00000000e-1            X  9.99585708e-2       7.00000000               X -8.24391565e-5      
 195. 0.0                 9.63000000000006    1.82756427e-1            X -4.26579519e-4       1.00000000e-1            X  9.99585708e-2       7.00000000               X -8.24391565e-5      
 196. 0.0                 9.63000000000006    1.83183006e-1            X -4.26579519e-4       1.00000000e-1            X  9.99585708e-2       7.00000000               X -8.24391565e-5      
 197. 0.0                 9.63000000000006    1.83609586e-1            X -4.26579519e-4       1.00000000e-1            X  9.99585708e-2       7.00000000               X -8.24391565e-5      
 198. 0.0                 9.63000000000006    1.84036165e-1            X -4.26579519e-4       1.00000000e-1            X  9.99585708e-2       7.00000000               X -8.24391565e-5      
 199. 0.0                 9.63000000000006    1.84462745e-1            X -4.26579519e-4       1.00000000e-1            X  9.99585708e-2       7.00000000               X -8.24391565e-5      
 200. 0.0                 9.63000000000006    1.84889324e-1            X -4.26579519e-4       1.00000000e-1            X  9.99585708e-2       7.00000000               X -8.24391565e-5      
 201. 0.0                 9.63000000000006    1.85315904e-1            X -4.26579519e-4       1.00000000e-1            X  9.99585708e-2       7.00000000               X -8.24391565e-5      
 202. 0.0                 9.63000000000006    1.85742483e-1            X -4.26579519e-4       1.00000000e-1            X  9.99585708e-2       7.00000000               X -8.24391565e-5      
 203. 0.0                 9.63000000000006    1.86169063e-1            X -4.26579519e-4       1.00000000e-1            X  9.99585708e-2       7.00000000               X -8.24391565e-5      
 204. 0.0                 9.63000000000006    1.86595642e-1            X -4.26579519e-4       1.00000000e-1            X  9.99585708e-2       7.00000000               X -8.24391565e-5      
 205. 0.0                 9.63000000000006    1.87022222e-1            X -4.26579519e-4       1.00000000e-1            X  9.99585708e-2       7.00000000               X -8.24391565e-5      
 206. 0.0                 9.63000000000006    1.87448801e-1            X -4.26579519e-4       1.00000000e-1            X  9.99585708e-2       7.00000000               X -8.24391565e-5      
 207. 0.0                 9.63000000000006    1.87875381e-1            X -4.26579519e-4       1.00000000e-1            X  9.99585708e-2       7.00000000               X -8.24391565e-5      
 208. 0.0                 9.63000000000006    1.88301960e-1            X -4.26579519e-4       1.00000000e-1            X  9.99585708e-2       7.00000000               X -8.24391565e-5      
 209. 0.0                 9.63000000000006    1.88728540e-1            X -4.26579519e-4       1.00000000e-1            X  9.99585708e-2       7.00000000               X -8.24391565e-5      
 210. 0.0                 9.63000000000006    1.89155119e-1            X -4.26579519e-4       1.00000000e-1            X  9.99585708e-2       7.00000000               X -8.24391565e-5      
 211. 0.0                 9.63000000000006    1.89581699e-1            X -4.26579519e-4       1.00000000e-1            X  9.99585708e-2       7.00000000               X -8.24391565e-5      
 212. 0.0                 9.63000000000006    1.90008278e-1            X -4.26579519e-4       1.00000000e-1            X  9.99585708e-2       7.00000000               X -8.24391565e-5      
 213. 0.0                 9.63000000000006    1.90434858e-1            X -4.26579519e-4       1.00000000e-1            X  9.99585708e-2       7.00000000               X -8.24391565e-5      
 214. 0.0                 9.63000000000006    1.90861438e-1            X -4.26579519e-4       1.00000000e-1            X  9.99585708e-2       7.00000000               X -8.24391565e-5      
 215. 0.0                 9.63000000000006    1.91288017e-1            X -4.26579519e-4       1.00000000e-1            X  9.99585708e-2       7.00000000               X -8.24391565e-5      
 216. 0.0                 9.63000000000006    1.91714597e-1            X -4.26579519e-4       1.00000000e-1            X  9.99585708e-2       7.00000000               X -8.24391565e-5      
 217. 0.0                 9.63000000000006    1.92141176e-1            X -4.26579519e-4       1.00000000e-1            X  9.99585708e-2       7.00000000               X -8.24391565e-5      
 218. 0.0                 9.63000000000006    1.92567756e-1            X -4.26579519e-4       1.00000000e-1            X  9.99585708e-2       7.00000000               X -8.24391565e-5      
 219. 0.0                 9.63000000000006    1.92994335e-1            X -4.26579519e-4       1.00000000e-1            X  9.99585708e-2       7.00000000               X -8.24391565e-5      
 220. 0.0                 9.63000000000006    1.93420915e-1            X -4.26579519e-4       1.00000000e-1            X  9.99585708e-2       7.00000000               X -8.24391565e-5      
 221. 0.0                 9.63000000000006    1.93847494e-1            X -4.26579519e-4       1.00000000e-1            X  9.99585708e-2       7.00000000               X -8.24391565e-5      
 222. 0.0                 9.63000000000006    1.94274074e-1            X -4.26579519e-4       1.00000000e-1            X  9.99585708e-2       7.00000000               X -8.24391565e-5      
 223. 0.0                 9.63000000000006    1.94700653e-1            X -4.26579519e-4       1.00000000e-1            X  9.99585708e-2       7.00000000               X -8.24391565e-5      
 224. 0.0                 9.63000000000006    1.95127233e-1            X -4.26579519e-4       1.00000000e-1            X  9.99585708e-2       7.00000000               X -8.24391565e-5      
 225. 0.0                 9.63000000000006    1.95553812e-1            X -4.26579519e-4       1.00000000e-1            X  9.99585708e-2       7.00000000               X -8.24391565e-5      
 226. 0.0                 9.63000000000006    1.95980392e-1            X -4.26579519e-4       1.00000000e-1            X  9.99585708e-2       7.00000000               X -8.24391565e-5      
 227. 0.0                 9.63000000000006    1.96406971e-1            X -4.26579519e-4       1.00000000e-1            X  9.99585708e-2       7.00000000               X -8.24391565e-5      
 228. 0.0                 9.63000000000006    1.96833551e-1            X -4.26579519e-4       1.00000000e-1            X  9.99585708e-2       7.00000000               X -8.24391565e-5      
 229. 0.0                 9.63000000000006    1.97260130e-1            X -4.26579519e-4       1.00000000e-1            X  9.99585708e-2       7.00000000               X -8.24391565e-5      
 230. 0.0                 9.63000000000006    1.97686710e-1            X -4.26579519e-4       1.00000000e-1            X  9.99585708e-2       7.00000000               X -8.24391565e-5      
 231. 0.0                 9.63000000000006    1.98113289e-1            X -4.26579519e-4       1.00000000e-1            X  9.99585708e-2       7.00000000               X -8.24391565e-5      
 232. 0.0                 9.63000000000006    1.98539869e-1            X -4.26579519e-4       1.00000000e-1            X  9.99585708e-2       7.00000000               X -8.24391565e-5      
 233. 0.0                 9.63000000000006    1.98966448e-1            X -4.26579519e-4       1.00000000e-1            X  9.99585708e-2       7.00000000               X -8.24391565e-5      
 234. 0.0                 9.63000000000006    1.99393028e-1            X -4.26579519e-4       1.00000000e-1            X  9.99585708e-2       7.00000000               X -8.24391565e-5      
 235. 0.0                 9.63000000000006    1.99819607e-1            X -4.26579519e-4       1.00000000e-1            X  9.99585708e-2       7.00000000               X -8.24391565e-5      
 236. 0.0                 9.63000000000006    2.00246187e-1            X -4.26579519e-4       1.00000000e-1            X  9.99585708e-2       7.00000000               X -8.24391565e-5      
 237. 0.0                 9.63000000000006    2.00672766e-1            X -4.26579519e-4       1.00000000e-1            X  9.99585708e-2       7.00000000               X -8.24391565e-5      
 238. 0.0                 9.63000000000006    2.01099346e-1            X -4.26579519e-4       1.00000000e-1            X  9.99585708e-2       7.00000000               X -8.24391565e-5      
 239. 0.0                 9.63000000000006    2.01525925e-1            X -4.26579519e-4       1.00000000e-1            X  9.99585708e-2       7.00000000               X -8.24391565e-5      
 240. 0.0                 9.63000000000006    2.01952505e-1            X -4.26579519e-4       1.00000000e-1            X  9.99585708e-2       7.00000000               X -8.24391565e-5      
 241. 0.0                 9.63000000000006    2.02379085e-1            X -4.26579519e-4       1.00000000e-1            X  9.99585708e-2       7.00000000               X -8.24391565e-5      
 242. 0.0                 9.63000000000006    2.02805664e-1            X -4.26579519e-4       1.00000000e-1            X  9.99585708e-2       7.00000000               X -8.24391565e-5      
 243. 0.0                 9.63000000000006    2.03232244e-1            X -4.26579519e-4       1.00000000e-1            X  9.99585708e-2       7.00000000               X -8.24391565e-5      
 244. 0.0                 9.63000000000006    2.03658823e-1            X -4.26579519e-4       1.00000000e-1            X  9.99585708e-2       7.00000000               X -8.24391565e-5      
 245. 0.0                 9.63000000000006    2.04085403e-1            X -4.26579519e-4       1.00000000e-1            X  9.99585708e-2       7.00000000               X -8.24391565e-5      
 246. 0.0                 9.63000000000006    2.04511982e-1            X -4.26579519e-4       1.00000000e-1            X  9.99585708e-2       7.00000000               X -8.24391565e-5      
 247. 0.0                 9.63000000000006    2.04938562e-1            X -4.26579519e-4       1.00000000e-1            X  9.99585708e-2       7.00000000               X -8.24391565e-5      
 248. 0.0                 9.63000000000006    2.05365141e-1            X -4.26579519e-4       1.00000000e-1            X  9.99585708e-2       7.00000000               X -8.24391565e-5      
 249. 0.0                 9.63000000000006    2.05791721e-1            X -4.26579519e-4       1.00000000e-1            X  9.99585708e-2       7.00000000               X -8.24391565e-5      
 250. 0.0                 9.63000000000006    2.06218300e-1            X -4.26579519e-4       1.00000000e-1            X  9.99585708e-2       7.00000000               X -8.24391565e-5      
 251. 0.0                 9.63000000000006    2.06644880e-1            X -4.26579519e-4       1.00000000e-1            X  9.99585708e-2       7.00000000               X -8.24391565e-5      
 252. 0.0                 9.63000000000006    2.07071459e-1            X -4.26579519e-4       1.00000000e-1            X  9.99585708e-2       7.00000000               X -8.24391565e-5      
 253. 0.0                 9.63000000000006    2.07498039e-1            X -4.26579519e-4       1.00000000e-1            X  9.99585708e-2       7.00000000               X -8.24391565e-5      
 254. 0.0                 9.63000000000006    2.07924618e-1            X -4.26579519e-4       1.00000000e-1            X  9.99585708e-2       7.00000000               X -8.24391565e-5      
 255. 0.0                 9.63000000000006    2.08351198e-1            X -4.26579519e-4       1.00000000e-1            X  9.99585708e-2       7.00000000               X -8.24391565e-5      
 256. 0.0                 9.63000000000006    2.08777777e-1            X -4.26579519e-4       1.00000000e-1            X  9.99585708e-2       7.00000000               X -8.24391565e-5      
 257. 0.0                 9.63000000000006    2.09204357e-1            X -4.26579519e-4       1.00000000e-1            X  9.99585708e-2       7.00000000               X -8.24391565e-5      
 258. 0.0                 9.63000000000006    2.09630936e-1            X -4.26579519e-4       1.00000000e-1            X  9.99585708e-2       7.00000000               X -8.24391565e-5      
 259. 0.0                 9.63000000000006    2.10057516e-1            X -4.26579519e-4       1.00000000e-1            X  9.99585708e-2       7.00000000               X -8.24391565e-5      
 260. 0.0                 9.63000000000006    2.10484095e-1            X -4.26579519e-4       1.00000000e-1            X  9.99585708e-2       7.00000000               X -8.24391565e-5      
 261. 0.0                 9.63000000000006    2.10910675e-1            X -4.26579519e-4       1.00000000e-1            X  9.99585708e-2       7.00000000               X -8.24391565e-5      
 262. 0.0                 9.63000000000006    2.11337254e-1            X -4.26579519e-4       1.00000000e-1            X  9.99585708e-2       7.00000000               X -8.24391565e-5      
 263. 0.0                 9.63000000000006    2.11763834e-1            X -4.26579519e-4       1.00000000e-1            X  9.99585708e-2       7.00000000               X -8.24391565e-5      
 264. 0.0                 9.63000000000006    2.12190413e-1            X -4.26579519e-4       1.00000000e-1            X  9.99585708e-2       7.00000000               X -8.24391565e-5      
 265. 0.0                 9.63000000000006    2.12616993e-1            X -4.26579519e-4       1.00000000e-1            X  9.99585708e-2       7.00000000               X -8.24391565e-5      
 266. 0.0                 9.63000000000006    2.13043572e-1            X -4.26579519e-4       1.00000000e-1            X  9.99585708e-2       7.00000000               X -8.24391565e-5      
 267. 0.0                 9.63000000000006    2.13470152e-1            X -4.26579519e-4       1.00000000e-1            X  9.99585708e-2       7.00000000               X -8.24391565e-5      
 268. 0.0                 9.63000000000006    2.13896732e-1            X -4.26579519e-4       1.00000000e-1            X  9.99585708e-2       7.00000000               X -8.24391565e-5      
 269. 0.0                 9.63000000000006    2.14323311e-1            X -4.26579519e-4       1.00000000e-1            X  9.99585708e-2       7.00000000               X -8.24391565e-5      
 270. 0.0                 9.63000000000006    2.14749891e-1            X -4.26579519e-4       1.00000000e-1            X  9.99585708e-2       7.00000000               X -8.24391565e-5      
 271. 0.0                 9.63000000000006    2.15176470e-1            X -4.26579519e-4       1.00000000e-1            X  9.99585708e-2       7.00000000               X -8.24391565e-5      
 272. 0.0                 9.63000000000006    2.15603050e-1            X -4.26579519e-4       1.00000000e-1            X  9.99585708e-2       7.00000000               X -8.24391565e-5      
 273. 0.0                 9.63000000000006    2.16029629e-1            X -4.26579519e-4       1.00000000e-1            X  9.99585708e-2       7.00000000               X -8.24391565e-5      
 274. 0.0                 9.63000000000006    2.16456209e-1            X -4.26579519e-4       1.00000000e-1            X  9.99585708e-2       7.00000000               X -8.24391565e-5      
 275. 0.0                 9.63000000000006    2.16882788e-1            X -4.26579519e-4       1.00000000e-1            X  9.99585708e-2       7.00000000               X -8.24391565e-5      
 276. 0.0                 9.63000000000006    2.17309368e-1            X -4.26579519e-4       1.00000000e-1            X  9.99585708e-2       7.00000000               X -8.24391565e-5      
 277. 0.0                 9.63000000000006    2.17735947e-1            X -4.26579519e-4       1.00000000e-1            X  9.99585708e-2       7.00000000               X -8.24391565e-5      
 278. 0.0                 9.63000000000006    2.18162527e-1            X -4.26579519e-4       1.00000000e-1            X  9.99585708e-2       7.00000000               X -8.24391565e-5      
 279. 0.0                 9.63000000000006    2.18589106e-1            X -4.26579519e-4       1.00000000e-1            X  9.99585708e-2       7.00000000               X -8.24391565e-5      
 280. 0.0                 9.63000000000006    2.19015686e-1            X -4.26579519e-4       1.00000000e-1            X  9.99585708e-2       7.00000000               X -8.24391565e-5      
 281. 0.0                 9.63000000000006    2.19442265e-1            X -4.26579519e-4       1.00000000e-1            X  9.99585708e-2       7.00000000               X -8.24391565e-5      
 282. 0.0                 9.63000000000006    2.19868845e-1            X -4.26579519e-4       1.00000000e-1            X  9.99585708e-2       7.00000000               X -8.24391565e-5      
 283. 0.0                 9.63000000000006    2.20295424e-1            X -4.26579519e-4       1.00000000e-1            X  9.99585708e-2       7.00000000               X -8.24391565e-5      
 284. 0.0                 9.63000000000006    2.20722004e-1            X -4.26579519e-4       1.00000000e-1            X  9.99585708e-2       7.00000000               X -8.24391565e-5      
 285. 0.0                 9.63000000000006    2.21148583e-1            X -4.26579519e-4       1.00000000e-1            X  9.99585708e-2       7.00000000               X -8.24391565e-5      
 286. 0.0                 9.63000000000006    2.21575163e-1            X -4.26579519e-4       1.00000000e-1            X  9.99585708e-2       7.00000000               X -8.24391565e-5      
 287. 0.0                 9.63000000000006    2.22001742e-1            X -4.26579519e-4       1.00000000e-1            X  9.99585708e-2       7.00000000               X -8.24391565e-5      
 288. 0.0                 9.63000000000006    2.22428322e-1            X -4.26579519e-4       1.00000000e-1            X  9.99585708e-2       7.00000000               X -8.24391565e-5      
 289. 0.0                 9.63000000000006    2.22854901e-1            X -4.26579519e-4       1.00000000e-1            X  9.99585708e-2       7.00000000               X -8.24391565e-5      
 290. 0.0                 9.63000000000006    2.23281481e-1            X -4.26579519e-4       1.00000000e-1            X  9.99585708e-2       7.00000000               X -8.24391565e-5      
 291. 0.0                 9.63000000000006    2.23708060e-1            X -4.26579519e-4       1.00000000e-1            X  9.99585708e-2       7.00000000               X -8.24391565e-5      
 292. 0.0                 9.63000000000006    2.24134640e-1            X -4.26579519e-4       1.00000000e-1            X  9.99585708e-2       7.00000000               X -8.24391565e-5      
 293. 0.0                 9.63000000000006    2.24561219e-1            X -4.26579519e-4       1.00000000e-1            X  9.99585708e-2       7.00000000               X -8.24391565e-5      
 294. 0.0                 9.63000000000006    2.24987799e-1            X -4.26579519e-4       1.00000000e-1            X  9.99585708e-2       7.00000000               X -8.24391565e-5      
 295. 0.0                 9.63000000000006    2.25414379e-1            X -4.26579519e-4       1.00000000e-1            X  9.99585708e-2       7.00000000               X -8.24391565e-5      
 296. 0.0                 9.63000000000006    2.25840958e-1            X -4.26579519e-4       1.00000000e-1            X  9.99585708e-2       7.00000000               X -8.24391565e-5      
 297. 0.0                 9.63000000000006    2.26267538e-1            X -4.26579519e-4       1.00000000e-1            X  9.99585708e-2       7.00000000               X -8.24391565e-5      
 298. 0.0                 9.63000000000006    2.26694117e-1            X -4.26579519e-4       1.00000000e-1            X  9.99585708e-2       7.00000000               X -8.24391565e-5      
 299. 0.0                 9.63000000000006    2.27120697e-1            X -4.26579519e-4       1.00000000e-1            X  9.99585708e-2       7.00000000               X -8.24391565e-5      

 1.0  0.0                 9.63000000000006    2.27547276e-1            X -4.26579519e-4       1.00000000e-1            X  9.99585708e-2       7.00000000               X -8.24391565e-5      
 2.0  0.0                 9.63000000000006    2.27973856e-1            X -4.26579519e-4       1.00000000e-1            X  9.99585708e-2       7.00000000               X -8.24391565e-5      
 3.0  0.0                 9.63000000000006    2.28400435e-1            X -4.26579519e-4       1.00000000e-1            X  9.99585708e-2       7.00000000               X -8.24391565e-5      
 4.0  0.0                 9.63000000000006    2.28827015e-1            X -4.26579519e-4       1.00000000e-1            X  9.99585708e-2       7.00000000               X -8.24391565e-5      
 5.0  0.0                 9.63000000000006    2.29253594e-1            X -4.26579519e-4       1.00000000e-1            X  9.99585708e-2       7.00000000               X -8.24391565e-5      
 6.0  0.0                 9.63000000000006    2.29680174e-1            X -4.26579519e-4       1.00000000e-1            X  9.99585708e-2       7.00000000               X -8.24391565e-5      
 7.0  0.0                 9.63000000000006    2.30106753e-1            X -4.26579519e-4       1.00000000e-1            X  9.99585708e-2       7.00000000               X -8.24391565e-5      
 8.0  0.0                 9.63000000000006    2.30533333e-1            X -4.26579519e-4       1.00000000e-1            X  9.99585708e-2       7.00000000               X -8.24391565e-5      
 9.0  0.0                 9.63000000000006    2.30959912e-1            X -4.26579519e-4       1.00000000e-1            X  9.99585708e-2       7.00000000               X -8.24391565e-5      
 10.0 0.0                 9.63000000000006    2.31386492e-1            X -4.26579519e-4       1.00000000e-1            X  9.99585708e-2       7.00000000               X -8.24391565e-5      
 11.0 0.0                 9.63000000000006    2.31813071e-1            X -4.26579519e-4       1.00000000e-1            X  9.99585708e-2       7.00000000               X -8.24391565e-5      
 12.0 0.0                 9.63000000000006    2.32239651e-1            X -4.26579519e-4       1.00000000e-1            X  9.99585708e-2       7.00000000               X -8.24391565e-5      
 13.0 0.0                 9.63000000000006    2.32666230e-1            X -4.26579519e-4       1.00000000e-1            X  9.99585708e-2       7.00000000               X -8.24391565e-5      
 14.0 0.0                 9.63000000000006    2.33092810e-1            X -4.26579519e-4       1.00000000e-1            X  9.99585708e-2       7.00000000               X -8.24391565e-5      
 15.0 0.0                 9.63000000000006    2.33519389e-1            X -4.26579519e-4       1.00000000e-1            X  9.99585708e-2       7.00000000               X -8.24391565e-5      
 16.0 0.0                 9.63000000000006    2.33945969e-1            X -4.26579519e-4       1.00000000e-1            X  9.99585708e-2       7.00000000               X -8.24391565e-5      
 17.0 0.0                 9.63000000000006    2.34372548e-1            X -4.26579519e-4       1.00000000e-1            X  9.99585708e-2       7.00000000               X -8.24391565e-5      
 18.0 0.0                 9.63000000000006    2.34799128e-1            X -4.26579519e-4       1.00000000e-1            X  9.99585708e-2       7.00000000               X -8.24391565e-5      
 19.0 0.0                 9.63000000000006    2.35225707e-1            X -4.26579519e-4       1.00000000e-1            X  9.99585708e-2       7.00000000               X -8.24391565e-5      
 20.0 0.0                 9.63000000000006    2.35652287e-1            X -4.26579519e-4       1.00000000e-1            X  9.99585708e-2       7.00000000               X -8.24391565e-5      
 21.0 0.0                 9.63000000000006    2.36078866e-1            X -4.26579519e-4       1.00000000e-1            X  9.99585708e-2       7.00000000               X -8.24391565e-5      
 22.0 0.0                 9.63000000000006    2.36505446e-1            X -4.26579519e-4       1.00000000e-1            X  9.99585708e-2       7.00000000               X -8.24391565e-5      
 23.0 0.0                 9.63000000000006    2.36932026e-1            X -4.26579519e-4       1.00000000e-1            X  9.99585708e-2       7.00000000               X -8.24391565e-5      
 24.0 0.0                 9.63000000000006    2.37358605e-1            X -4.26579519e-4       1.00000000e-1            X  9.99585708e-2       7.00000000               X -8.24391565e-5      
 25.0 0.0                 9.63000000000006    2.37785185e-1            X -4.26579519e-4       1.00000000e-1            X  9.99585708e-2       7.00000000               X -8.24391565e-5      
 26.0 0.0                 9.63000000000006    2.38211764e-1            X -4.26579519e-4       1.00000000e-1            X  9.99585708e-2       7.00000000               X -8.24391565e-5      
 27.0 0.0                 9.63000000000006    2.38638344e-1            X -4.26579519e-4       1.00000000e-1            X  9.99585708e-2       7.00000000               X -8.24391565e-5      
 28.0 0.0                 9.63000000000006    2.39064923e-1            X -4.26579519e-4       1.00000000e-1            X  9.99585708e-2       7.00000000               X -8.24391565e-5      
 29.0 0.0                 9.63000000000006    2.39491503e-1            X -4.26579519e-4       1.00000000e-1            X  9.99585708e-2       7.00000000               X -8.24391565e-5      
 30.0 0.0                 9.63000000000006    2.39918082e-1            X -4.26579519e-4       1.00000000e-1            X  9.99585708e-2       7.00000000               X -8.24391565e-5      
 31.0 0.0                 9.63000000000006    2.40344662e-1            X -4.26579519e-4       1.00000000e-1            X  9.99585708e-2       7.00000000               X -8.24391565e-5      
 32.0 0.0                 9.63000000000006    2.40771241e-1            X -4.26579519e-4       1.00000000e-1            X  9.99585708e-2       7.00000000               X -8.24391565e-5      
 33.0 0.0                 9.63000000000006    2.41197821e-1            X -4.26579519e-4       1.00000000e-1            X  9.99585708e-2       7.00000000               X -8.24391565e-5      
 34.0 0.0                 9.63000000000006    2.41624400e-1            X -4.26579519e-4       1.00000000e-1            X  9.99585708e-2       7.00000000               X -8.24391565e-5      
 35.0 0.0                 9.63000000000006    2.42050980e-1            X -4.26579519e-4       1.00000000e-1            X  9.99585708e-2       7.00000000               X -8.24391565e-5      
 36.0 0.0                 9.63000000000006    2.42477559e-1            X -4.26579519e-4       1.00000000e-1            X  9.99585708e-2       7.00000000               X -8.24391565e-5      
 37.0 0.0                 9.63000000000006    2.42904139e-1            X -4.26579519e-4       1.00000000e-1            X  9.99585708e-2       7.00000000               X -8.24391565e-5      
 38.0 0.0                 9.63000000000006    2.43330718e-1            X -4.26579519e-4       1.00000000e-1            X  9.99585708e-2       7.00000000               X -8.24391565e-5      
 39.0 0.0                 9.63000000000006    2.43757298e-1            X -4.26579519e-4       1.00000000e-1            X  9.99585708e-2       7.00000000               X -8.24391565e-5      
 40.0 0.0                 9.63000000000006    2.44183877e-1            X -4.26579519e-4       1.00000000e-1            X  9.99585708e-2       7.00000000               X -8.24391565e-5      
 41.0 0.0                 9.63000000000006    2.44610457e-1            X -4.26579519e-4       1.00000000e-1            X  9.99585708e-2       7.00000000               X -8.24391565e-5      
 42.0 0.0                 9.63000000000006    2.45037036e-1            X -4.26579519e-4       1.00000000e-1            X  9.99585708e-2       7.00000000               X -8.24391565e-5      
 43.0 0.0                 9.63000000000006    2.45463616e-1            X -4.26579519e-4       1.00000000e-1            X  9.99585708e-2       7.00000000               X -8.24391565e-5      
 44.0 0.0                 9.63000000000006    2.45890195e-1            X -4.26579519e-4       1.00000000e-1            X  9.99585708e-2       7.00000000               X -8.24391565e-5      
 45.0 0.0                 9.63000000000006    2.46316775e-1            X -4.26579519e-4       1.00000000e-1            X  9.99585708e-2       7.00000000               X -8.24391565e-5      
 46.0 0.0                 9.63000000000006    2.46743354e-1            X -4.26579519e-4       1.00000000e-1            X  9.99585708e-2       7.00000000               X -8.24391565e-5      
 47.0 0.0                 9.63000000000006    2.47169934e-1            X -4.26579519e-4       1.00000000e-1            X  9.99585708e-2       7.00000000               X -8.24391565e-5      
 48.0 0.0                 9.63000000000006    2.47596514e-1            X -4.26579519e-4       1.00000000e-1            X  9.99585708e-2       7.00000000               X -8.24391565e-5      
 49.0 0.0                 9.63000000000006    2.48023093e-1            X -4.26579519e-4       1.00000000e-1            X  9.99585708e-2       7.00000000               X -8.24391565e-5      
 50.0 0.0                 9.63000000000006    2.48449673e-1            X -4.26579519e-4       1.00000000e-1            X  9.99585708e-2       7.00000000               X -8.24391565e-5      
 51.0 0.0                 9.63000000000006    2.48876252e-1            X -4.26579519e-4       1.00000000e-1            X  9.99585708e-2       7.00000000               X -8.24391565e-5      
 52.0 0.0                 9.63000000000006    2.49302832e-1            X -4.26579519e-4       1.00000000e-1            X  9.99585708e-2       7.00000000               X -8.24391565e-5      
 53.0 0.0                 9.63000000000006    2.49729411e-1            X -4.26579519e-4       1.00000000e-1            X  9.99585708e-2       7.00000000               X -8.24391565e-5      
 54.0 0.0                 9.63000000000006    2.50155991e-1            X -4.26579519e-4       1.00000000e-1            X  9.99585708e-2       7.00000000               X -8.24391565e-5      
 55.0 0.0                 9.63000000000006    2.50582570e-1            X -4.26579519e-4       1.00000000e-1            X  9.99585708e-2       7.00000000               X -8.24391565e-5      
 56.0 0.0                 9.63000000000006    2.51009150e-1            X -4.26579519e-4       1.00000000e-1            X  9.99585708e-2       7.00000000               X -8.24391565e-5      
 57.0 0.0                 9.63000000000006    2.51435729e-1            X -4.26579519e-4       1.00000000e-1            X  9.99585708e-2       7.00000000               X -8.24391565e-5      
 58.0 0.0                 9.63000000000006    2.51862309e-1            X -4.26579519e-4       1.00000000e-1            X  9.99585708e-2       7.00000000               X -8.24391565e-5      
 59.0 0.0                 9.63000000000006    2.52288888e-1            X -4.26579519e-4       1.00000000e-1            X  9.99585708e-2       7.00000000               X -8.24391565e-5      
 60.0 0.0                 9.63000000000006    2.52715468e-1            X -4.26579519e-4       1.00000000e-1            X  9.99585708e-2       7.00000000               X -8.24391565e-5      
 61.0 0.0                 9.63000000000006    2.53142047e-1            X -4.26579519e-4       1.00000000e-1            X  9.99585708e-2       7.00000000               X -8.24391565e-5      
 62.0 0.0                 9.63000000000006    2.53568627e-1            X -4.26579519e-4       1.00000000e-1            X  9.99585708e-2       7.00000000               X -8.24391565e-5      
 63.0 0.0                 9.63000000000006    2.53995206e-1            X -4.26579519e-4       1.00000000e-1            X  9.99585708e-2       7.00000000               X -8.24391565e-5      
 64.0 0.0                 9.63000000000006    2.54421786e-1            X -4.26579519e-4       1.00000000e-1            X  9.99585708e-2       7.00000000               X -8.24391565e-5      
 65.0 0.0                 9.63000000000006    2.54848365e-1            X -4.26579519e-4       1.00000000e-1            X  9.99585708e-2       7.00000000               X -8.24391565e-5      
 66.0 0.0                 9.63000000000006    2.55274945e-1            X -4.26579519e-4       1.00000000e-1            X  9.99585708e-2       7.00000000               X -8.24391565e-5      
 67.0 0.0                 9.63000000000006    2.55701524e-1            X -4.26579519e-4       1.00000000e-1            X  9.99585708e-2       7.00000000               X -8.24391565e-5      
 68.0 0.0                 9.63000000000006    2.56128104e-1            X -4.26579519e-4       1.00000000e-1            X  9.99585708e-2       7.00000000               X -8.24391565e-5      
 69.0 0.0                 9.63000000000006    2.56554683e-1            X -4.26579519e-4       1.00000000e-1            X  9.99585708e-2       7.00000000               X -8.24391565e-5      
 70.0 0.0                 9.63000000000006    2.56981263e-1            X -4.26579519e-4       1.00000000e-1            X  9.99585708e-2       7.00000000               X -8.24391565e-5      
 71.0 0.0                 9.63000000000006    2.57407842e-1            X -4.26579519e-4       1.00000000e-1            X  9.99585708e-2       7.00000000               X -8.24391565e-5      
 72.0 0.0                 9.63000000000006    2.57834422e-1            X -4.26579519e-4       1.00000000e-1            X  9.99585708e-2       7.00000000               X -8.24391565e-5      
 73.0 0.0                 9.63000000000006    2.58261001e-1            X -4.26579519e-4       1.00000000e-1            X  9.99585708e-2       7.00000000               X -8.24391565e-5      
 74.0 0.0                 9.63000000000006    2.58687581e-1            X -4.26579519e-4       1.00000000e-1            X  9.99585708e-2       7.00000000               X -8.24391565e-5      
 75.0 0.0                 9.63000000000006    2.59114161e-1            X -4.26579519e-4       1.00000000e-1            X  9.99585708e-2       7.00000000               X -8.24391565e-5      
 76.0 0.0                 9.63000000000006    2.59540740e-1            X -4.26579519e-4       1.00000000e-1            X  9.99585708e-2       7.00000000               X -8.24391565e-5      
 77.0 0.0                 9.63000000000006    2.59967320e-1            X -4.26579519e-4       1.00000000e-1            X  9.99585708e-2       7.00000000               X -8.24391565e-5      
 78.0 0.0                 9.63000000000006    2.60393899e-1            X -4.26579519e-4       1.00000000e-1            X  9.99585708e-2       7.00000000               X -8.24391565e-5      
 79.0 0.0                 9.63000000000006    2.60820479e-1            X -4.26579519e-4       1.00000000e-1            X  9.99585708e-2       7.00000000               X -8.24391565e-5      
 80.0 0.0                 9.63000000000006    2.61247058e-1            X -4.26579519e-4       1.00000000e-1            X  9.99585708e-2       7.00000000               X -8.24391565e-5      
 81.0 0.0                 9.63000000000006    2.61673638e-1            X -4.26579519e-4       1.00000000e-1            X  9.99585708e-2       7.00000000               X -8.24391565e-5      
 82.0 0.0                 9.63000000000006    2.62100217e-1            X -4.26579519e-4       1.00000000e-1            X  9.99585708e-2       7.00000000               X -8.24391565e-5      
 83.0 0.0                 9.63000000000006    2.62526797e-1            X -4.26579519e-4       1.00000000e-1            X  9.99585708e-2       7.00000000               X -8.24391565e-5      
 84.0 0.0                 9.63000000000006    2.62953376e-1            X -4.26579519e-4       1.00000000e-1            X  9.99585708e-2       7.00000000               X -8.24391565e-5      
 85.0 0.0                 9.63000000000006    2.63379956e-1            X -4.26579519e-4       1.00000000e-1            X  9.99585708e-2       7.00000000               X -8.24391565e-5      
 86.0 0.0                 9.63000000000006    2.63806535e-1            X -4.26579519e-4       1.00000000e-1            X  9.99585708e-2       7.00000000               X -8.24391565e-5      
 87.0 0.0                 9.63000000000006    2.64233115e-1            X -4.26579519e-4       1.00000000e-1            X  9.99585708e-2       7.00000000               X -8.24391565e-5      
 88.0 0.0                 9.63000000000006    2.64659694e-1            X -4.26579519e-4       1.00000000e-1            X  9.99585708e-2       7.00000000               X -8.24391565e-5      
 89.0 0.0                 9.63000000000006    2.65086274e-1            X -4.26579519e-4       1.00000000e-1            X  9.99585708e-2       7.00000000               X -8.24391565e-5      
 90.0 0.0                 9.63000000000006    2.65512853e-1            X -4.26579519e-4       1.00000000e-1            X  9.99585708e-2       7.00000000               X -8.24391565e-5      
 91.0 0.0                 9.63000000000006    2.65939433e-1            X -4.26579519e-4       1.00000000e-1            X  9.99585708e-2       7.00000000               X -8.24391565e-5      
 92.0 0.0                 9.63000000000006    2.66366012e-1            X -4.26579519e-4       1.00000000e-1            X  9.99585708e-2       7.00000000               X -8.24391565e-5      
 93.0 0.0                 9.63000000000006    2.66792592e-1            X -4.26579519e-4       1.00000000e-1            X  9.99585708e-2       7.00000000               X -8.24391565e-5      
 94.0 0.0                 9.63000000000006    2.67219171e-1            X -4.26579519e-4       1.00000000e-1            X  9.99585708e-2       7.00000000               X -8.24391565e-5      
 95.0 0.0                 9.63000000000006    2.67645751e-1            X -4.26579519e-4       1.00000000e-1            X  9.99585708e-2       7.00000000               X -8.24391565e-5      
 96.0 0.0                 9.63000000000006    2.68072330e-1            X -4.26579519e-4       1.00000000e-1            X  9.99585708e-2       7.00000000               X -8.24391565e-5      
 97.0 0.0                 9.63000000000006    2.68498910e-1            X -4.26579519e-4       1.00000000e-1            X  9.99585708e-2       7.00000000               X -8.24391565e-5      
 98.0 0.0                 9.63000000000006    2.68925489e-1            X -4.26579519e-4       1.00000000e-1            X  9.99585708e-2       7.00000000               X -8.24391565e-5      
 99.0 0.0                 9.63000000000006    2.69352069e-1            X -4.26579519e-4       1.00000000e-1            X  9.99585708e-2       7.00000000               X -8.24391565e-5      
 100. 0.0                 9.63000000000006    2.69778648e-1            X -4.26579519e-4       1.00000000e-1            X  9.99585708e-2       7.00000000               X -8.24391565e-5      
 101. 0.0                 9.63000000000006    2.70205228e-1            X -4.26579519e-4       1.00000000e-1            X  9.99585708e-2       7.00000000               X -8.24391565e-5      
 102. 0.0                 9.63000000000006    2.70631808e-1            X -4.26579519e-4       1.00000000e-1            X  9.99585708e-2       7.00000000               X -8.24391565e-5      
 103. 0.0                 9.63000000000006    2.71058387e-1            X -4.26579519e-4       1.00000000e-1            X  9.99585708e-2       7.00000000               X -8.24391565e-5      
 104. 0.0                 9.63000000000006    2.71484967e-1            X -4.26579519e-4       1.00000000e-1            X  9.99585708e-2       7.00000000               X -8.24391565e-5      
 105. 0.0                 9.63000000000006    2.71911546e-1            X -4.26579519e-4       1.00000000e-1            X  9.99585708e-2       7.00000000               X -8.24391565e-5      
 106. 0.0                 9.63000000000006    2.72338126e-1            X -4.26579519e-4       1.00000000e-1            X  9.99585708e-2       7.00000000               X -8.24391565e-5      
 107. 0.0                 9.63000000000006    2.72764705e-1            X -4.26579519e-4       1.00000000e-1            X  9.99585708e-2       7.00000000               X -8.24391565e-5      
 108. 0.0                 9.63000000000006    2.73191285e-1            X -4.26579519e-4       1.00000000e-1            X  9.99585708e-2       7.00000000               X -8.24391565e-5      
 109. 0.0                 9.63000000000006    2.73617864e-1            X -4.26579519e-4       1.00000000e-1            X  9.99585708e-2       7.00000000               X -8.24391565e-5      
 110. 0.0                 9.63000000000006    2.74044444e-1            X -4.26579519e-4       1.00000000e-1            X  9.99585708e-2       7.00000000               X -8.24391565e-5      
 111. 0.0                 9.63000000000006    2.74471023e-1            X -4.26579519e-4       1.00000000e-1            X  9.99585708e-2       7.00000000               X -8.24391565e-5      
 112. 0.0                 9.63000000000006    2.74897603e-1            X -4.26579519e-4       1.00000000e-1            X  9.99585708e-2       7.00000000               X -8.24391565e-5      
 113. 0.0                 9.63000000000006    2.75324182e-1            X -4.26579519e-4       1.00000000e-1            X  9.99585708e-2       7.00000000               X -8.24391565e-5      
 114. 0.0                 9.63000000000006    2.75750762e-1            X -4.26579519e-4       1.00000000e-1            X  9.99585708e-2       7.00000000               X -8.24391565e-5      
 115. 0.0                 9.63000000000006    2.76177341e-1            X -4.26579519e-4       1.00000000e-1            X  9.99585708e-2       7.00000000               X -8.24391565e-5      
 116. 0.0                 9.63000000000006    2.76603921e-1            X -4.26579519e-4       1.00000000e-1            X  9.99585708e-2       7.00000000               X -8.24391565e-5      
 117. 0.0                 9.63000000000006    2.77030500e-1            X -4.26579519e-4       1.00000000e-1            X  9.99585708e-2       7.00000000               X -8.24391565e-5      
 118. 0.0                 9.63000000000006    2.77457080e-1            X -4.26579519e-4       1.00000000e-1            X  9.99585708e-2       7.00000000               X -8.24391565e-5      
 119. 0.0                 9.63000000000006    2.77883659e-1            X -4.26579519e-4       1.00000000e-1            X  9.99585708e-2       7.00000000               X -8.24391565e-5      
 120. 0.0                 9.63000000000006    2.78310239e-1            X -4.26579519e-4       1.00000000e-1            X  9.99585708e-2       7.00000000               X -8.24391565e-5      
 121. 0.0                 9.63000000000006    2.78736818e-1            X -4.26579519e-4       1.00000000e-1            X  9.99585708e-2       7.00000000               X -8.24391565e-5      
 122. 0.0                 9.63000000000006    2.79163398e-1            X -4.26579519e-4       1.00000000e-1            X  9.99585708e-2       7.00000000               X -8.24391565e-5      
 123. 0.0                 9.63000000000006    2.79589977e-1            X -4.26579519e-4       1.00000000e-1            X  9.99585708e-2       7.00000000               X -8.24391565e-5      
 124. 0.0                 9.63000000000006    2.80016557e-1            X -4.26579519e-4       1.00000000e-1            X  9.99585708e-2       7.00000000               X -8.24391565e-5      
 125. 0.0                 9.63000000000006    2.80443136e-1            X -4.26579519e-4       1.00000000e-1            X  9.99585708e-2       7.00000000               X -8.24391565e-5      
 126. 0.0                 9.63000000000006    2.80869716e-1            X -4.26579519e-4       1.00000000e-1            X  9.99585708e-2       7.00000000               X -8.24391565e-5      
 127. 0.0                 9.63000000000006    2.81296295e-1            X -4.26579519e-4       1.00000000e-1            X  9.99585708e-2       7.00000000               X -8.24391565e-5      
 128. 0.0                 9.63000000000006    2.81722875e-1            X -4.26579519e-4       1.00000000e-1            X  9.99585708e-2       7.00000000               X -8.24391565e-5      
 129. 0.0                 9.63000000000006    2.82149455e-1            X -4.26579519e-4       1.00000000e-1            X  9.99585708e-2       7.00000000               X -8.24391565e-5      
 130. 0.0                 9.63000000000006    2.82576034e-1            X -4.26579519e-4       1.00000000e-1            X  9.99585708e-2       7.00000000               X -8.24391565e-5      
 131. 0.0                 9.63000000000006    2.83002614e-1            X -4.26579519e-4       1.00000000e-1            X  9.99585708e-2       7.00000000               X -8.24391565e-5      
 132. 0.0                 9.63000000000006    2.83429193e-1            X -4.26579519e-4       1.00000000e-1            X  9.99585708e-2       7.00000000               X -8.24391565e-5      
 133. 0.0                 9.63000000000006    2.83855773e-1            X -4.26579519e-4       1.00000000e-1            X  9.99585708e-2       7.00000000               X -8.24391565e-5      
 134. 0.0                 9.63000000000006    2.84282352e-1            X -4.26579519e-4       1.00000000e-1            X  9.99585708e-2       7.00000000               X -8.24391565e-5      
 135. 0.0                 9.63000000000006    2.84708932e-1            X -4.26579519e-4       1.00000000e-1            X  9.99585708e-2       7.00000000               X -8.24391565e-5      
 136. 0.0                 9.63000000000006    2.85135511e-1            X -4.26579519e-4       1.00000000e-1            X  9.99585708e-2       7.00000000               X -8.24391565e-5      
 137. 0.0                 9.63000000000006    2.85562091e-1            X -4.26579519e-4       1.00000000e-1            X  9.99585708e-2       7.00000000               X -8.24391565e-5      
 138. 0.0                 9.63000000000006    2.85988670e-1            X -4.26579519e-4       1.00000000e-1            X  9.99585708e-2       7.00000000               X -8.24391565e-5      
 139. 0.0                 9.63000000000006    2.86415250e-1            X -4.26579519e-4       1.00000000e-1            X  9.99585708e-2       7.00000000               X -8.24391565e-5      
 140. 0.0                 9.63000000000006    2.86841829e-1            X -4.26579519e-4       1.00000000e-1            X  9.99585708e-2       7.00000000               X -8.24391565e-5      
 141. 0.0                 9.63000000000006    2.87268409e-1            X -4.26579519e-4       1.00000000e-1            X  9.99585708e-2       7.00000000               X -8.24391565e-5      
 142. 0.0                 9.63000000000006    2.87694988e-1            X -4.26579519e-4       1.00000000e-1            X  9.99585708e-2       7.00000000               X -8.24391565e-5      
 143. 0.0                 9.63000000000006    2.88121568e-1            X -4.26579519e-4       1.00000000e-1            X  9.99585708e-2       7.00000000               X -8.24391565e-5      
 144. 0.0                 9.63000000000006    2.88548147e-1            X -4.26579519e-4       1.00000000e-1            X  9.99585708e-2       7.00000000               X -8.24391565e-5      
 145. 0.0                 9.63000000000006    2.88974727e-1            X -4.26579519e-4       1.00000000e-1            X  9.99585708e-2       7.00000000               X -8.24391565e-5      
 146. 0.0                 9.63000000000006    2.89401306e-1            X -4.26579519e-4       1.00000000e-1            X  9.99585708e-2       7.00000000               X -8.24391565e-5      
 147. 0.0                 9.63000000000006    2.89827886e-1            X -4.26579519e-4       1.00000000e-1            X  9.99585708e-2       7.00000000               X -8.24391565e-5      
 148. 0.0                 9.63000000000006    2.90254465e-1            X -4.26579519e-4       1.00000000e-1            X  9.99585708e-2       7.00000000               X -8.24391565e-5      
 149. 0.0                 9.63000000000006    2.90681045e-1            X -4.26579519e-4       1.00000000e-1            X  9.99585708e-2       7.00000000               X -8.24391565e-5      
 150. 0.0                 9.63000000000006    2.91107624e-1            X -4.26579519e-4       1.00000000e-1            X  9.99585708e-2       7.00000000               X -8.24391565e-5      
 151. 0.0                 9.63000000000006    2.91534204e-1            X -4.26579519e-4       1.00000000e-1            X  9.99585708e-2       7.00000000               X -8.24391565e-5      
 152. 0.0                 9.63000000000006    2.91960783e-1            X -4.26579519e-4       1.00000000e-1            X  9.99585708e-2       7.00000000               X -8.24391565e-5      
 153. 0.0                 9.63000000000006    2.92387363e-1            X -4.26579519e-4       1.00000000e-1            X  9.99585708e-2       7.00000000               X -8.24391565e-5      
 154. 0.0                 9.63000000000006    2.92813942e-1            X -4.26579519e-4       1.00000000e-1            X  9.99585708e-2       7.00000000               X -8.24391565e-5      
 155. 0.0                 9.63000000000006    2.93240522e-1            X -4.26579519e-4       1.00000000e-1            X  9.99585708e-2       7.00000000               X -8.24391565e-5      
 156. 0.0                 9.63000000000006    2.93667102e-1            X -4.26579519e-4       1.00000000e-1            X  9.99585708e-2       7.00000000               X -8.24391565e-5      
 157. 0.0                 9.63000000000006    2.94093681e-1            X -4.26579519e-4       1.00000000e-1            X  9.99585708e-2       7.00000000               X -8.24391565e-5      
 158. 0.0                 9.63000000000006    2.94520261e-1            X -4.26579519e-4       1.00000000e-1            X  9.99585708e-2       7.00000000               X -8.24391565e-5      
 159. 0.0                 9.63000000000006    2.94946840e-1            X -4.26579519e-4       1.00000000e-1            X  9.99585708e-2       7.00000000               X -8.24391565e-5      
 160. 0.0                 9.63000000000006    2.95373420e-1            X -4.26579519e-4       1.00000000e-1            X  9.99585708e-2       7.00000000               X -8.24391565e-5      
 161. 0.0                 9.63000000000006    2.95799999e-1            X -4.26579519e-4       1.00000000e-1            X  9.99585708e-2       7.00000000               X -8.24391565e-5      
 162. 0.0                 9.63000000000006    2.96226579e-1            X -4.26579519e-4       1.00000000e-1            X  9.99585708e-2       7.00000000               X -8.24391565e-5      
 163. 0.0                 9.63000000000006    2.96653158e-1            X -4.26579519e-4       1.00000000e-1            X  9.99585708e-2       7.00000000               X -8.24391565e-5      
 164. 0.0                 9.63000000000006    2.97079738e-1            X -4.26579519e-4       1.00000000e-1            X  9.99585708e-2       7.00000000               X -8.24391565e-5      
 165. 0.0                 9.63000000000006    2.97506317e-1            X -4.26579519e-4       1.00000000e-1            X  9.99585708e-2       7.00000000               X -8.24391565e-5      
 166. 0.0                 9.63000000000006    2.97932897e-1            X -4.26579519e-4       1.00000000e-1            X  9.99585708e-2       7.00000000               X -8.24391565e-5      
 167. 0.0                 9.63000000000006    2.98359476e-1            X -4.26579519e-4       1.00000000e-1            X  9.99585708e-2       7.00000000               X -8.24391565e-5      
 168. 0.0                 9.63000000000006    2.98786056e-1            X -4.26579519e-4       1.00000000e-1            X  9.99585708e-2       7.00000000               X -8.24391565e-5      
 169. 0.0                 9.63000000000006    2.99212635e-1            X -4.26579519e-4       1.00000000e-1            X  9.99585708e-2       7.00000000               X -8.24391565e-5      
 170. 0.0                 9.63000000000006    2.99639215e-1            X -4.26579519e-4       1.00000000e-1            X  9.99585708e-2       7.00000000               X -8.24391565e-5      
 171. 0.0                 9.63000000000006    3.00065794e-1            X -4.26579519e-4       1.00000000e-1            X  9.99585708e-2       7.00000000               X -8.24391565e-5      
 172. 0.0                 9.63000000000006    3.00492374e-1            X -4.26579519e-4       1.00000000e-1            X  9.99585708e-2       7.00000000               X -8.24391565e-5      
 173. 0.0                 9.63000000000006    3.00918953e-1            X -4.26579519e-4       1.00000000e-1            X  9.99585708e-2       7.00000000               X -8.24391565e-5      
 174. 0.0                 9.63000000000006    3.01345533e-1            X -4.26579519e-4       1.00000000e-1            X  9.99585708e-2       7.00000000               X -8.24391565e-5      
 175. 0.0                 9.63000000000006    3.01772112e-1            X -4.26579519e-4       1.00000000e-1            X  9.99585708e-2       7.00000000               X -8.24391565e-5      
 176. 0.0                 9.63000000000006    3.02198692e-1            X -4.26579519e-4       1.00000000e-1            X  9.99585708e-2       7.00000000               X -8.24391565e-5      
 177. 0.0                 9.63000000000006    3.02625271e-1            X -4.26579519e-4       1.00000000e-1            X  9.99585708e-2       7.00000000               X -8.24391565e-5      
 178. 0.0                 9.63000000000006    3.03051851e-1            X -4.26579519e-4       1.00000000e-1            X  9.99585708e-2       7.00000000               X -8.24391565e-5      
 179. 0.0                 9.63000000000006    3.03478430e-1            X -4.26579519e-4       1.00000000e-1            X  9.99585708e-2       7.00000000               X -8.24391565e-5      
 180. 0.0                 9.63000000000006    3.03905010e-1            X -4.26579519e-4       1.00000000e-1            X  9.99585708e-2       7.00000000               X -8.24391565e-5      
 181. 0.0                 9.63000000000006    3.04331590e-1            X -4.26579519e-4       1.00000000e-1            X  9.99585708e-2       7.00000000               X -8.24391565e-5      
 182. 0.0                 9.63000000000006    3.04758169e-1            X -4.26579519e-4       1.00000000e-1            X  9.99585708e-2       7.00000000               X -8.24391565e-5      
 183. 0.0                 9.63000000000006    3.05184749e-1            X -4.26579519e-4       1.00000000e-1            X  9.99585708e-2       7.00000000               X -8.24391565e-5      
 184. 0.0                 9.63000000000006    3.05611328e-1            X -4.26579519e-4       1.00000000e-1            X  9.99585708e-2       7.00000000               X -8.24391565e-5      
 185. 0.0                 9.63000000000006    3.06037908e-1            X -4.26579519e-4       1.00000000e-1            X  9.99585708e-2       7.00000000               X -8.24391565e-5      
 186. 0.0                 9.63000000000006    3.06464487e-1            X -4.26579519e-4       1.00000000e-1            X  9.99585708e-2       7.00000000               X -8.24391565e-5      
 187. 0.0                 9.63000000000006    3.06891067e-1            X -4.26579519e-4       1.00000000e-1            X  9.99585708e-2       7.00000000               X -8.24391565e-5      
 188. 0.0                 9.63000000000006    3.07317646e-1            X -4.26579519e-4       1.00000000e-1            X  9.99585708e-2       7.00000000               X -8.24391565e-5      
 189. 0.0                 9.63000000000006    3.07744226e-1            X -4.26579519e-4       1.00000000e-1            X  9.99585708e-2       7.00000000               X -8.24391565e-5      
 190. 0.0                 9.63000000000006    3.08170805e-1            X -4.26579519e-4       1.00000000e-1            X  9.99585708e-2       7.00000000               X -8.24391565e-5      
 191. 0.0                 9.63000000000006    3.08597385e-1            X -4.26579519e-4       1.00000000e-1            X  9.99585708e-2       7.00000000               X -8.24391565e-5      
 192. 0.0                 9.63000000000006    3.09023964e-1            X -4.26579519e-4       1.00000000e-1            X  9.99585708e-2       7.00000000               X -8.24391565e-5      
 193. 0.0                 9.63000000000006    3.09450544e-1            X -4.26579519e-4       1.00000000e-1            X  9.99585708e-2       7.00000000               X -8.24391565e-5      
 194. 0.0                 9.63000000000006    3.09877123e-1            X -4.26579519e-4       1.00000000e-1            X  9.99585708e-2       7.00000000               X -8.24391565e-5      
 195. 0.0                 9.63000000000006    3.10303703e-1            X -4.26579519e-4       1.00000000e-1            X  9.99585708e-2       7.00000000               X -8.24391565e-5      
 196. 0.0                 9.63000000000006    3.10730282e-1            X -4.26579519e-4       1.00000000e-1            X  9.99585708e-2       7.00000000               X -8.24391565e-5      
 197. 0.0                 9.63000000000006    3.11156862e-1            X -4.26579519e-4       1.00000000e-1            X  9.99585708e-2       7.00000000               X -8.24391565e-5      
 198. 0.0                 9.63000000000006    3.11583441e-1            X -4.26579519e-4       1.00000000e-1            X  9.99585708e-2       7.00000000               X -8.24391565e-5      
 199. 0.0                 9.63000000000006    3.12010021e-1            X -4.26579519e-4       1.00000000e-1            X  9.99585708e-2       7.00000000               X -8.24391565e-5      
 200. 0.0                 9.63000000000006    3.12436600e-1            X -4.26579519e-4       1.00000000e-1            X  9.99585708e-2       7.00000000               X -8.24391565e-5      
 201. 0.0                 9.63000000000006    3.12863180e-1            X -4.26579519e-4       1.00000000e-1            X  9.99585708e-2       7.00000000               X -8.24391565e-5      
 202. 0.0                 9.63000000000006    3.13289759e-1            X -4.26579519e-4       1.00000000e-1            X  9.99585708e-2       7.00000000               X -8.24391565e-5      
 203. 0.0                 9.63000000000006    3.13716339e-1            X -4.26579519e-4       1.00000000e-1            X  9.99585708e-2       7.00000000               X -8.24391565e-5      
 204. 0.0                 9.63000000000006    3.14142918e-1            X -4.26579519e-4       1.00000000e-1            X  9.99585708e-2       7.00000000               X -8.24391565e-5      
 205. 0.0                 9.63000000000006    3.14569498e-1            X -4.26579519e-4       1.00000000e-1            X  9.99585708e-2       7.00000000               X -8.24391565e-5      
 206. 0.0                 9.63000000000006    3.14996077e-1            X -4.26579519e-4       1.00000000e-1            X  9.99585708e-2       7.00000000               X -8.24391565e-5      
 207. 0.0                 9.63000000000006    3.15422657e-1            X -4.26579519e-4       1.00000000e-1            X  9.99585708e-2       7.00000000               X -8.24391565e-5      
 208. 0.0                 9.63000000000006    3.15849237e-1            X -4.26579519e-4       1.00000000e-1            X  9.99585708e-2       7.00000000               X -8.24391565e-5      
 209. 0.0                 9.63000000000006    3.16275816e-1            X -4.26579519e-4       1.00000000e-1            X  9.99585708e-2       7.00000000               X -8.24391565e-5      
 210. 0.0                 9.63000000000006    3.16702396e-1            X -4.26579519e-4       1.00000000e-1            X  9.99585708e-2       7.00000000               X -8.24391565e-5      
 211. 0.0                 9.63000000000006    3.17128975e-1            X -4.26579519e-4       1.00000000e-1            X  9.99585708e-2       7.00000000               X -8.24391565e-5      
 212. 0.0                 9.63000000000006    3.17555555e-1            X -4.26579519e-4       1.00000000e-1            X  9.99585708e-2       7.00000000               X -8.24391565e-5      
 213. 0.0                 9.63000000000006    3.17982134e-1            X -4.26579519e-4       1.00000000e-1            X  9.99585708e-2       7.00000000               X -8.24391565e-5      
 214. 0.0                 9.63000000000006    3.18408714e-1            X -4.26579519e-4       1.00000000e-1            X  9.99585708e-2       7.00000000               X -8.24391565e-5      
 215. 0.0                 9.63000000000006    3.18835293e-1            X -4.26579519e-4       1.00000000e-1            X  9.99585708e-2       7.00000000               X -8.24391565e-5      
 216. 0.0                 9.63000000000006    3.19261873e-1            X -4.26579519e-4       1.00000000e-1            X  9.99585708e-2       7.00000000               X -8.24391565e-5      
 217. 0.0                 9.63000000000006    3.19688452e-1            X -4.26579519e-4       1.00000000e-1            X  9.99585708e-2       7.00000000               X -8.24391565e-5      
 218. 0.0                 9.63000000000006    3.20115032e-1            X -4.26579519e-4       1.00000000e-1            X  9.99585708e-2       7.00000000               X -8.24391565e-5      
 219. 0.0                 9.63000000000006    3.20541611e-1            X -4.26579519e-4       1.00000000e-1            X  9.99585708e-2       7.00000000               X -8.24391565e-5      
 220. 0.0                 9.63000000000006    3.20968191e-1            X -4.26579519e-4       1.00000000e-1            X  9.99585708e-2       7.00000000               X -8.24391565e-5      
 221. 0.0                 9.63000000000006    3.21394770e-1            X -4.26579519e-4       1.00000000e-1            X  9.99585708e-2       7.00000000               X -8.24391565e-5      
 222. 0.0                 9.63000000000006    3.21821350e-1            X -4.26579519e-4       1.00000000e-1            X  9.99585708e-2       7.00000000               X -8.24391565e-5      
 223. 0.0                 9.63000000000006    3.22247929e-1            X -4.26579519e-4       1.00000000e-1            X  9.99585708e-2       7.00000000               X -8.24391565e-5      
 224. 0.0                 9.63000000000006    3.22674509e-1            X -4.26579519e-4       1.00000000e-1            X  9.99585708e-2       7.00000000               X -8.24391565e-5      
 225. 0.0                 9.63000000000006    3.23101088e-1            X -4.26579519e-4       1.00000000e-1            X  9.99585708e-2       7.00000000               X -8.24391565e-5      
 226. 0.0                 9.63000000000006    3.23527668e-1            X -4.26579519e-4       1.00000000e-1            X  9.99585708e-2       7.00000000               X -8.24391565e-5      
 227. 0.0                 9.63000000000006    3.23954247e-1            X -4.26579519e-4       1.00000000e-1            X  9.99585708e-2       7.00000000               X -8.24391565e-5      
 228. 0.0                 9.63000000000006    3.24380827e-1            X -4.26579519e-4       1.00000000e-1            X  9.99585708e-2       7.00000000               X -8.24391565e-5      
 229. 0.0                 9.63000000000006    3.24807406e-1            X -4.26579519e-4       1.00000000e-1            X  9.99585708e-2       7.00000000               X -8.24391565e-5      
 230. 0.0                 9.63000000000006    3.25233986e-1            X -4.26579519e-4       1.00000000e-1            X  9.99585708e-2       7.00000000               X -8.24391565e-5      
 231. 0.0                 9.63000000000006    3.25660565e-1            X -4.26579519e-4       1.00000000e-1            X  9.99585708e-2       7.00000000               X -8.24391565e-5      
 232. 0.0                 9.63000000000006    3.26087145e-1            X -4.26579519e-4       1.00000000e-1            X  9.99585708e-2       7.00000000               X -8.24391565e-5      
 233. 0.0                 9.63000000000006    3.26513724e-1            X -4.26579519e-4       1.00000000e-1            X  9.99585708e-2       7.00000000               X -8.24391565e-5      
 234. 0.0                 9.63000000000006    3.26940304e-1            X -4.26579519e-4       1.00000000e-1            X  9.99585708e-2       7.00000000               X -8.24391565e-5      
 235. 0.0                 9.63000000000006    3.27366884e-1            X -4.26579519e-4       1.00000000e-1            X  9.99585708e-2       7.00000000               X -8.24391565e-5      
 236. 0.0                 9.63000000000006    3.27793463e-1            X -4.26579519e-4       1.00000000e-1            X  9.99585708e-2       7.00000000               X -8.24391565e-5      
 237. 0.0                 9.63000000000006    3.28220043e-1            X -4.26579519e-4       1.00000000e-1            X  9.99585708e-2       7.00000000               X -8.24391565e-5      
 238. 0.0                 9.63000000000006    3.28646622e-1            X -4.26579519e-4       1.00000000e-1            X  9.99585708e-2       7.00000000               X -8.24391565e-5      
 239. 0.0                 9.63000000000006    3.29073202e-1            X -4.26579519e-4       1.00000000e-1            X  9.99585708e-2       7.00000000               X -8.24391565e-5      
 240. 0.0                 9.63000000000006    3.29499781e-1            X -4.26579519e-4       1.00000000e-1            X  9.99585708e-2       7.00000000               X -8.24391565e-5      
 241. 0.0                 9.63000000000006    3.29926361e-1            X -4.26579519e-4       1.00000000e-1            X  9.99585708e-2       7.00000000               X -8.24391565e-5      
 242. 0.0                 9.63000000000006    3.30352940e-1            X -4.26579519e-4       1.00000000e-1            X  9.99585708e-2       7.00000000               X -8.24391565e-5      
 243. 0.0                 9.63000000000006    3.30779520e-1            X -4.26579519e-4       1.00000000e-1            X  9.99585708e-2       7.00000000               X -8.24391565e-5      
 244. 0.0                 9.63000000000006    3.31206099e-1            X -4.26579519e-4       1.00000000e-1            X  9.99585708e-2       7.00000000               X -8.24391565e-5      
 245. 0.0                 9.63000000000006    3.31632679e-1            X -4.26579519e-4       1.00000000e-1            X  9.99585708e-2       7.00000000               X -8.24391565e-5      
 246. 0.0                 9.63000000000006    3.32059258e-1            X -4.26579519e-4       1.00000000e-1            X  9.99585708e-2       7.00000000               X -8.24391565e-5      
 247. 0.0                 9.63000000000006    3.32485838e-1            X -4.26579519e-4       1.00000000e-1            X  9.99585708e-2       7.00000000               X -8.24391565e-5      
 248. 0.0                 9.63000000000006    3.32912417e-1            X -4.26579519e-4       1.00000000e-1            X  9.99585708e-2       7.00000000               X -8.24391565e-5      
 249. 0.0                 9.63000000000006    3.33338997e-1            X -4.26579519e-4       1.00000000e-1            X  9.99585708e-2       7.00000000               X -8.24391565e-5      
 250. 0.0                 9.63000000000006    3.33765576e-1            X -4.26579519e-4       1.00000000e-1            X  9.99585708e-2       7.00000000               X -8.24391565e-5      
 251. 0.0                 9.63000000000006    3.34192156e-1            X -4.26579519e-4       1.00000000e-1            X  9.99585708e-2       7.00000000               X -8.24391565e-5      
 252. 0.0                 9.63000000000006    3.34618735e-1            X -4.26579519e-4       1.00000000e-1            X  9.99585708e-2       7.00000000               X -8.24391565e-5      
 253. 0.0                 9.63000000000006    3.35045315e-1            X -4.26579519e-4       1.00000000e-1            X  9.99585708e-2       7.00000000               X -8.24391565e-5      
 254. 0.0                 9.63000000000006    3.35471894e-1            X -4.26579519e-4       1.00000000e-1            X  9.99585708e-2       7.00000000               X -8.24391565e-5      
 255. 0.0                 9.63000000000006    3.35898474e-1            X -4.26579519e-4       1.00000000e-1            X  9.99585708e-2       7.00000000               X -8.24391565e-5      
 256. 0.0                 9.63000000000006    3.36325053e-1            X -4.26579519e-4       1.00000000e-1            X  9.99585708e-2       7.00000000               X -8.24391565e-5      
 257. 0.0                 9.63000000000006    3.36751633e-1            X -4.26579519e-4       1.00000000e-1            X  9.99585708e-2       7.00000000               X -8.24391565e-5      
 258. 0.0                 9.63000000000006    3.37178212e-1            X -4.26579519e-4       1.00000000e-1            X  9.99585708e-2       7.00000000               X -8.24391565e-5      
 259. 0.0                 9.63000000000006    3.37604792e-1            X -4.26579519e-4       1.00000000e-1            X  9.99585708e-2       7.00000000               X -8.24391565e-5      
 260. 0.0                 9.63000000000006    3.38031371e-1            X -4.26579519e-4       1.00000000e-1            X  9.99585708e-2       7.00000000               X -8.24391565e-5      
 261. 0.0                 9.63000000000006    3.38457951e-1            X -4.26579519e-4       1.00000000e-1            X  9.99585708e-2       7.00000000               X -8.24391565e-5      
 262. 0.0                 9.63000000000006    3.38884531e-1            X -4.26579519e-4       1.00000000e-1            X  9.99585708e-2       7.00000000               X -8.24391565e-5      
 263. 0.0                 9.63000000000006    3.39311110e-1            X -4.26579519e-4       1.00000000e-1            X  9.99585708e-2       7.00000000               X -8.24391565e-5      
 264. 0.0                 9.63000000000006    3.39737690e-1            X -4.26579519e-4       1.00000000e-1            X  9.99585708e-2       7.00000000               X -8.24391565e-5      
 265. 0.0                 9.63000000000006    3.40164269e-1            X -4.26579519e-4       1.00000000e-1            X  9.99585708e-2       7.00000000               X -8.24391565e-5      
 266. 0.0                 9.63000000000006    3.40590849e-1            X -4.26579519e-4       1.00000000e-1            X  9.99585708e-2       7.00000000               X -8.24391565e-5      
 267. 0.0                 9.63000000000006    3.41017428e-1            X -4.26579519e-4       1.00000000e-1            X  9.99585708e-2       7.00000000               X -8.24391565e-5      
 268. 0.0                 9.63000000000006    3.41444008e-1            X -4.26579519e-4       1.00000000e-1            X  9.99585708e-2       7.00000000               X -8.24391565e-5      
 269. 0.0                 9.63000000000006    3.41870587e-1            X -4.26579519e-4       1.00000000e-1            X  9.99585708e-2       7.00000000               X -8.24391565e-5      
 270. 0.0                 9.63000000000006    3.42297167e-1            X -4.26579519e-4       1.00000000e-1            X  9.99585708e-2       7.00000000               X -8.24391565e-5      
 271. 0.0                 9.63000000000006    3.42723746e-1            X -4.26579519e-4       1.00000000e-1            X  9.99585708e-2       7.00000000               X -8.24391565e-5      
 272. 0.0                 9.63000000000006    3.43150326e-1            X -4.26579519e-4       1.00000000e-1            X  9.99585708e-2       7.00000000               X -8.24391565e-5      
 273. 0.0                 9.63000000000006    3.43576905e-1            X -4.26579519e-4       1.00000000e-1            X  9.99585708e-2       7.00000000               X -8.24391565e-5      
 274. 0.0                 9.63000000000006    3.44003485e-1            X -4.26579519e-4       1.00000000e-1            X  9.99585708e-2       7.00000000               X -8.24391565e-5      
 275. 0.0                 9.63000000000006    3.44430064e-1            X -4.26579519e-4       1.00000000e-1            X  9.99585708e-2       7.00000000               X -8.24391565e-5      
 276. 0.0                 9.63000000000006    3.44856644e-1            X -4.26579519e-4       1.00000000e-1            X  9.99585708e-2       7.00000000               X -8.24391565e-5      
 277. 0.0                 9.63000000000006    3.45283223e-1            X -4.26579519e-4       1.00000000e-1            X  9.99585708e-2       7.00000000               X -8.24391565e-5      
 278. 0.0                 9.63000000000006    3.45709803e-1            X -4.26579519e-4       1.00000000e-1            X  9.99585708e-2       7.00000000               X -8.24391565e-5      
 279. 0.0                 9.63000000000006    3.46136382e-1            X -4.26579519e-4       1.00000000e-1            X  9.99585708e-2       7.00000000               X -8.24391565e-5      
 280. 0.0                 9.63000000000006    3.46562962e-1            X -4.26579519e-4       1.00000000e-1            X  9.99585708e-2       7.00000000               X -8.24391565e-5      
 281. 0.0                 9.63000000000006    3.46989541e-1            X -4.26579519e-4       1.00000000e-1            X  9.99585708e-2       7.00000000               X -8.24391565e-5      
 282. 0.0                 9.63000000000006    3.47416121e-1            X -4.26579519e-4       1.00000000e-1            X  9.99585708e-2       7.00000000               X -8.24391565e-5      
 283. 0.0                 9.63000000000006    3.47842700e-1            X -4.26579519e-4       1.00000000e-1            X  9.99585708e-2       7.00000000               X -8.24391565e-5      
 284. 0.0                 9.63000000000006    3.48269280e-1            X -4.26579519e-4       1.00000000e-1            X  9.99585708e-2       7.00000000               X -8.24391565e-5      
 285. 0.0                 9.63000000000006    3.48695859e-1            X -4.26579519e-4       1.00000000e-1            X  9.99585708e-2       7.00000000               X -8.24391565e-5      
 286. 0.0                 9.63000000000006    3.49122439e-1            X -4.26579519e-4       1.00000000e-1            X  9.99585708e-2       7.00000000               X -8.24391565e-5      
 287. 0.0                 9.63000000000006    3.49549018e-1            X -4.26579519e-4       1.00000000e-1            X  9.99585708e-2       7.00000000               X -8.24391565e-5      
 288. 0.0                 9.63000000000006    3.49975598e-1            X -4.26579519e-4       1.00000000e-1            X  9.99585708e-2       7.00000000               X -8.24391565e-5      
 289. 0.0                 9.63000000000006    3.50402178e-1            X -4.26579519e-4       1.00000000e-1            X  9.99585708e-2       7.00000000               X -8.24391565e-5      
 290. 0.0                 9.63000000000006    3.50828757e-1            X -4.26579519e-4       1.00000000e-1            X  9.99585708e-2       7.00000000               X -8.24391565e-5      
 291. 0.0                 9.63000000000006    3.51255337e-1            X -4.26579519e-4       1.00000000e-1            X  9.99585708e-2       7.00000000               X -8.24391565e-5      
 292. 0.0                 9.63000000000006    3.51681916e-1            X -4.26579519e-4       1.00000000e-1            X  9.99585708e-2       7.00000000               X -8.24391565e-5      
 293. 0.0                 9.63000000000006    3.52108496e-1            X -4.26579519e-4       1.00000000e-1            X  9.99585708e-2       7.00000000               X -8.24391565e-5      
 294. 0.0                 9.63000000000006    3.52535075e-1            X -4.26579519e-4       1.00000000e-1            X  9.99585708e-2       7.00000000               X -8.24391565e-5      
 295. 0.0                 9.63000000000006    3.52961655e-1            X -4.26579519e-4       1.00000000e-1            X  9.99585708e-2       7.00000000               X -8.24391565e-5      
 296. 0.0                 9.63000000000006    3.53388234e-1            X -4.26579519e-4       1.00000000e-1            X  9.99585708e-2       7.00000000               X -8.24391565e-5      
 297. 0.0                 9.63000000000006    3.53814814e-1            X -4.26579519e-4       1.00000000e-1            X  9.99585708e-2       7.00000000               X -8.24391565e-5      
 298. 0.0                 9.63000000000006    3.54241393e-1            X -4.26579519e-4       1.00000000e-1            X  9.99585708e-2       7.00000000               X -8.24391565e-5      
 299. 0.0                 9.63000000000006    3.54667973e-1            X -4.26579519e-4       1.00000000e-1            X  9.99585708e-2       7.00000000               X -8.24391565e-5      
