NodeID: 0.0
 nr   logfactor           convergence         gas_u                       gas_res             pH                          chargebalance       Ar[g].logact                Ar[g].tot           CO2[g].logact               CO2[g].tot         
                                                                          0.0                                             0.0                                             4.10000000e-2                                   1.00000000e-10     

 1.0  0.0                 11.612783856719735  2.00000000                  0.0                 7.00000000               X  2.28176141e-8      -15.0000000               X  4.08740445e-17     -15.0000000               X  2.68190336e-16     
 2.0  0.0                 11.612783856719735  2.00000000                  0.0                 7.00000000               X  2.28176141e-8      -14.9590000               X  4.49208136e-17     -15.0000000               X  2.68190336e-16     
 3.0  0.0                 11.612783856719735  2.00000000                  0.0                 7.00000000               X  2.28176141e-8      -14.9180000               X  4.93682365e-17     -15.0000000               X  2.68190336e-16     
 4.0  0.0                 11.612783856719735  2.00000000                  0.0                 7.00000000               X  2.28176141e-8      -14.8770000               X  5.42559802e-17     -15.0000000               X  2.68190336e-16     
 5.0  0.0                 11.612783856719735  2.00000000                  0.0                 7.00000000               X  2.28176141e-8      -14.8360000               X  5.96276390e-17     -15.0000000               X  2.68190336e-16     
 6.0  0.0                 11.612783856719735  2.00000000                  0.0                 7.00000000               X  2.28176141e-8      -14.7950000               X  6.55311235e-17     -15.0000000               X  2.68190336e-16     
 7.0  0.0                 11.612783856719735  2.00000000                  0.0                 7.00000000               X  2.28176141e-8      -14.7540000               X  7.20190874e-17     -15.0000000               X  2.68190336e-16     
 8.0  0.0                 11.612783856719735  2.00000000                  0.0                 7.00000000               X  2.28176141e-8      -14.7130000               X  7.91493976e-17     -15.0000000               X  2.68190336e-16     
 9.0  0.0                 11.612783856719734  2.00000000                  0.0                 7.00000000               X  2.28176141e-8      -14.6720000               X  8.69856501e-17     -15.0000000               X  2.68190336e-16     
 10.0 0.0                 11.612783856719734  2.00000000                  0.0                 7.00000000               X  2.28176141e-8      -14.6310000               X  9.55977374e-17     -15.0000000               X  2.68190336e-16     
 11.0 0.0                 11.612783856719734  2.00000000                  0.0                 7.00000000               X  2.28176141e-8      -14.5900000               X  1.05062472e-16     -15.0000000               X  2.68190337e-16     
 12.0 0.0                 11.612783856719734  2.00000000                  0.0                 7.00000000               X  2.28176141e-8      -14.5490000               X  1.15464270e-16     -15.0000000               X  2.68190337e-16     
 13.0 0.0                 11.612783856719734  2.00000000                  0.0                 7.00000000               X  2.28176141e-8      -14.5080000               X  1.26895907e-16     -15.0000000               X  2.68190337e-16     
 14.0 0.0                 11.612783856719734  2.00000000                  0.0                 7.00000000               X  2.28176141e-8      -14.4670000               X  1.39459343e-16     -15.0000000               X  2.68190337e-16     
 15.0 0.0                 11.612783856719734  2.00000000                  0.0                 7.00000000               X  2.28176141e-8      -14.4260000               X  1.53266632e-16     -15.0000000               X  2.68190337e-16     
 16.0 0.0                 11.612783856719734  2.00000000                  0.0                 7.00000000               X  2.28176141e-8      -14.3850000               X  1.68440923e-16     -15.0000000               X  2.68190337e-16     
 17.0 0.0                 11.612783856719734  2.00000000                  0.0                 7.00000000               X  2.28176141e-8      -14.3440000               X  1.85117558e-16     -15.0000000               X  2.68190337e-16     
 18.0 0.0                 11.612783856719734  2.00000000                  0.0                 7.00000000               X  2.28176141e-8      -14.3030000               X  2.03445278e-16     -15.0000000               X  2.68190337e-16     
 19.0 0.0                 11.612783856719734  2.00000000                  0.0                 7.00000000               X  2.28176141e-8      -14.2620000               X  2.23587548e-16     -15.0000000               X  2.68190337e-16     
 20.0 0.0                 11.612783856719734  2.00000000                  0.0                 7.00000000               X  2.28176141e-8      -14.2210000               X  2.45724021e-16     -15.0000000               X  2.68190337e-16     
 21.0 0.0                 11.612783856719732  2.00000000                  0.0                 7.00000000               X  2.28176141e-8      -14.1800000               X  2.70052134e-16     -15.0000000               X  2.68190337e-16     
 22.0 0.0                 11.612783856719732  2.00000000                  0.0                 7.00000000               X  2.28176141e-8      -14.1390000               X  2.96788872e-16     -15.0000000               X  2.68190337e-16     
 23.0 0.0                 11.612783856719732  2.00000000                  0.0                 7.00000000               X  2.28176141e-8      -14.0980000               X  3.26172704e-16     -15.0000000               X  2.68190337e-16     
 24.0 0.0                 11.612783856719732  2.00000000                  0.0                 7.00000000               X  2.28176141e-8      -14.0570000               X  3.58465706e-16     -15.0000000               X  2.68190337e-16     
 25.0 0.0                 11.612783856719732  2.00000000                  0.0                 7.00000000               X  2.28176141e-8      -14.0160000               X  3.93955904e-16     -15.0000000               X  2.68190337e-16     
 26.0 0.0                 11.61278385671973   2.00000000                  0.0                 7.00000000               X  2.28176141e-8      -13.9750000               X  4.32959839e-16     -15.0000000               X  2.68190337e-16     
 27.0 0.0                 11.61278385671973   2.00000000                  0.0                 7.00000000               X  2.28176141e-8      -13.9340000               X  4.75825392e-16     -15.0000000               X  2.68190338e-16     
 28.0 0.0                 11.61278385671973   2.00000000                  0.0                 7.00000000               X  2.28176141e-8      -13.8930000               X  5.22934884e-16     -15.0000000               X  2.68190338e-16     
 29.0 0.0                 11.61278385671973   2.00000000                  0.0                 7.00000000               X  2.28176141e-8      -13.8520000               X  5.74708491e-16     -15.0000000               X  2.68190338e-16     
 30.0 0.0                 11.612783856719728  2.00000000                  0.0                 7.00000000               X  2.28176141e-8      -13.8110000               X  6.31607988e-16     -15.0000000               X  2.68190338e-16     
 31.0 0.0                 11.612783856719728  2.00000000                  0.0                 7.00000000               X  2.28176141e-8      -13.7700000               X  6.94140867e-16     -15.0000000               X  2.68190338e-16     
 32.0 0.0                 11.612783856719727  2.00000000                  0.0                 7.00000000               X  2.28176141e-8      -13.7290000               X  7.62864866e-16     -15.0000000               X  2.68190338e-16     
 33.0 0.0                 11.612783856719727  2.00000000                  0.0                 7.00000000               X  2.28176141e-8      -13.6880000               X  8.38392942e-16     -15.0000000               X  2.68190338e-16     
 34.0 0.0                 11.612783856719727  2.00000000                  0.0                 7.00000000               X  2.28176141e-8      -13.6470000               X  9.21398739e-16     -15.0000000               X  2.68190338e-16     
 35.0 0.0                 11.612783856719725  2.00000000                  0.0                 7.00000000               X  2.28176141e-8      -13.6060000               X  1.01262259e-15     -15.0000000               X  2.68190338e-16     
 36.0 0.0                 11.612783856719723  2.00000000                  0.0                 7.00000000               X  2.28176141e-8      -13.5650000               X  1.11287814e-15     -15.0000000               X  2.68190338e-16     
 37.0 0.0                 11.612783856719723  2.00000000                  0.0                 7.00000000               X  2.28176141e-8      -13.5240000               X  1.22305958e-15     -15.0000000               X  2.68190338e-16     
 38.0 0.0                 11.612783856719721  2.00000000                  0.0                 7.00000000               X  2.28176141e-8      -13.4830000               X  1.34414962e-15     -15.0000000               X  2.68190338e-16     
 39.0 0.0                 11.61278385671972   2.00000000                  0.0                 7.00000000               X  2.28176141e-8      -13.4420000               X  1.47722828e-15     -15.0000000               X  2.68190338e-16     
 40.0 0.0                 11.612783856719718  2.00000000                  0.0                 7.00000000               X  2.28176141e-8      -13.4010000               X  1.62348251e-15     -15.0000000               X  2.68190338e-16     
 41.0 0.0                 11.612783856719716  2.00000000                  0.0                 7.00000000               X  2.28176141e-8      -13.3600000               X  1.78421676e-15     -15.0000000               X  2.68190338e-16     
 42.0 0.0                 11.612783856719714  2.00000000                  0.0                 7.00000000               X  2.28176141e-8      -13.3190000               X  1.96086463e-15     -15.0000000               X  2.68190338e-16     
 43.0 0.0                 11.612783856719712  2.00000000                  0.0                 7.00000000               X  2.28176141e-8      -13.2780000               X  2.15500168e-15     -15.0000000               X  2.68190339e-16     
 44.0 0.0                 11.61278385671971   2.00000000                  0.0                 7.00000000               X  2.28176141e-8      -13.2370000               X  2.36835943e-15     -15.0000000               X  2.68190339e-16     
 45.0 0.0                 11.612783856719709  2.00000000                  0.0                 7.00000000               X  2.28176141e-8      -13.1960000               X  2.60284085e-15     -15.0000000               X  2.68190339e-16     
 46.0 0.0                 11.612783856719705  2.00000000                  0.0                 7.00000000               X  2.28176141e-8      -13.1550000               X  2.86053729e-15     -15.0000000               X  2.68190339e-16     
 47.0 0.0                 11.612783856719702  2.00000000                  0.0                 7.00000000               X  2.28176141e-8      -13.1140000               X  3.14374719e-15     -15.0000000               X  2.68190339e-16     
 48.0 0.0                 11.612783856719698  2.00000000                  0.0                 7.00000000               X  2.28176141e-8      -13.0730000               X  3.45499652e-15     -15.0000000               X  2.68190339e-16     
 49.0 0.0                 11.612783856719695  2.00000000                  0.0                 7.00000000               X  2.28176141e-8      -13.0320000               X  3.79706135e-15     -15.0000000               X  2.68190339e-16     
 50.0 0.0                 11.612783856719691  2.00000000                  0.0                 7.00000000               X  2.28176141e-8      -12.9910000               X  4.17299259e-15     -15.0000000               X  2.68190339e-16     
 51.0 0.0                 11.612783856719687  2.00000000                  0.0                 7.00000000               X  2.28176141e-8      -12.9500000               X  4.58614323e-15     -15.0000000               X  2.68190339e-16     
 52.0 0.0                 11.612783856719682  2.00000000                  0.0                 7.00000000               X  2.28176141e-8      -12.9090000               X  5.04019819e-15     -15.0000000               X  2.68190339e-16     
 53.0 0.0                 11.612783856719677  2.00000000                  0.0                 7.00000000               X  2.28176141e-8      -12.8680000               X  5.53920724e-15     -15.0000000               X  2.68190339e-16     
 54.0 0.0                 11.612783856719672  2.00000000                  0.0                 7.00000000               X  2.28176141e-8      -12.8270000               X  6.08762110e-15     -15.0000000               X  2.68190339e-16     
 55.0 0.0                 11.612783856719664  2.00000000                  0.0                 7.00000000               X  2.28176141e-8      -12.7860000               X  6.69033114e-15     -15.0000000               X  2.68190339e-16     
 56.0 0.0                 11.612783856719657  2.00000000                  0.0                 7.00000000               X  2.28176141e-8      -12.7450000               X  7.35271299e-15     -15.0000000               X  2.68190339e-16     
 57.0 0.0                 11.61278385671965   2.00000000                  0.0                 7.00000000               X  2.28176141e-8      -12.7040000               X  8.08067451e-15     -15.0000000               X  2.68190339e-16     
 58.0 0.0                 11.612783856719641  2.00000000                  0.0                 7.00000000               X  2.28176141e-8      -12.6630000               X  8.88070847e-15     -15.0000000               X  2.68190339e-16     
 59.0 0.0                 11.612783856719632  2.00000000                  0.0                 7.00000000               X  2.28176141e-8      -12.6220000               X  9.75995047e-15     -15.0000000               X  2.68190340e-16     
 60.0 0.0                 11.612783856719622  2.00000000                  0.0                 7.00000000               X  2.28176141e-8      -12.5810000               X  1.07262426e-14     -15.0000000               X  2.68190340e-16     
 61.0 0.0                 11.612783856719611  2.00000000                  0.0                 7.00000000               X  2.28176141e-8      -12.5400000               X  1.17882032e-14     -15.0000000               X  2.68190340e-16     
 62.0 0.0                 11.612783856719599  2.00000000                  0.0                 7.00000000               X  2.28176141e-8      -12.4990000               X  1.29553042e-14     -15.0000000               X  2.68190340e-16     
 63.0 0.0                 11.612783856719584  2.00000000                  0.0                 7.00000000               X  2.28176141e-8      -12.4580000               X  1.42379549e-14     -15.0000000               X  2.68190340e-16     
 64.0 0.0                 11.61278385671957   2.00000000                  0.0                 7.00000000               X  2.28176141e-8      -12.4170000               X  1.56475956e-14     -15.0000000               X  2.68190340e-16     
 65.0 0.0                 11.612783856719552  2.00000000                  0.0                 7.00000000               X  2.28176141e-8      -12.3760000               X  1.71967989e-14     -15.0000000               X  2.68190340e-16     
 66.0 0.0                 11.612783856719535  2.00000000                  0.0                 7.00000000               X  2.28176141e-8      -12.3350000               X  1.88993825e-14     -15.0000000               X  2.68190340e-16     
 67.0 0.0                 11.612783856719515  2.00000000                  0.0                 7.00000000               X  2.28176141e-8      -12.2940000               X  2.07705317e-14     -15.0000000               X  2.68190340e-16     
 68.0 0.0                 11.612783856719494  2.00000000                  0.0                 7.00000000               X  2.28176141e-8      -12.2530000               X  2.28269356e-14     -15.0000000               X  2.68190340e-16     
 69.0 0.0                 11.612783856719469  2.00000000                  0.0                 7.00000000               X  2.28176141e-8      -12.2120000               X  2.50869355e-14     -15.0000000               X  2.68190340e-16     
 70.0 0.0                 11.612783856719444  2.00000000                  0.0                 7.00000000               X  2.28176141e-8      -12.1710000               X  2.75706886e-14     -15.0000000               X  2.68190340e-16     
 71.0 0.0                 11.612783856719414  2.00000000                  0.0                 7.00000000               X  2.28176141e-8      -12.1300000               X  3.03003478e-14     -15.0000000               X  2.68190340e-16     
 72.0 0.0                 11.612783856719382  2.00000000                  0.0                 7.00000000               X  2.28176141e-8      -12.0890000               X  3.33002592e-14     -15.0000000               X  2.68190340e-16     
 73.0 0.0                 11.612783856719348  2.00000000                  0.0                 7.00000000               X  2.28176141e-8      -12.0480000               X  3.65971793e-14     -15.0000000               X  2.68190340e-16     
 74.0 0.0                 11.61278385671931   2.00000000                  0.0                 7.00000000               X  2.28176141e-8      -12.0070000               X  4.02205137e-14     -15.0000000               X  2.68190340e-16     
 75.0 0.0                 11.612783856719266  2.00000000                  0.0                 7.00000000               X  2.28176141e-8      -11.9660000               X  4.42025795e-14     -15.0000000               X  2.68190341e-16     
 76.0 0.0                 11.61278385671922   2.00000000                  0.0                 7.00000000               X  2.28176141e-8      -11.9250000               X  4.85788930e-14     -15.0000000               X  2.68190341e-16     
 77.0 0.0                 11.61278385671917   2.00000000                  0.0                 7.00000000               X  2.28176141e-8      -11.8840000               X  5.33884870e-14     -15.0000000               X  2.68190341e-16     
 78.0 0.0                 11.612783856719114  2.00000000                  0.0                 7.00000000               X  2.28176141e-8      -11.8430000               X  5.86742590e-14     -15.0000000               X  2.68190341e-16     
 79.0 0.0                 11.612783856719053  2.00000000                  0.0                 7.00000000               X  2.28176141e-8      -11.8020000               X  6.44833533e-14     -15.0000000               X  2.68190341e-16     
 80.0 0.0                 11.612783856718984  2.00000000                  0.0                 7.00000000               X  2.28176141e-8      -11.7610000               X  7.08675818e-14     -15.0000000               X  2.68190341e-16     
 81.0 0.0                 11.612783856718911  2.00000000                  0.0                 7.00000000               X  2.28176141e-8      -11.7200000               X  7.78838862e-14     -15.0000000               X  2.68190341e-16     
 82.0 0.0                 11.61278385671883   2.00000000                  0.0                 7.00000000               X  2.28176141e-8      -11.6790000               X  8.55948458e-14     -15.0000000               X  2.68190341e-16     
 83.0 0.0                 11.612783856718739  2.00000000                  0.0                 7.00000000               X  2.28176141e-8      -11.6380000               X  9.40692353e-14     -15.0000000               X  2.68190341e-16     
 84.0 0.0                 11.612783856718641  2.00000000                  0.0                 7.00000000               X  2.28176141e-8      -11.5970000               X  1.03382639e-13     -15.0000000               X  2.68190341e-16     
 85.0 0.0                 11.612783856718533  2.00000000                  0.0                 7.00000000               X  2.28176141e-8      -11.5560000               X  1.13618124e-13     -15.0000000               X  2.68190341e-16     
 86.0 0.0                 11.612783856718412  2.00000000                  0.0                 7.00000000               X  2.28176141e-8      -11.5150000               X  1.24866982e-13     -15.0000000               X  2.68190341e-16     
 87.0 0.0                 11.612783856718282  2.00000000                  0.0                 7.00000000               X  2.28176141e-8      -11.4740000               X  1.37229542e-13     -15.0000000               X  2.68190341e-16     
 88.0 0.0                 11.612783856718139  2.00000000                  0.0                 7.00000000               X  2.28176141e-8      -11.4330000               X  1.50816068e-13     -15.0000000               X  2.68190341e-16     
 89.0 0.0                 11.61278385671798   2.00000000                  0.0                 7.00000000               X  2.28176141e-8      -11.3920000               X  1.65747739e-13     -15.0000000               X  2.68190341e-16     
 90.0 0.0                 11.612783856717806  2.00000000                  0.0                 7.00000000               X  2.28176141e-8      -11.3510000               X  1.82157733e-13     -15.0000000               X  2.68190341e-16     
 91.0 0.0                 11.612783856717614  2.00000000                  0.0                 7.00000000               X  2.28176141e-8      -11.3100000               X  2.00192413e-13     -15.0000000               X  2.68190341e-16     
 92.0 0.0                 11.612783856717405  2.00000000                  0.0                 7.00000000               X  2.28176141e-8      -11.2690000               X  2.20012631e-13     -15.0000000               X  2.68190342e-16     
 93.0 0.0                 11.612783856717174  2.00000000                  0.0                 7.00000000               X  2.28176141e-8      -11.2280000               X  2.41795166e-13     -15.0000000               X  2.68190342e-16     
 94.0 0.0                 11.61278385671692   2.00000000                  0.0                 7.00000000               X  2.28176141e-8      -11.1870000               X  2.65734299e-13     -15.0000000               X  2.68190342e-16     
 95.0 0.0                 11.612783856716643  2.00000000                  0.0                 7.00000000               X  2.28176141e-8      -11.1460000               X  2.92043546e-13     -15.0000000               X  2.68190342e-16     
 96.0 0.0                 11.612783856716336  2.00000000                  0.0                 7.00000000               X  2.28176141e-8      -11.1050000               X  3.20957563e-13     -15.0000000               X  2.68190342e-16     
 97.0 0.0                 11.612783856716     2.00000000                  0.0                 7.00000000               X  2.28176141e-8      -11.0640000               X  3.52734236e-13     -15.0000000               X  2.68190342e-16     
 98.0 0.0                 11.612783856715629  2.00000000                  0.0                 7.00000000               X  2.28176141e-8      -11.0230000               X  3.87656985e-13     -15.0000000               X  2.68190342e-16     
 99.0 0.0                 11.612783856715224  2.00000000                  0.0                 7.00000000               X  2.28176141e-8      -10.9820000               X  4.26037290e-13     -15.0000000               X  2.68190342e-16     
 100. 0.0                 11.612783856714776  2.00000000                  0.0                 7.00000000               X  2.28176141e-8      -10.9410000               X  4.68217470e-13     -15.0000000               X  2.68190342e-16     
 101. 0.0                 11.612783856714286  2.00000000                  0.0                 7.00000000               X  2.28176141e-8      -10.9000000               X  5.14573733e-13     -15.0000000               X  2.68190342e-16     
 102. 0.0                 11.612783856713746  2.00000000                  0.0                 7.00000000               X  2.28176141e-8      -10.8590000               X  5.65519538e-13     -15.0000000               X  2.68190342e-16     
 103. 0.0                 11.612783856713152  2.00000000                  0.0                 7.00000000               X  2.28176141e-8      -10.8180000               X  6.21509274e-13     -15.0000000               X  2.68190342e-16     
 104. 0.0                 11.6127838567125    2.00000000                  0.0                 7.00000000               X  2.28176141e-8      -10.7770000               X  6.83042322e-13     -15.0000000               X  2.68190342e-16     
 105. 0.0                 11.612783856711784  2.00000000                  0.0                 7.00000000               X  2.28176141e-8      -10.7360000               X  7.50667500e-13     -15.0000000               X  2.68190342e-16     
 106. 0.0                 11.612783856710998  2.00000000                  0.0                 7.00000000               X  2.28176141e-8      -10.6950000               X  8.24987966e-13     -15.0000000               X  2.68190342e-16     
 107. 0.0                 11.612783856710132  2.00000000                  0.0                 7.00000000               X  2.28176141e-8      -10.6540000               X  9.06666592e-13     -15.0000000               X  2.68190342e-16     
 108. 0.0                 11.61278385670918   2.00000000                  0.0                 7.00000000               X  2.28176141e-8      -10.6130000               X  9.96431879e-13     -15.0000000               X  2.68190343e-16     
 109. 0.0                 11.612783856708136  2.00000000                  0.0                 7.00000000               X  2.28176141e-8      -10.5720000               X  1.09508445e-12     -15.0000000               X  2.68190343e-16     
 110. 0.0                 11.612783856706987  2.00000000                  0.0                 7.00000000               X  2.28176141e-8      -10.5310000               X  1.20350421e-12     -15.0000000               X  2.68190343e-16     
 111. 0.0                 11.612783856705725  2.00000000                  0.0                 7.00000000               X  2.28176141e-8      -10.4900000               X  1.32265815e-12     -15.0000000               X  2.68190343e-16     
 112. 0.0                 11.612783856704338  2.00000000                  0.0                 7.00000000               X  2.28176141e-8      -10.4490000               X  1.45360903e-12     -15.0000000               X  2.68190343e-16     
 113. 0.0                 11.612783856702814  2.00000000                  0.0                 7.00000000               X  2.28176141e-8      -10.4080000               X  1.59752482e-12     -15.0000000               X  2.68190343e-16     
 114. 0.0                 11.612783856701139  2.00000000                  0.0                 7.00000000               X  2.28176141e-8      -10.3670000               X  1.75568910e-12     -15.0000000               X  2.68190343e-16     
 115. 0.0                 11.612783856699297  2.00000000                  0.0                 7.00000000               X  2.28176141e-8      -10.3260000               X  1.92951258e-12     -15.0000000               X  2.68190343e-16     
 116. 0.0                 11.612783856697273  2.00000000                  0.0                 7.00000000               X  2.28176141e-8      -10.2850000               X  2.12054559e-12     -15.0000000               X  2.68190343e-16     
 117. 0.0                 11.61278385669505   2.00000000                  0.0                 7.00000000               X  2.28176141e-8      -10.2440000               X  2.33049198e-12     -15.0000000               X  2.68190343e-16     
 118. 0.0                 11.612783856692605  2.00000000                  0.0                 7.00000000               X  2.28176141e-8      -10.2030000               X  2.56122430e-12     -15.0000000               X  2.68190343e-16     
 119. 0.0                 11.61278385668992   2.00000000                  0.0                 7.00000000               X  2.28176141e-8      -10.1620000               X  2.81480046e-12     -15.0000000               X  2.68190343e-16     
 120. 0.0                 11.612783856686967  2.00000000                  0.0                 7.00000000               X  2.28176141e-8      -10.1210000               X  3.09348214e-12     -15.0000000               X  2.68190343e-16     
 121. 0.0                 11.612783856683723  2.00000000                  0.0                 7.00000000               X  2.28176141e-8      -10.0800000               X  3.39975494e-12     -15.0000000               X  2.68190343e-16     
 122. 0.0                 11.612783856680158  2.00000000                  0.0                 7.00000000               X  2.28176141e-8      -10.0390000               X  3.73635053e-12     -15.0000000               X  2.68190343e-16     
 123. 0.0                 11.61278385667624   2.00000000                  0.0                 7.00000000               X  2.28176141e-8      -9.99800000               X  4.10627105e-12     -15.0000000               X  2.68190343e-16     
 124. 0.0                 11.612783856671934  2.00000000                  0.0                 7.00000000               X  2.28176141e-8      -9.95700000               X  4.51281587e-12     -15.0000000               X  2.68190344e-16     
 125. 0.0                 11.612783856667201  2.00000000                  0.0                 7.00000000               X  2.28176141e-8      -9.91600000               X  4.95961099e-12     -15.0000000               X  2.68190344e-16     
 126. 0.0                 11.612783856661999  2.00000000                  0.0                 7.00000000               X  2.28176141e-8      -9.87500000               X  5.45064144e-12     -15.0000000               X  2.68190344e-16     
 127. 0.0                 11.612783856656284  2.00000000                  0.0                 7.00000000               X  2.28176141e-8      -9.83400000               X  5.99028677e-12     -15.0000000               X  2.68190344e-16     
 128. 0.0                 11.612783856650001  2.00000000                  0.0                 7.00000000               X  2.28176141e-8      -9.79300000               X  6.58336014e-12     -15.0000000               X  2.68190344e-16     
 129. 0.0                 11.612783856643096  2.00000000                  0.0                 7.00000000               X  2.28176141e-8      -9.75200000               X  7.23515124e-12     -15.0000000               X  2.68190344e-16     
 130. 0.0                 11.61278385663551   2.00000000                  0.0                 7.00000000               X  2.28176141e-8      -9.71100000               X  7.95147346e-12     -15.0000000               X  2.68190344e-16     
 131. 0.0                 11.61278385662717   2.00000000                  0.0                 7.00000000               X  2.28176141e-8      -9.67000000               X  8.73871576e-12     -15.0000000               X  2.68190344e-16     
 132. 0.0                 11.612783856618005  2.00000000                  0.0                 7.00000000               X  2.28176141e-8      -9.62900000               X  9.60389965e-12     -15.0000000               X  2.68190344e-16     
 133. 0.0                 11.612783856607933  2.00000000                  0.0                 7.00000000               X  2.28176141e-8      -9.58800000               X  1.05547418e-11     -15.0000000               X  2.68190344e-16     
 134. 0.0                 11.612783856596865  2.00000000                  0.0                 7.00000000               X  2.28176141e-8      -9.54700000               X  1.15997229e-11     -15.0000000               X  2.68190344e-16     
 135. 0.0                 11.6127838565847    2.00000000                  0.0                 7.00000000               X  2.28176141e-8      -9.50600000               X  1.27481632e-11     -15.0000000               X  2.68190344e-16     
 136. 0.0                 11.612783856571331  2.00000000                  0.0                 7.00000000               X  2.28176141e-8      -9.46500000               X  1.40103058e-11     -15.0000000               X  2.68190344e-16     
 137. 0.0                 11.612783856556637  2.00000000                  0.0                 7.00000000               X  2.28176141e-8      -9.42400000               X  1.53974078e-11     -15.0000000               X  2.68190344e-16     
 138. 0.0                 11.61278385654049   2.00000000                  0.0                 7.00000000               X  2.28176141e-8      -9.38300000               X  1.69218411e-11     -15.0000000               X  2.68190344e-16     
 139. 0.0                 11.612783856522745  2.00000000                  0.0                 7.00000000               X  2.28176141e-8      -9.34200000               X  1.85972022e-11     -15.0000000               X  2.68190344e-16     
 140. 0.0                 11.61278385650324   2.00000000                  0.0                 7.00000000               X  2.28176141e-8      -9.30100000               X  2.04384338e-11     -15.0000000               X  2.68190345e-16     
 141. 0.0                 11.612783856481807  2.00000000                  0.0                 7.00000000               X  2.28176141e-8      -9.26000000               X  2.24619581e-11     -15.0000000               X  2.68190345e-16     
 142. 0.0                 11.61278385645825   2.00000000                  0.0                 7.00000000               X  2.28176141e-8      -9.21900000               X  2.46858232e-11     -15.0000000               X  2.68190345e-16     
 143. 0.0                 11.612783856432362  2.00000000                  0.0                 7.00000000               X  2.28176141e-8      -9.17800000               X  2.71298638e-11     -15.0000000               X  2.68190345e-16     
 144. 0.0                 11.61278385640391   2.00000000                  0.0                 7.00000000               X  2.28176141e-8      -9.13700000               X  2.98158787e-11     -15.0000000               X  2.68190345e-16     
 145. 0.0                 11.61278385637264   2.00000000                  0.0                 7.00000000               X  2.28176141e-8      -9.09600000               X  3.27678248e-11     -15.0000000               X  2.68190345e-16     
 146. 0.0                 11.612783856338277  2.00000000                  0.0                 7.00000000               X  2.28176141e-8      -9.05500000               X  3.60120308e-11     -15.0000000               X  2.68190345e-16     
 147. 0.0                 11.61278385630051   2.00000000                  0.0                 7.00000000               X  2.28176141e-8      -9.01400000               X  3.95774322e-11     -15.0000000               X  2.68190345e-16     
 148. 0.0                 11.612783856259004  2.00000000                  0.0                 7.00000000               X  2.28176141e-8      -8.97300000               X  4.34958291e-11     -15.0000000               X  2.68190345e-16     
 149. 0.0                 11.612783856213388  2.00000000                  0.0                 7.00000000               X  2.28176141e-8      -8.93200000               X  4.78021701e-11     -15.0000000               X  2.68190345e-16     
 150. 0.0                 11.612783856163258  2.00000000                  0.0                 7.00000000               X  2.28176141e-8      -8.89100000               X  5.25348641e-11     -15.0000000               X  2.68190345e-16     
 151. 0.0                 11.612783856108162  2.00000000                  0.0                 7.00000000               X  2.28176141e-8      -8.85000000               X  5.77361224e-11     -15.0000000               X  2.68190345e-16     
 152. 0.0                 11.612783856047614  2.00000000                  0.0                 7.00000000               X  2.28176141e-8      -8.80900000               X  6.34523357e-11     -15.0000000               X  2.68190345e-16     
 153. 0.0                 11.61278385598107   2.00000000                  0.0                 7.00000000               X  2.28176141e-8      -8.76800000               X  6.97344874e-11     -15.0000000               X  2.68190345e-16     
 154. 0.0                 11.612783855907937  2.00000000                  0.0                 7.00000000               X  2.28176141e-8      -8.72700000               X  7.66386089e-11     -15.0000000               X  2.68190345e-16     
 155. 0.0                 11.612783855827564  2.00000000                  0.0                 7.00000000               X  2.28176141e-8      -8.68600000               X  8.42262787e-11     -15.0000000               X  2.68190345e-16     
 156. 0.0                 11.612783855739234  2.00000000                  0.0                 7.00000000               X  2.28176141e-8      -8.64500000               X  9.25651721e-11     -15.0000000               X  2.68190346e-16     
 157. 0.0                 11.612783855642158  2.00000000                  0.0                 7.00000000               X  2.28176141e-8      -8.60400000               X  1.01729665e-10     -15.0000000               X  2.68190346e-16     
 158. 0.0                 11.612783855535472  2.00000000                  0.0                 7.00000000               X  2.28176141e-8      -8.56300000               X  1.11801495e-10     -15.0000000               X  2.68190346e-16     
 159. 0.0                 11.612783855418224  2.00000000                  0.0                 7.00000000               X  2.28176141e-8      -8.52200000               X  1.22870496e-10     -15.0000000               X  2.68190346e-16     
 160. 0.0                 11.612783855289367  2.00000000                  0.0                 7.00000000               X  2.28176141e-8      -8.48100000               X  1.35035393e-10     -15.0000000               X  2.68190346e-16     
 161. 0.0                 11.612783855147752  2.00000000                  0.0                 7.00000000               X  2.28176141e-8      -8.44000000               X  1.48404685e-10     -15.0000000               X  2.68190346e-16     
 162. 0.0                 11.612783854992117  2.00000000                  0.0                 7.00000000               X  2.28176141e-8      -8.39900000               X  1.63097616e-10     -15.0000000               X  2.68190346e-16     
 163. 0.0                 11.612783854821071  2.00000000                  0.0                 7.00000000               X  2.28176141e-8      -8.35800000               X  1.79245232e-10     -15.0000000               X  2.68190346e-16     
 164. 0.0                 11.612783854633093  2.00000000                  0.0                 7.00000000               X  2.28176141e-8      -8.31700000               X  1.96991556e-10     -15.0000000               X  2.68190346e-16     
 165. 0.0                 11.612783854426503  2.00000000                  0.0                 7.00000000               X  2.28176141e-8      -8.27600000               X  2.16494871e-10     -15.0000000               X  2.68190346e-16     
 166. 0.0                 11.61278385419946   2.00000000                  0.0                 7.00000000               X  2.28176141e-8      -8.23500000               X  2.37929127e-10     -15.0000000               X  2.68190346e-16     
 167. 0.0                 11.612783853949937  2.00000000                  0.0                 7.00000000               X  2.28176141e-8      -8.19400000               X  2.61485500e-10     -15.0000000               X  2.68190346e-16     
 168. 0.0                 11.612783853675712  2.00000000                  0.0                 7.00000000               X  2.28176141e-8      -8.15300000               X  2.87374091e-10     -15.0000000               X  2.68190346e-16     
 169. 0.0                 11.612783853374335  2.00000000                  0.0                 7.00000000               X  2.28176141e-8      -8.11200000               X  3.15825804e-10     -15.0000000               X  2.68190346e-16     
 170. 0.0                 11.61278385304312   2.00000000                  0.0                 7.00000000               X  2.28176141e-8      -8.07100000               X  3.47094403e-10     -15.0000000               X  2.68190346e-16     
 171. 0.0                 11.612783852679115  2.00000000                  0.0                 7.00000000               X  2.28176141e-8      -8.03000000               X  3.81458775e-10     -15.0000000               X  2.68190346e-16     
 172. 0.0                 11.61278385227907   2.00000000                  0.0                 7.00000000               X  2.28176141e-8      -7.98900000               X  4.19225421e-10     -15.0000000               X  2.68190346e-16     
 173. 0.0                 11.612783851839419  2.00000000                  0.0                 7.00000000               X  2.28176141e-8      -7.94800000               X  4.60731185e-10     -15.0000000               X  2.68190347e-16     
 174. 0.0                 11.612783851356237  2.00000000                  0.0                 7.00000000               X  2.28176141e-8      -7.90700001               X  5.06346262e-10     -15.0000000               X  2.68190347e-16     
 175. 0.0                 11.61278385082522   2.00000000                  0.0                 7.00000000               X  2.28176141e-8      -7.86600001               X  5.56477498e-10     -15.0000000               X  2.68190347e-16     
 176. 0.0                 11.612783850241629  2.00000000                  0.0                 7.00000000               X  2.28176141e-8      -7.82500001               X  6.11572020e-10     -15.0000000               X  2.68190347e-16     
 177. 0.0                 11.612783849600259  2.00000000                  0.0                 7.00000000               X  2.28176141e-8      -7.78400001               X  6.72121220e-10     -15.0000000               X  2.68190347e-16     
 178. 0.0                 11.61278384889539   2.00000000                  0.0                 7.00000000               X  2.28176141e-8      -7.74300001               X  7.38665144e-10     -15.0000000               X  2.68190347e-16     
 179. 0.0                 11.612783848120733  2.00000000                  0.0                 7.00000000               X  2.28176141e-8      -7.70200001               X  8.11797305e-10     -15.0000000               X  2.68190347e-16     
 180. 0.0                 11.612783847269382  2.00000000                  0.0                 7.00000000               X  2.28176141e-8      -7.66100001               X  8.92169977e-10     -15.0000000               X  2.68190347e-16     
 181. 0.0                 11.612783846333741  2.00000000                  0.0                 7.00000000               X  2.28176141e-8      -7.62000001               X  9.80500013e-10     -15.0000000               X  2.68190347e-16     
 182. 0.0                 11.612783845305467  2.00000000                  0.0                 7.00000000               X  2.28176141e-8      -7.57900001               X  1.07757524e-9      -15.0000000               X  2.68190347e-16     
 183. 0.0                 11.612783844175388  2.00000000                  0.0                 7.00000000               X  2.28176141e-8      -7.53800001               X  1.18426148e-9      -15.0000000               X  2.68190347e-16     
 184. 0.0                 11.612783842933425  2.00000000                  0.0                 7.00000000               X  2.28176141e-8      -7.49700001               X  1.30151027e-9      -15.0000000               X  2.68190347e-16     
 185. 0.0                 11.612783841568499  2.00000000                  0.0                 7.00000000               X  2.28176141e-8      -7.45600001               X  1.43036739e-9      -15.0000000               X  2.68190347e-16     
 186. 0.0                 11.612783840068438  2.00000000                  0.0                 7.00000000               X  2.28176141e-8      -7.41500002               X  1.57198210e-9      -15.0000000               X  2.68190347e-16     
 187. 0.0                 11.612783838419864  2.00000000                  0.0                 7.00000000               X  2.28176141e-8      -7.37400002               X  1.72761751e-9      -15.0000000               X  2.68190347e-16     
 188. 0.0                 11.612783836608068  2.00000000                  0.0                 7.00000000               X  2.28176141e-8      -7.33300002               X  1.89866172e-9      -15.0000000               X  2.68190347e-16     
 189. 0.0                 11.612783834616897  2.00000000                  0.0                 7.00000000               X  2.28176141e-8      -7.29200002               X  2.08664031e-9      -15.0000000               X  2.68190348e-16     
 190. 0.0                 11.612783832428587  2.00000000                  0.0                 7.00000000               X  2.28176141e-8      -7.25100002               X  2.29322987e-9      -15.0000000               X  2.68190348e-16     
 191. 0.0                 11.612783830023622  2.00000000                  0.0                 7.00000000               X  2.28176141e-8      -7.21000003               X  2.52027301e-9      -15.0000000               X  2.68190348e-16     
 192. 0.0                 11.61278382738055   2.00000000                  0.0                 7.00000000               X  2.28176141e-8      -7.16900003               X  2.76979474e-9      -15.0000000               X  2.68190348e-16     
 193. 0.0                 11.6127838244758    2.00000000                  0.0                 7.00000000               X  2.28176141e-8      -7.12800003               X  3.04402057e-9      -15.0000000               X  2.68190348e-16     
 194. 0.0                 11.612783821283461  2.00000000                  0.0                 7.00000000               X  2.28176141e-8      -7.08700003               X  3.34539636e-9      -15.0000000               X  2.68190348e-16     
 195. 0.0                 11.612783817775064  2.00000000                  0.0                 7.00000000               X  2.28176141e-8      -7.04600004               X  3.67661011e-9      -15.0000000               X  2.68190348e-16     
 196. 0.0                 11.612783813919314  2.00000000                  0.0                 7.00000000               X  2.28176141e-8      -7.00500004               X  4.04061594e-9      -15.0000000               X  2.68190348e-16     
 197. 0.0                 11.612783809681822  2.00000000                  0.0                 7.00000000               X  2.28176141e-8      -6.96400004               X  4.44066047e-9      -15.0000000               X  2.68190348e-16     
 198. 0.0                 11.612783805024794  2.00000000                  0.0                 7.00000000               X  2.28176141e-8      -6.92300005               X  4.88031174e-9      -15.0000000               X  2.68190348e-16     
 199. 0.0                 11.612783799906694  2.00000000                  0.0                 7.00000000               X  2.28176141e-8      -6.88200005               X  5.36349104e-9      -15.0000000               X  2.68190348e-16     
 200. 0.0                 11.61278379428187   2.00000000                  0.0                 7.00000000               X  2.28176141e-8      -6.84100006               X  5.89450790e-9      -15.0000000               X  2.68190348e-16     
 201. 0.0                 11.612783788100158  2.00000000                  0.0                 7.00000000               X  2.28176141e-8      -6.80000007               X  6.47809852e-9      -15.0000000               X  2.68190348e-16     
 202. 0.0                 11.61278378130642   2.00000000                  0.0                 7.00000000               X  2.28176141e-8      -6.75900007               X  7.11946799e-9      -15.0000000               X  2.68190348e-16     
 203. 0.0                 11.612783773840063  2.00000000                  0.0                 7.00000000               X  2.28176141e-8      -6.71800008               X  7.82433677e-9      -15.0000000               X  2.68190348e-16     
 204. 0.0                 11.612783765634491  2.00000000                  0.0                 7.00000000               X  2.28176141e-8      -6.67700009               X  8.59899164e-9      -15.0000000               X  2.68190348e-16     
 205. 0.0                 11.61278375661652   2.00000000                  0.0                 7.00000000               X  2.28176141e-8      -6.63600010               X  9.45034184e-9      -15.0000000               X  2.68190349e-16     
 206. 0.0                 11.61278374670572   2.00000000                  0.0                 7.00000000               X  2.28176141e-8      -6.59500010               X  1.03859806e-8      -15.0000000               X  2.68190349e-16     
 207. 0.0                 11.612783735813691  2.00000000                  0.0                 7.00000000               X  2.28176141e-8      -6.55400012               X  1.14142531e-8      -15.0000000               X  2.68190349e-16     
 208. 0.0                 11.612783723843288  2.00000000                  0.0                 7.00000000               X  2.28176141e-8      -6.51300013               X  1.25443305e-8      -15.0000000               X  2.68190349e-16     
 209. 0.0                 11.612783710687745  2.00000000                  0.0                 7.00000000               X  2.28176141e-8      -6.47200014               X  1.37862921e-8      -15.0000000               X  2.68190349e-16     
 210. 0.0                 11.612783696229728  2.00000000                  0.0                 7.00000000               X  2.28176141e-8      -6.43100015               X  1.51512150e-8      -15.0000000               X  2.68190349e-16     
 211. 0.0                 11.612783680340284  2.00000000                  0.0                 7.00000000               X  2.28176141e-8      -6.39000017               X  1.66512732e-8      -15.0000000               X  2.68190349e-16     
 212. 0.0                 11.61278366287769   2.00000000                  0.0                 7.00000000               X  2.28176141e-8      -6.34900018               X  1.82998457e-8      -15.0000000               X  2.68190349e-16     
 213. 0.0                 11.612783643686202  2.00000000                  0.0                 7.00000000               X  2.28176141e-8      -6.30800020               X  2.01116365e-8      -15.0000000               X  2.68190349e-16     
 214. 0.0                 11.612783622594643  2.00000000                  0.0                 7.00000000               X  2.28176141e-8      -6.26700022               X  2.21028049e-8      -15.0000000               X  2.68190349e-16     
 215. 0.0                 11.612783599414898  2.00000000                  0.0                 7.00000000               X  2.28176141e-8      -6.22600025               X  2.42911104e-8      -15.0000000               X  2.68190349e-16     
 216. 0.0                 11.612783573940224  2.00000000                  0.0                 7.00000000               X  2.28176141e-8      -6.18500027               X  2.66960707e-8      -15.0000000               X  2.68190349e-16     
 217. 0.0                 11.61278354594341   2.00000000                  0.0                 7.00000000               X  2.28176141e-8      -6.14400030               X  2.93391358e-8      -15.0000000               X  2.68190349e-16     
 218. 0.0                 11.61278351517475   2.00000000                  0.0                 7.00000000               X  2.28176141e-8      -6.10300033               X  3.22438794e-8      -15.0000000               X  2.68190349e-16     
 219. 0.0                 11.612783481359815  2.00000000                  0.0                 7.00000000               X  2.28176141e-8      -6.06200036               X  3.54362091e-8      -15.0000000               X  2.68190349e-16     
 220. 0.0                 11.612783444197007  2.00000000                  0.0                 7.00000000               X  2.28176141e-8      -6.02100039               X  3.89445976e-8      -15.0000000               X  2.68190349e-16     
 221. 0.0                 11.612783403354868  2.00000000                  0.0                 7.00000000               X  2.28176141e-8      -5.98000043               X  4.28003363e-8      -15.0000000               X  2.68190350e-16     
 222. 0.0                 11.612783358469121  2.00000000                  0.0                 7.00000000               X  2.28176141e-8      -5.93900048               X  4.70378149e-8      -15.0000000               X  2.68190350e-16     
 223. 0.0                 11.612783309139429  2.00000000                  0.0                 7.00000000               X  2.28176141e-8      -5.89800052               X  5.16948276e-8      -15.0000000               X  2.68190350e-16     
 224. 0.0                 11.612783254925816  2.00000000                  0.0                 7.00000000               X  2.28176141e-8      -5.85700057               X  5.68129107e-8      -15.0000000               X  2.68190350e-16     
 225. 0.0                 11.612783195344745  2.00000000                  0.0                 7.00000000               X  2.28176141e-8      -5.81600063               X  6.24377124e-8      -15.0000000               X  2.68190350e-16     
 226. 0.0                 11.612783129864809  2.00000000                  0.0                 7.00000000               X  2.28176141e-8      -5.77500069               X  6.86194007e-8      -15.0000000               X  2.68190350e-16     
 227. 0.0                 11.612783057901986  2.00000000                  0.0                 7.00000000               X  2.28176141e-8      -5.73400076               X  7.54131101e-8      -15.0000000               X  2.68190350e-16     
 228. 0.0                 11.612782978814437  2.00000000                  0.0                 7.00000000               X  2.28176141e-8      -5.69300084               X  8.28794340e-8      -15.0000000               X  2.68190350e-16     
 229. 0.0                 11.612782891896774  2.00000000                  0.0                 7.00000000               X  2.28176141e-8      -5.65200092               X  9.10849646e-8      -15.0000000               X  2.68190350e-16     
 230. 0.0                 11.612782796373772  2.00000000                  0.0                 7.00000000               X  2.28176141e-8      -5.61100101               X  1.00102887e-7      -15.0000000               X  2.68190350e-16     
 231. 0.0                 11.612782691393457  2.00000000                  0.0                 7.00000000               X  2.28176141e-8      -5.57000111               X  1.10013632e-7      -15.0000000               X  2.68190350e-16     
 232. 0.0                 11.612782576019505  2.00000000                  0.0                 7.00000000               X  2.28176141e-8      -5.52900122               X  1.20905593e-7      -15.0000000               X  2.68190350e-16     
 233. 0.0                 11.612782449222891  2.00000000                  0.0                 7.00000000               X  2.28176141e-8      -5.48800134               X  1.32875916e-7      -15.0000000               X  2.68190350e-16     
 234. 0.0                 11.61278230987271   2.00000000                  0.0                 7.00000000               X  2.28176141e-8      -5.44700147               X  1.46031363e-7      -15.0000000               X  2.68190350e-16     
 235. 0.0                 11.612782156726093  2.00000000                  0.0                 7.00000000               X  2.28176141e-8      -5.40600162               X  1.60489267e-7      -15.0000000               X  2.68190350e-16     
 236. 0.0                 11.612781988417124  2.00000000                  0.0                 7.00000000               X  2.28176141e-8      -5.36500178               X  1.76378576e-7      -15.0000000               X  2.68190350e-16     
 237. 0.0                 11.612781803444651  2.00000000                  0.0                 7.00000000               X  2.28176141e-8      -5.32400196               X  1.93841006e-7      -15.0000000               X  2.68190351e-16     
 238. 0.0                 11.612781600158907  2.00000000                  0.0                 7.00000000               X  2.28176141e-8      -5.28300215               X  2.13032303e-7      -15.0000000               X  2.68190351e-16     
 239. 0.0                 11.612781376746787  2.00000000                  0.0                 7.00000000               X  2.28176141e-8      -5.24200236               X  2.34123630e-7      -15.0000000               X  2.68190351e-16     
 240. 0.0                 11.612781131215684  2.00000000                  0.0                 7.00000000               X  2.28176141e-8      -5.20100260               X  2.57303098e-7      -15.0000000               X  2.68190351e-16     
 241. 0.0                 11.612780861375711  2.00000000                  0.0                 7.00000000               X  2.28176141e-8      -5.16000286               X  2.82777439e-7      -15.0000000               X  2.68190351e-16     
 242. 0.0                 11.61278056482018   2.00000000                  0.0                 7.00000000               X  2.28176141e-8      -5.11900314               X  3.10773855e-7      -15.0000000               X  2.68190351e-16     
 243. 0.0                 11.612780238904133  2.00000000                  0.0                 7.00000000               X  2.28176141e-8      -5.07800345               X  3.41542037e-7      -15.0000000               X  2.68190351e-16     
 244. 0.0                 11.61277988072075   2.00000000                  0.0                 7.00000000               X  2.28176141e-8      -5.03700379               X  3.75356398e-7      -15.0000000               X  2.68190351e-16     
 245. 0.0                 11.612779487075429  2.00000000                  0.0                 7.00000000               X  2.28176141e-8      -4.99600417               X  4.12518516e-7      -15.0000000               X  2.68190351e-16     
 246. 0.0                 11.612779054457295  2.00000000                  0.0                 7.00000000               X  2.28176141e-8      -4.95500458               X  4.53359828e-7      -15.0000000               X  2.68190351e-16     
 247. 0.0                 11.612778579007893  2.00000000                  0.0                 7.00000000               X  2.28176141e-8      -4.91400503               X  4.98244578e-7      -15.0000000               X  2.68190351e-16     
 248. 0.0                 11.612778056486766  2.00000000                  0.0                 7.00000000               X  2.28176141e-8      -4.87300553               X  5.47573072e-7      -15.0000000               X  2.68190351e-16     
 249. 0.0                 11.612777482233655  2.00000000                  0.0                 7.00000000               X  2.28176141e-8      -4.83200608               X  6.01785245e-7      -15.0000000               X  2.68190351e-16     
 250. 0.0                 11.612776851126926  2.00000000                  0.0                 7.00000000               X  2.28176141e-8      -4.79100668               X  6.61364582e-7      -15.0000000               X  2.68190351e-16     
 251. 0.0                 11.612776157537906  2.00000000                  0.0                 7.00000000               X  2.28176141e-8      -4.75000734               X  7.26842431e-7      -15.0000000               X  2.68190351e-16     
 252. 0.0                 11.612775395280682  2.00000000                  0.0                 7.00000000               X  2.28176141e-8      -4.70900807               X  7.98802739e-7      -15.0000000               X  2.68190351e-16     
 253. 0.0                 11.612774557556941  2.00000000                  0.0                 7.00000000               X  2.28176141e-8      -4.66800887               X  8.77887260e-7      -15.0000000               X  2.68190351e-16     
 254. 0.0                 11.612773636895348  2.00000000                  0.0                 7.00000000               X  2.28176141e-8      -4.62700975               X  9.64801275e-7      -15.0000000               X  2.68190352e-16     
 255. 0.0                 11.612772625084924  2.00000000                  0.0                 7.00000000               X  2.28176141e-8      -4.58601071               X  1.06031988e-6      -15.0000000               X  2.68190352e-16     
 256. 0.0                 11.612771513101826  2.00000000                  0.0                 7.00000000               X  2.28176141e-8      -4.54501177               X  1.16529489e-6      -15.0000000               X  2.68190352e-16     
 257. 0.0                 11.612770291028886  2.00000000                  0.0                 7.00000000               X  2.28176141e-8      -4.50401294               X  1.28066246e-6      -15.0000000               X  2.68190352e-16     
 258. 0.0                 11.612768947967187  2.00000000                  0.0                 7.00000000               X  2.28176141e-8      -4.46301422               X  1.40745137e-6      -15.0000000               X  2.68190352e-16     
 259. 0.0                 11.612767471938882  2.00000000                  0.0                 7.00000000               X  2.28176141e-8      -4.42201562               X  1.54679226e-6      -15.0000000               X  2.68190352e-16     
 260. 0.0                 11.612765849780404  2.00000000                  0.0                 7.00000000               X  2.28176141e-8      -4.38101717               X  1.69992767e-6      -15.0000000               X  2.68190352e-16     
 261. 0.0                 11.612764067025104  2.00000000                  0.0                 7.00000000               X  2.28176141e-8      -4.34001887               X  1.86822312e-6      -15.0000000               X  2.68190352e-16     
 262. 0.0                 11.612762107774275  2.00000000                  0.0                 7.00000000               X  2.28176141e-8      -4.29902074               X  2.05317929e-6      -15.0000000               X  2.68190352e-16     
 263. 0.0                 11.61275995455542   2.00000000                  0.0                 7.00000000               X  2.28176141e-8      -4.25802279               X  2.25644536e-6      -15.0000000               X  2.68190352e-16     
 264. 0.0                 11.612757588166495  2.00000000                  0.0                 7.00000000               X  2.28176141e-8      -4.21702505               X  2.47983375e-6      -15.0000000               X  2.68190352e-16     
 265. 0.0                 11.612754987504738  2.00000000                  0.0                 7.00000000               X  2.28176141e-8      -4.17602753               X  2.72533621e-6      -15.0000000               X  2.68190352e-16     
 266. 0.0                 11.612752129378574  2.00000000                  0.0                 7.00000000               X  2.28176141e-8      -4.13503025               X  2.99514161e-6      -15.0000000               X  2.68190352e-16     
 267. 0.0                 11.61274898830091   2.00000000                  0.0                 7.00000000               X  2.28176141e-8      -4.09403325               X  3.29165542e-6      -15.0000000               X  2.68190352e-16     
 268. 0.0                 11.612745536261981  2.00000000                  0.0                 7.00000000               X  2.28176141e-8      -4.05303654               X  3.61752111e-6      -15.0000000               X  2.68190352e-16     
 269. 0.0                 11.61274174247975   2.00000000                  0.0                 7.00000000               X  2.28176141e-8      -4.01204016               X  3.97564370e-6      -15.0000000               X  2.68190352e-16     
 270. 0.0                 11.612737573125596  2.00000000                  0.0                 7.00000000               X  2.28176141e-8      -3.97104413               X  4.36921565e-6      -15.0000000               X  2.68190353e-16     
 271. 0.0                 11.612732991022911  2.00000000                  0.0                 7.00000000               X  2.28176141e-8      -3.93004850               X  4.80174520e-6      -15.0000000               X  2.68190353e-16     
 272. 0.0                 11.612727955315885  2.00000000                  0.0                 7.00000000               X  2.28176141e-8      -3.88905330               X  5.27708767e-6      -15.0000000               X  2.68190353e-16     
 273. 0.0                 11.612722421105545  2.00000000                  0.0                 7.00000000               X  2.28176141e-8      -3.84805858               X  5.79947970e-6      -15.0000000               X  2.68190353e-16     
 274. 0.0                 11.612716339049847  2.00000000                  0.0                 7.00000000               X  2.28176141e-8      -3.80706438               X  6.37357694e-6      -15.0000000               X  2.68190353e-16     
 275. 0.0                 11.612709654924233  2.00000000                  0.0                 7.00000000               X  2.28176141e-8      -3.76607075               X  7.00449548e-6      -15.0000000               X  2.68190353e-16     
 276. 0.0                 11.61270230913878   2.00000000                  0.0                 7.00000000               X  2.28176141e-8      -3.72507776               X  7.69785728e-6      -15.0000000               X  2.68190353e-16     
 277. 0.0                 11.612694236207664  2.00000000                  0.0                 7.00000000               X  2.28176141e-8      -3.68408546               X  8.45984015e-6      -15.0000000               X  2.68190353e-16     
 278. 0.0                 11.612685364166229  2.00000000                  0.0                 7.00000000               X  2.28176141e-8      -3.64309392               X  9.29723262e-6      -15.0000000               X  2.68190353e-16     
 279. 0.0                 11.612675613930506  2.00000000                  0.0                 7.00000000               X  2.28176141e-8      -3.60210321               X  1.02174942e-5      -15.0000000               X  2.68190353e-16     
 280. 0.0                 11.612664898593527  2.00000000                  0.0                 7.00000000               X  2.28176141e-8      -3.56111343               X  1.12288216e-5      -15.0000000               X  2.68190353e-16     
 281. 0.0                 11.612653122652217  2.00000000                  0.0                 7.00000000               X  2.28176141e-8      -3.52012466               X  1.23402215e-5      -15.0000000               X  2.68190353e-16     
 282. 0.0                 11.612640181158016  2.00000000                  0.0                 7.00000000               X  2.28176141e-8      -3.47913700               X  1.35615901e-5      -15.0000000               X  2.68190353e-16     
 283. 0.0                 11.612625958783784  2.00000000                  0.0                 7.00000000               X  2.28176141e-8      -3.43815056               X  1.49038013e-5      -15.0000000               X  2.68190353e-16     
 284. 0.0                 11.612610328798736  2.00000000                  0.0                 7.00000000               X  2.28176141e-8      -3.39716547               X  1.63788026e-5      -15.0000000               X  2.68190353e-16     
 285. 0.0                 11.61259315194241   2.00000000                  0.0                 7.00000000               X  2.28176141e-8      -3.35618184               X  1.79997208e-5      -15.0000000               X  2.68190353e-16     
 286. 0.0                 11.612574275187765  2.00000000                  0.0                 7.00000000               X  2.28176141e-8      -3.31519984               X  1.97809784e-5      -15.0000000               X  2.68190354e-16     
 287. 0.0                 11.61255353038258   2.00000000                  0.0                 7.00000000               X  2.28176141e-8      -3.27421963               X  2.17384207e-5      -15.0000000               X  2.68190354e-16     
 288. 0.0                 11.612530732757246  2.00000000                  0.0                 7.00000000               X  2.28176141e-8      -3.23324136               X  2.38894554e-5      -15.0000000               X  2.68190354e-16     
 289. 0.0                 11.612505679285904  2.00000000                  0.0                 7.00000000               X  2.28176141e-8      -3.19226525               X  2.62532069e-5      -15.0000000               X  2.68190354e-16     
 290. 0.0                 11.612478146886659  2.00000000                  0.0                 7.00000000               X  2.28176141e-8      -3.15129151               X  2.88506836e-5      -15.0000000               X  2.68190354e-16     
 291. 0.0                 11.612447890445194  2.00000000                  0.0                 7.00000000               X  2.28176141e-8      -3.11032036               X  3.17049634e-5      -15.0000000               X  2.68190354e-16     
 292. 0.0                 11.612414640644634  2.00000000                  0.0                 7.00000000               X  2.28176141e-8      -3.06935206               X  3.48413963e-5      -15.0000000               X  2.68190354e-16     
 293. 0.0                 11.612378101582879  2.00000000                  0.0                 7.00000000               X  2.28176141e-8      -3.02838690               X  3.82878262e-5      -15.0000000               X  2.68190354e-16     
 294. 0.0                 11.612337948156833  2.00000000                  0.0                 7.00000000               X  2.28176141e-8      -2.98742519               X  4.20748351e-5      -15.0000000               X  2.68190354e-16     
 295. 0.0                 11.61229382319106   2.00000000                  0.0                 7.00000000               X  2.28176141e-8      -2.94646727               X  4.62360099e-5      -15.0000000               X  2.68190354e-16     
 296. 0.0                 11.61224533428622   2.00000000                  0.0                 7.00000000               X  2.28176141e-8      -2.90551350               X  5.08082354e-5      -15.0000000               X  2.68190354e-16     
 297. 0.0                 11.612192050360433  2.00000000                  0.0                 7.00000000               X  2.28176141e-8      -2.86456431               X  5.58320152e-5      -15.0000000               X  2.68190354e-16     
 298. 0.0                 11.612133497854144  2.00000000                  0.0                 7.00000000               X  2.28176141e-8      -2.82362014               X  6.13518229e-5      -15.0000000               X  2.68190354e-16     
 299. 0.0                 11.612069156566443  2.00000000                  0.0                 7.00000000               X  2.28176141e-8      -2.78268149               X  6.74164872e-5      -15.0000000               X  2.68190354e-16     

 1.0  0.0                 11.6119984550878    2.00000000                  0.0                 7.00000000               X  2.28176141e-8      -2.74174891               X  7.40796127e-5      -15.0000000               X  2.68190354e-16     
 2.0  0.0                 11.611920765791066  2.00000000                  0.0                 7.00000000               X  2.28176141e-8      -2.70082299               X  8.14000410e-5      -15.0000000               X  2.68190354e-16     
 3.0  0.0                 11.61183539933914   2.00000000                  0.0                 7.00000000               X  2.28176141e-8      -2.65990439               X  8.94423546e-5      -15.0000000               X  2.68190355e-16     
 4.0  0.0                 11.611741598664077  2.00000000                  0.0                 7.00000000               X  2.28176141e-8      -2.61899383               X  9.82774278e-5      -15.0000000               X  2.68190355e-16     
 5.0  0.0                 11.61163853236839   2.00000000                  0.0                 7.00000000               X  2.28176141e-8      -2.57809211               X  1.07983029e-4      -15.0000000               X  2.68190355e-16     
 6.0  0.0                 11.611525287495144  2.00000000                  0.0                 7.00000000               X  2.28176141e-8      -2.53720009               X  1.18644475e-4      -15.0000000               X  2.68190355e-16     
 7.0  0.0                 11.611400861608866  2.00000000                  0.0                 7.00000000               X  2.28176141e-8      -2.49631874               X  1.30355355e-4      -15.0000000               X  2.68190355e-16     
 8.0  0.0                 11.611264154124516  2.00000000                  0.0                 7.00000000               X  2.28176141e-8      -2.45544909               X  1.43218302e-4      -15.0000000               X  2.68190355e-16     
 9.0  0.0                 11.611113956816636  2.00000000                  0.0                 7.00000000               X  2.28176141e-8      -2.41459231               X  1.57345853e-4      -15.0000000               X  2.68190355e-16     
 10.0 0.0                 11.610948943435435  2.00000000                  0.0                 7.00000000               X  2.28176141e-8      -2.37374966               X  1.72861372e-4      -15.0000000               X  2.68190355e-16     
 11.0 0.0                 11.6107676583509    2.00000000                  0.0                 7.00000000               X  2.28176141e-8      -2.33292252               X  1.89900057e-4      -15.0000000               X  2.68190355e-16     
 12.0 0.0                 11.610568504140156  2.00000000                  0.0                 7.00000000               X  2.28176141e-8      -2.29211242               X  2.08610035e-4      -15.0000000               X  2.68190355e-16     
 13.0 0.0                 11.610349728027206  2.00000000                  0.0                 7.00000000               X  2.28176141e-8      -2.25132103               X  2.29153548e-4      -15.0000000               X  2.68190355e-16     
 14.0 0.0                 11.610109407077935  2.00000000                  0.0                 7.00000000               X  2.28176141e-8      -2.21055018               X  2.51708239e-4      -15.0000000               X  2.68190355e-16     
 15.0 0.0                 11.609845432047015  2.00000000                  0.0                 7.00000000               X  2.28176141e-8      -2.16980189               X  2.76468543e-4      -15.0000000               X  2.68190355e-16     
 16.0 0.0                 11.609555489766985  2.00000000                  0.0                 7.00000000               X  2.28176141e-8      -2.12907836               X  3.03647182e-4      -15.0000000               X  2.68190355e-16     
 17.0 0.0                 11.609237043963757  2.00000000                  0.0                 7.00000000               X  2.28176141e-8      -2.08838201               X  3.33476786e-4      -15.0000000               X  2.68190355e-16     
 18.0 0.0                 11.60888731437693   2.00000000                  0.0                 7.00000000               X  2.28176141e-8      -2.04771548               X  3.66211629e-4      -15.0000000               X  2.68190355e-16     
 19.0 0.0                 11.608503254057972  2.00000000                  0.0                 7.00000000               X  2.28176141e-8      -2.00708169               X  4.02129486e-4      -15.0000000               X  2.68190356e-16     
 20.0 0.0                 11.60808152471488   2.00000000                  0.0                 7.00000000               X  2.28176141e-8      -1.96648382               X  4.41533632e-4      -15.0000000               X  2.68190356e-16     
 21.0 0.0                 11.60761846996835   2.00000000                  0.0                 7.00000000               X  2.28176141e-8      -1.92592536               X  4.84754954e-4      -15.0000000               X  2.68190356e-16     
 22.0 0.0                 11.607110086382525  2.00000000                  0.0                 7.00000000               X  2.28176141e-8      -1.88541011               X  5.32154209e-4      -15.0000000               X  2.68190356e-16     
 23.0 0.0                 11.606551992133229  2.00000000                  0.0                 7.00000000               X  2.28176141e-8      -1.84494227               X  5.84124399e-4      -15.0000000               X  2.68190356e-16     
 24.0 0.0                 11.60593939317886   2.00000000                  0.0                 7.00000000               X  2.28176141e-8      -1.80452639               X  6.41093277e-4      -15.0000000               X  2.68190356e-16     
 25.0 0.0                 11.605267046804514  2.00000000                  0.0                 7.00000000               X  2.28176141e-8      -1.76416748               X  7.03525963e-4      -15.0000000               X  2.68190356e-16     
 26.0 0.0                 11.604529222419098  2.00000000                  0.0                 7.00000000               X  2.28176141e-8      -1.72387101               X  7.71927661e-4      -15.0000000               X  2.68190356e-16     
 27.0 0.0                 11.603719659499088  2.00000000                  0.0                 7.00000000               X  2.28176141e-8      -1.68364294               X  8.46846459e-4      -15.0000000               X  2.68190356e-16     
 28.0 0.0                 11.60283152259236   2.00000000                  0.0                 7.00000000               X  2.28176141e-8      -1.64348978               X  9.28876187e-4      -15.0000000               X  2.68190356e-16     
 29.0 0.0                 11.601857353322039  2.00000000                  0.0                 7.00000000               X  2.28176141e-8      -1.60341866               X  1.01865930e-3      -15.0000000               X  2.68190356e-16     
 30.0 0.0                 11.60078901936536   2.00000000                  0.0                 7.00000000               X  2.28176141e-8      -1.56343732               X  1.11688972e-3      -15.0000000               X  2.68190356e-16     
 31.0 0.0                 11.599617660427208  2.00000000                  0.0                 7.00000000               X  2.28176141e-8      -1.52355421               X  1.22431566e-3      -15.0000000               X  2.68190356e-16     
 32.0 0.0                 11.598333631284284  2.00000000                  0.0                 7.00000000               X  2.28176141e-8      -1.48377853               X  1.34174223e-3      -15.0000000               X  2.68190356e-16     
 33.0 0.0                 11.59692644204536   2.00000000                  0.0                 7.00000000               X  2.28176141e-8      -1.44412027               X  1.47003389e-3      -15.0000000               X  2.68190356e-16     
 34.0 0.0                 11.595384695857994  2.00000000                  0.0                 7.00000000               X  2.28176141e-8      -1.40459030               X  1.61011654e-3      -15.0000000               X  2.68190356e-16     
 35.0 0.0                 11.593696024394097  2.00000000                  0.0                 7.00000000               X  2.28176141e-8      -1.36520042               X  1.76297923e-3      -15.0000000               X  2.68190357e-16     
 36.0 0.0                 11.591847021568226  2.00000000                  0.0                 7.00000000               X  2.28176141e-8      -1.32596340               X  1.92967520e-3      -15.0000000               X  2.68190357e-16     
 37.0 0.0                 11.589823176085106  2.00000000                  0.0                 7.00000000               X  2.28176141e-8      -1.28689307               X  2.11132233e-3      -15.0000000               X  2.68190357e-16     
 38.0 0.0                 11.587608803578405  2.00000000                  0.0                 7.00000000               X  2.28176141e-8      -1.24800439               X  2.30910254e-3      -15.0000000               X  2.68190357e-16     
 39.0 0.0                 11.58518697929248   2.00000000                  0.0                 7.00000000               X  2.28176141e-8      -1.20931350               X  2.52426018e-3      -15.0000000               X  2.68190357e-16     
 40.0 0.0                 11.582539472473204  2.00000000                  0.0                 7.00000000               X  2.28176141e-8      -1.17083776               X  2.75809903e-3      -15.0000000               X  2.68190357e-16     
 41.0 0.0                 11.579646683872665  2.00000000                  0.0                 7.00000000               X  2.28176141e-8      -1.13259586               X  3.01197774e-3      -15.0000000               X  2.68190357e-16     
 42.0 0.0                 11.576487588033812  2.00000000                  0.0                 7.00000000               X  2.28176141e-8      -1.09460783               X  3.28730333e-3      -15.0000000               X  2.68190357e-16     
 43.0 0.0                 11.573039682301618  2.00000000                  0.0                 7.00000000               X  2.28176141e-8      -1.05689514               X  3.58552270e-3      -15.0000000               X  2.68190357e-16     
 44.0 0.0                 11.569278944801075  2.00000000                  0.0                 7.00000000               X  2.28176141e-8      -1.01948066               X  3.90811157e-3      -15.0000000               X  2.68190357e-16     
 45.0 0.0                 11.565179803921415  2.00000000                  0.0                 7.00000000               X  2.28176141e-8      -9.82388772e-1            X  4.25656081e-3      -15.0000000               X  2.68190357e-16     
 46.0 0.0                 11.560715122138264  2.00000000                  0.0                 7.00000000               X  2.28176141e-8      -9.45645333e-1            X  4.63235977e-3      -15.0000000               X  2.68190357e-16     
 47.0 0.0                 11.555856197276126  2.00000000                  0.0                 7.00000000               X  2.28176141e-8      -9.09277692e-1            X  5.03697646e-3      -15.0000000               X  2.68190357e-16     
 48.0 0.0                 11.550572784543226  2.00000000                  0.0                 7.00000000               X  2.28176141e-8      -8.73314669e-1            X  5.47183439e-3      -15.0000000               X  2.68190357e-16     
 49.0 0.0                 11.544833142836014  2.00000000                  0.0                 7.00000000               X  2.28176141e-8      -8.37786503e-1            X  5.93828600e-3      -15.0000000               X  2.68190357e-16     
 50.0 0.0                 11.53860410888437   2.00000000                  0.0                 7.00000000               X  2.28176141e-8      -8.02724789e-1            X  6.43758275e-3      -15.0000000               X  2.68190357e-16     
 51.0 0.0                 11.531851202760125  2.00000000                  0.0                 7.00000000               X  2.28176141e-8      -7.68162372e-1            X  6.97084204e-3      -15.0000000               X  2.68190357e-16     
 52.0 0.0                 11.524538768068489  2.00000000                  0.0                 7.00000000               X  2.28176141e-8      -7.34133214e-1            X  7.53901139e-3      -15.0000000               X  2.68190358e-16     
 53.0 0.0                 11.516630149751546  2.00000000                  0.0                 7.00000000               X  2.28176141e-8      -7.00672225e-1            X  8.14283038e-3      -15.0000000               X  2.68190358e-16     
 54.0 0.0                 11.508087911824997  2.00000000                  0.0                 7.00000000               X  2.28176141e-8      -6.67815056e-1            X  8.78279120e-3      -15.0000000               X  2.68190358e-16     
 55.0 0.0                 11.498874096519527  2.00000000                  0.0                 7.00000000               X  2.28176141e-8      -6.35597847e-1            X  9.45909891e-3      -15.0000000               X  2.68190358e-16     
 56.0 0.0                 11.488950525192328  2.00000000                  0.0                 7.00000000               X  2.28176141e-8      -6.04056946e-1            X  1.01716327e-2      -15.0000000               X  2.68190358e-16     
 57.0 0.0                 11.478279140012992  2.00000000                  0.0                 7.00000000               X  2.28176141e-8      -5.73228579e-1            X  1.09199094e-2      -15.0000000               X  2.68190358e-16     
 58.0 0.0                 11.46682238383049   2.00000000                  0.0                 7.00000000               X  2.28176141e-8      -5.43148488e-1            X  1.17030518e-2      -15.0000000               X  2.68190358e-16     
 59.0 0.0                 11.454543613837204  2.00000000                  0.0                 7.00000000               X  2.28176141e-8      -5.13851540e-1            X  1.25197620e-2      -15.0000000               X  2.68190358e-16     
 60.0 0.0                 11.441407542730174  2.00000000                  0.0                 7.00000000               X  2.28176141e-8      -4.85371302e-1            X  1.33683040e-2      -15.0000000               X  2.68190358e-16     
 61.0 0.0                 11.427380699123587  2.00000000                  0.0                 7.00000000               X  2.28176141e-8      -4.57739606e-1            X  1.42464943e-2      -15.0000000               X  2.68190358e-16     
 62.0 0.0                 11.412431897108508  2.00000000                  0.0                 7.00000000               X  2.28176141e-8      -4.30986100e-1            X  1.51517053e-2      -15.0000000               X  2.68190358e-16     
 63.0 0.0                 11.396532703222181  2.00000000                  0.0                 7.00000000               X  2.28176141e-8      -4.05137805e-1            X  1.60808799e-2      -15.0000000               X  2.68190358e-16     
 64.0 0.0                 11.37965788782464   2.00000000                  0.0                 7.00000000               X  2.28176141e-8      -3.80218685e-1            X  1.70305600e-2      -15.0000000               X  2.68190358e-16     
 65.0 0.0                 11.361785847124919  2.00000000                  0.0                 7.00000000               X  2.28176141e-8      -3.56249245e-1            X  1.79969276e-2      -15.0000000               X  2.68190358e-16     
 66.0 0.0                 11.342898981973063  2.00000000                  0.0                 7.00000000               X  2.28176141e-8      -3.33246173e-1            X  1.89758588e-2      -15.0000000               X  2.68190358e-16     
 67.0 0.0                 11.322984020122492  2.00000000                  0.0                 7.00000000               X  2.28176141e-8      -3.11222032e-1            X  1.99629897e-2      -15.0000000               X  2.68190358e-16     
 68.0 0.0                 11.302032270005242  2.00000000                  0.0                 7.00000000               X  2.28176141e-8      -2.90185021e-1            X  2.09537903e-2      -15.0000000               X  2.68190359e-16     
 69.0 0.0                 11.280039796125923  2.00000000                  0.0                 7.00000000               X  2.28176141e-8      -2.70138811e-1            X  2.19436467e-2      -15.0000000               X  2.68190359e-16     
 70.0 0.0                 11.257007508880765  2.00000000                  0.0                 7.00000000               X  2.28176141e-8      -2.51082458e-1            X  2.29279463e-2      -15.0000000               X  2.68190359e-16     
 71.0 0.0                 11.232941164797271  2.00000000                  0.0                 7.00000000               X  2.28176141e-8      -2.33010404e-1            X  2.39021633e-2      -15.0000000               X  2.68190359e-16     
 72.0 0.0                 11.20785127667033   2.00000000                  0.0                 7.00000000               X  2.28176141e-8      -2.15912568e-1            X  2.48619418e-2      -15.0000000               X  2.68190359e-16     
 73.0 0.0                 11.181752936613119  2.00000000                  0.0                 7.00000000               X  2.28176141e-8      -1.99774510e-1            X  2.58031724e-2      -15.0000000               X  2.68190359e-16     
 74.0 0.0                 11.15466555840868   2.00000000                  0.0                 7.00000000               X  2.28176141e-8      -1.84577682e-1            X  2.67220598e-2      -15.0000000               X  2.68190359e-16     
 75.0 0.0                 11.126612548518612  2.00000000                  0.0                 7.00000000               X  2.28176141e-8      -1.70299742e-1            X  2.76151796e-2      -15.0000000               X  2.68190359e-16     
 76.0 0.0                 11.097620917494902  2.00000000                  0.0                 7.00000000               X  2.28176141e-8      -1.56914921e-1            X  2.84795218e-2      -15.0000000               X  2.68190359e-16     
 77.0 0.0                 11.067720845219965  2.00000000                  0.0                 7.00000000               X  2.28176141e-8      -1.44394443e-1            X  2.93125210e-2      -15.0000000               X  2.68190359e-16     
 78.0 0.0                 11.036945214303632  2.00000000                  0.0                 7.00000000               X  2.28176141e-8      -1.32706964e-1            X  3.01120727e-2      -15.0000000               X  2.68190359e-16     
 79.0 0.0                 11.005329126095575  2.00000000                  0.0                 7.00000000               X  2.28176141e-8      -1.21819037e-1            X  3.08765364e-2      -15.0000000               X  2.68190359e-16     
 80.0 0.0                 10.972909413189127  2.00000000                  0.0                 7.00000000               X  2.28176141e-8      -1.11695573e-1            X  3.16047268e-2      -15.0000000               X  2.68190359e-16     
 81.0 0.0                 10.939724161107304  2.00000000                  0.0                 7.00000000               X  2.28176141e-8      -1.02300300e-1            X  3.22958942e-2      -15.0000000               X  2.68190359e-16     
 82.0 0.0                 10.905812250215934  2.00000000                  0.0                 7.00000000               X  2.28176141e-8      -9.35961941e-2            X  3.29496966e-2      -15.0000000               X  2.68190359e-16     
 83.0 0.0                 10.871212926958684  2.00000000                  0.0                 7.00000000               X  2.28176141e-8      -8.55458907e-2            X  3.35661648e-2      -15.0000000               X  2.68190359e-16     
 84.0 0.0                 10.835965411409877  2.00000000                  0.0                 7.00000000               X  2.28176141e-8      -7.81120555e-2            X  3.41456637e-2      -15.0000000               X  2.68190360e-16     
 85.0 0.0                 10.80010854603424   2.00000000                  0.0                 7.00000000               X  2.28176141e-8      -7.12577192e-2            X  3.46888494e-2      -15.0000000               X  2.68190360e-16     
 86.0 0.0                 10.763680488545374  2.00000000                  0.0                 7.00000000               X  2.28176141e-8      -6.49465686e-2            X  3.51966270e-2      -15.0000000               X  2.68190360e-16     
 87.0 0.0                 10.726718449955188  2.00000000                  0.0                 7.00000000               X  2.28176141e-8      -5.91431955e-2            X  3.56701075e-2      -15.0000000               X  2.68190360e-16     
 88.0 0.0                 10.689258477363381  2.00000000                  0.0                 7.00000000               X  2.28176141e-8      -5.38133030e-2            X  3.61105672e-2      -15.0000000               X  2.68190360e-16     
 89.0 0.0                 10.651335279779367  2.00000000                  0.0                 7.00000000               X  2.28176141e-8      -4.89238703e-2            X  3.65194092e-2      -15.0000000               X  2.68190360e-16     
 90.0 0.0                 10.612982094305082  2.00000000                  0.0                 7.00000000               X  2.28176141e-8      -4.44432795e-2            X  3.68981281e-2      -15.0000000               X  2.68190360e-16     
 91.0 0.0                 10.574230589322998  2.00000000                  0.0                 7.00000000               X  2.28176141e-8      -4.03414076e-2            X  3.72482785e-2      -15.0000000               X  2.68190360e-16     
 92.0 0.0                 10.535110800902904  2.00000000                  0.0                 7.00000000               X  2.28176141e-8      -3.65896861e-2            X  3.75714475e-2      -15.0000000               X  2.68190360e-16     
 93.0 0.0                 10.495651098428935  2.00000000                  0.0                 7.00000000               X  2.28176141e-8      -3.31611336e-2            X  3.78692305e-2      -15.0000000               X  2.68190360e-16     
 94.0 0.0                 10.455878175416272  2.00000000                  0.0                 7.00000000               X  2.28176141e-8      -3.00303641e-2            X  3.81432109e-2      -15.0000000               X  2.68190360e-16     
 95.0 0.0                 10.415817061596087  2.00000000                  0.0                 7.00000000               X  2.28176141e-8      -2.71735750e-2            X  3.83949440e-2      -15.0000000               X  2.68190360e-16     
 96.0 0.0                 10.375491152560757  2.00000000                  0.0                 7.00000000               X  2.28176141e-8      -2.45685190e-2            X  3.86259429e-2      -15.0000000               X  2.68190360e-16     
 97.0 0.0                 10.334922253546669  2.00000000                  0.0                 7.00000000               X  2.28176141e-8      -2.21944620e-2            X  3.88376686e-2      -15.0000000               X  2.68190360e-16     
 98.0 0.0                 10.294130634260803  2.00000000                  0.0                 7.00000000               X  2.28176141e-8      -2.00321306e-2            X  3.90315217e-2      -15.0000000               X  2.68190360e-16     
 99.0 0.0                 10.253135092007133  2.00000000                  0.0                 7.00000000               X  2.28176141e-8      -1.80636523e-2            X  3.92088371e-2      -15.0000000               X  2.68190360e-16     
 100. 0.0                 10.211953020721626  2.00000000                  0.0                 7.00000000               X  2.28176141e-8      -1.62724894e-2            X  3.93708802e-2      -15.0000000               X  2.68190361e-16     
 101. 0.0                 10.170600483867114  2.00000000                  0.0                 7.00000000               X  2.28176141e-8      -1.46433696e-2            X  3.95188451e-2      -15.0000000               X  2.68190361e-16     
 102. 0.0                 10.129092289461985  2.00000000                  0.0                 7.00000000               X  2.28176141e-8      -1.31622146e-2            X  3.96538536e-2      -15.0000000               X  2.68190361e-16     
 103. 0.0                 10.087442065813661  2.00000000                  0.0                 7.00000000               X  2.28176141e-8      -1.18160683e-2            X  3.97769560e-2      -15.0000000               X  2.68190361e-16     
 104. 0.0                 10.04566233679546   2.00000000                  0.0                 7.00000000               X  2.28176141e-8      -1.05930243e-2            X  3.98891323e-2      -15.0000000               X  2.68190361e-16     
 105. 0.0                 10.003764595742824  2.00000000                  0.0                 7.00000000               X  2.28176141e-8      -9.48215661e-3            X  3.99912940e-2      -15.0000000               X  2.68190361e-16     
 106. 0.0                 9.961759377251697   2.00000000                  0.0                 7.00000000               X  2.28176141e-8      -8.47345063e-3            X  4.00842870e-2      -15.0000000               X  2.68190361e-16     
 107. 0.0                 9.919656326339657   2.00000000                  0.0                 7.00000000               X  2.28176141e-8      -7.55773764e-3            X  4.01688942e-2      -15.0000000               X  2.68190361e-16     
 108. 0.0                 9.87746426458115    2.00000000                  0.0                 7.00000000               X  2.28176141e-8      -6.72663181e-3            X  4.02458387e-2      -15.0000000               X  2.68190361e-16     
 109. 0.0                 9.835191252954191   2.00000000                  0.0                 7.00000000               X  2.28176141e-8      -5.97247047e-3            X  4.03157871e-2      -15.0000000               X  2.68190361e-16     
 110. 0.0                 9.79284465123975    2.00000000                  0.0                 7.00000000               X  2.28176141e-8      -5.28825758e-3            X  4.03793530e-2      -15.0000000               X  2.68190361e-16     
 111. 0.0                 9.750431173899493   2.00000000                  0.0                 7.00000000               X  2.28176141e-8      -4.66761059e-3            X  4.04371001e-2      -15.0000000               X  2.68190361e-16     
 112. 0.0                 9.707956942424929   2.00000000                  0.0                 7.00000000               X  2.28176141e-8      -4.10471069e-3            X  4.04895456e-2      -15.0000000               X  2.68190361e-16     
 113. 0.0                 9.665427534204163   2.00000000                  0.0                 7.00000000               X  2.28176141e-8      -3.59425630e-3            X  4.05371636e-2      -15.0000000               X  2.68190361e-16     
 114. 0.0                 9.622848027992845   2.00000000                  0.0                 7.00000000               X  2.28176141e-8      -3.13141987e-3            X  4.05803879e-2      -15.0000000               X  2.68190361e-16     
 115. 0.0                 9.580223046106385   2.00000000                  0.0                 7.00000000               X  2.28176141e-8      -2.71180775e-3            X  4.06196153e-2      -15.0000000               X  2.68190361e-16     
 116. 0.0                 9.537556793472259   2.00000000                  0.0                 7.00000000               X  2.28176141e-8      -2.33142304e-3            X  4.06552083e-2      -15.0000000               X  2.68190362e-16     
 117. 0.0                 9.494853093695813   2.00000000                  0.0                 7.00000000               X  2.28176141e-8      -1.98663135e-3            X  4.06874978e-2      -15.0000000               X  2.68190362e-16     
 118. 0.0                 9.45211542230211    2.00000000                  0.0                 7.00000000               X  2.28176141e-8      -1.67412914e-3            X  4.07167855e-2      -15.0000000               X  2.68190362e-16     
 119. 0.0                 9.409346937320995   2.00000000                  0.0                 7.00000000               X  2.28176141e-8      -1.39091468e-3            X  4.07433466e-2      -15.0000000               X  2.68190362e-16     
 120. 0.0                 9.366550507383101   2.00000000                  0.0                 7.00000000               X  2.28176141e-8      -1.13426133e-3            X  4.07674317e-2      -15.0000000               X  2.68190362e-16     
 121. 0.0                 9.323728737493012   2.00000000                  0.0                 7.00000000               X  2.28176141e-8      -9.01693037e-4            X  4.07892688e-2      -15.0000000               X  2.68190362e-16     
 122. 0.0                 9.280883992641632   2.00000000                  0.0                 7.00000000               X  2.28176141e-8      -6.90961887e-4            X  4.08090657e-2      -15.0000000               X  2.68190362e-16     
 123. 0.0                 9.238018419414306   2.00000000                  0.0                 7.00000000               X  2.28176141e-8      -5.00027570e-4            X  4.08270110e-2      -15.0000000               X  2.68190362e-16     
 124. 0.0                 9.195133965744526   2.00000000                  0.0                 7.00000000               X  2.28176141e-8      -3.27038597e-4            X  4.08432766e-2      -15.0000000               X  2.68190362e-16     
 125. 0.0                 9.152232398956032   2.00000000                  0.0                 7.00000000               X  2.28176141e-8      -1.70315153e-4            X  4.08580183e-2      -15.0000000               X  2.68190362e-16     
 126. 0.0                 9.10931532222752    2.00000000                  0.0                 7.00000000               X  2.28176141e-8      -2.83334444e-5            X  4.08713780e-2      -15.0000000               X  2.68190362e-16     
 127. 0.0                 9.066384189607305   2.00000000                  0.0                 7.00000000               X  2.28176141e-8       1.00288574e-4            X  4.08834844e-2      -15.0000000               X  2.68190362e-16     
 128. 0.0                 9.023440319695723   2.00000000                  0.0                 7.00000000               X  2.28176141e-8       2.16804205e-4            X  4.08944544e-2      -15.0000000               X  2.68190362e-16     
 129. 0.0                 8.980484908106899   2.00000000                  0.0                 7.00000000               X  2.28176141e-8       3.22349850e-4            X  4.09043941e-2      -15.0000000               X  2.68190362e-16     
 130. 0.0                 8.937519038811264   2.00000000                  0.0                 7.00000000               X  2.28176141e-8       4.17955797e-4            X  4.09133998e-2      -15.0000000               X  2.68190362e-16     
 131. 0.0                 8.894543694455756   2.00000000                  0.0                 7.00000000               X  2.28176141e-8       5.04556026e-4            X  4.09215589e-2      -15.0000000               X  2.68190362e-16     
 132. 0.0                 8.851559765748554   2.00000000                  0.0                 7.00000000               X  2.28176141e-8       5.82997130e-4            X  4.09289507e-2      -15.0000000               X  2.68190362e-16     
 133. 0.0                 8.808568059990272   2.00000000                  0.0                 7.00000000               X  2.28176141e-8       6.54046423e-4            X  4.09356471e-2      -15.0000000               X  2.68190363e-16     
 134. 0.0                 8.765569308826052   2.00000000                  0.0                 7.00000000               X  2.28176141e-8       7.18399314e-4            X  4.09417133e-2      -15.0000000               X  2.68190363e-16     
 135. 0.0                 8.722564175287863   2.00000000                  0.0                 7.00000000               X  2.28176141e-8       7.76685993e-4            X  4.09472085e-2      -15.0000000               X  2.68190363e-16     
 136. 0.0                 8.679553260190003   2.00000000                  0.0                 7.00000000               X  2.28176141e-8       8.29477514e-4            X  4.09521862e-2      -15.0000000               X  2.68190363e-16     
 137. 0.0                 8.636537107934897   2.00000000                  0.0                 7.00000000               X  2.28176141e-8       8.77291314e-4            X  4.09566951e-2      -15.0000000               X  2.68190363e-16     
 138. 0.0                 8.593516211783696   2.00000000                  0.0                 7.00000000               X  2.28176141e-8       9.20596221e-4            X  4.09607792e-2      -15.0000000               X  2.68190363e-16     
 139. 0.0                 8.550491018638612   2.00000000                  0.0                 7.00000000               X  2.28176141e-8       9.59816999e-4            X  4.09644785e-2      -15.0000000               X  2.68190363e-16     
 140. 0.0                 8.50746193338258    2.00000000                  0.0                 7.00000000               X  2.28176141e-8       9.95338476e-4            X  4.09678292e-2      -15.0000000               X  2.68190363e-16     
 141. 0.0                 8.464429322814548   2.00000000                  0.0                 7.00000000               X  2.28176141e-8       1.02750928e-3            X  4.09708640e-2      -15.0000000               X  2.68190363e-16     
 142. 0.0                 8.421393519221082   2.00000000                  0.0                 7.00000000               X  2.28176141e-8       1.05664524e-3            X  4.09736128e-2      -15.0000000               X  2.68190363e-16     
 143. 0.0                 8.378354823612304   2.00000000                  0.0                 7.00000000               X  2.28176141e-8       1.08303245e-3            X  4.09761024e-2      -15.0000000               X  2.68190363e-16     
 144. 0.0                 8.335313508659256   2.00000000                  0.0                 7.00000000               X  2.28176141e-8       1.10693008e-3            X  4.09783572e-2      -15.0000000               X  2.68190363e-16     
 145. 0.0                 8.292269821354115   2.00000000                  0.0                 7.00000000               X  2.28176141e-8       1.12857289e-3            X  4.09803994e-2      -15.0000000               X  2.68190363e-16     
 146. 0.0                 8.249223985423665   2.00000000                  0.0                 7.00000000               X  2.28176141e-8       1.14817351e-3            X  4.09822490e-2      -15.0000000               X  2.68190363e-16     
 147. 0.0                 8.20617620351624    2.00000000                  0.0                 7.00000000               X  2.28176141e-8       1.16592455e-3            X  4.09839241e-2      -15.0000000               X  2.68190363e-16     
 148. 0.0                 8.163126659184462   2.00000000                  0.0                 7.00000000               X  2.28176141e-8       1.18200049e-3            X  4.09854412e-2      -15.0000000               X  2.68190363e-16     
 149. 0.0                 8.120075518680093   2.00000000                  0.0                 7.00000000               X  2.28176141e-8       1.19655932e-3            X  4.09868151e-2      -15.0000000               X  2.68190364e-16     
 150. 0.0                 8.077022932584518   2.00000000                  0.0                 7.00000000               X  2.28176141e-8       1.20974418e-3            X  4.09880595e-2      -15.0000000               X  2.68190364e-16     
 151. 0.0                 8.033969037281533   2.00000000                  0.0                 7.00000000               X  2.28176141e-8       1.22168470e-3            X  4.09891864e-2      -15.0000000               X  2.68190364e-16     
 152. 0.0                 7.990913956296137   2.00000000                  0.0                 7.00000000               X  2.28176141e-8       1.23249826e-3            X  4.09902070e-2      -15.0000000               X  2.68190364e-16     
 153. 0.0                 7.947857801504562   2.00000000                  0.0                 7.00000000               X  2.28176141e-8       1.24229122e-3            X  4.09911313e-2      -15.0000000               X  2.68190364e-16     
 154. 0.0                 7.90480067423187    2.00000000                  0.0                 7.00000000               X  2.28176141e-8       1.25115988e-3            X  4.09919684e-2      -15.0000000               X  2.68190364e-16     
 155. 0.0                 7.861742666245897   2.00000000                  0.0                 7.00000000               X  2.28176141e-8       1.25919145e-3            X  4.09927265e-2      -15.0000000               X  2.68190364e-16     
 156. 0.0                 7.818683860660062   2.00000000                  0.0                 7.00000000               X  2.28176141e-8       1.26646494e-3            X  4.09934131e-2      -15.0000000               X  2.68190364e-16     
 157. 0.0                 7.775624332743722   2.00000000                  0.0                 7.00000000               X  2.28176141e-8       1.27305188e-3            X  4.09940348e-2      -15.0000000               X  2.68190364e-16     
 158. 0.0                 7.732564150667754   2.00000000                  0.0                 7.00000000               X  2.28176141e-8       1.27901707e-3            X  4.09945979e-2      -15.0000000               X  2.68190364e-16     
 159. 0.0                 7.689503376172044   2.00000000                  0.0                 7.00000000               X  2.28176141e-8       1.28441919e-3            X  4.09951078e-2      -15.0000000               X  2.68190364e-16     
 160. 0.0                 7.6464420651677045  2.00000000                  0.0                 7.00000000               X  2.28176141e-8       1.28931138e-3            X  4.09955696e-2      -15.0000000               X  2.68190364e-16     
 161. 0.0                 7.603380268293703   2.00000000                  0.0                 7.00000000               X  2.28176141e-8       1.29374177e-3            X  4.09959878e-2      -15.0000000               X  2.68190364e-16     
 162. 0.0                 7.5603180314086185  2.00000000                  0.0                 7.00000000               X  2.28176141e-8       1.29775395e-3            X  4.09963666e-2      -15.0000000               X  2.68190364e-16     
 163. 0.0                 7.517255396043927   2.00000000                  0.0                 7.00000000               X  2.28176141e-8       1.30138739e-3            X  4.09967095e-2      -15.0000000               X  2.68190364e-16     
 164. 0.0                 7.474192399811644   2.00000000                  0.0                 7.00000000               X  2.28176141e-8       1.30467784e-3            X  4.09970202e-2      -15.0000000               X  2.68190364e-16     
 165. 0.0                 7.43112907677518    2.00000000                  0.0                 7.00000000               X  2.28176141e-8       1.30765768e-3            X  4.09973015e-2      -15.0000000               X  2.68190365e-16     
 166. 0.0                 7.388065457781509   2.00000000                  0.0                 7.00000000               X  2.28176141e-8       1.31035622e-3            X  4.09975562e-2      -15.0000000               X  2.68190365e-16     
 167. 0.0                 7.345001570767444   2.00000000                  0.0                 7.00000000               X  2.28176141e-8       1.31280002e-3            X  4.09977869e-2      -15.0000000               X  2.68190365e-16     
 168. 0.0                 7.301937441032454   2.00000000                  0.0                 7.00000000               X  2.28176141e-8       1.31501312e-3            X  4.09979958e-2      -15.0000000               X  2.68190365e-16     
 169. 0.0                 7.258873091486843   2.00000000                  0.0                 7.00000000               X  2.28176141e-8       1.31701731e-3            X  4.09981850e-2      -15.0000000               X  2.68190365e-16     
 170. 0.0                 7.21580854288216    2.00000000                  0.0                 7.00000000               X  2.28176141e-8       1.31883229e-3            X  4.09983564e-2      -15.0000000               X  2.68190365e-16     
 171. 0.0                 7.172743814010489   2.00000000                  0.0                 7.00000000               X  2.28176141e-8       1.32047594e-3            X  4.09985115e-2      -15.0000000               X  2.68190365e-16     
 172. 0.0                 7.129678921885138   2.00000000                  0.0                 7.00000000               X  2.28176141e-8       1.32196442e-3            X  4.09986520e-2      -15.0000000               X  2.68190365e-16     
 173. 0.0                 7.086613881921069   2.00000000                  0.0                 7.00000000               X  2.28176141e-8       1.32331239e-3            X  4.09987793e-2      -15.0000000               X  2.68190365e-16     
 174. 0.0                 7.043548708070024   2.00000000                  0.0                 7.00000000               X  2.28176141e-8       1.32453310e-3            X  4.09988945e-2      -15.0000000               X  2.68190365e-16     
 175. 0.0                 7.000483412969292   2.00000000                  0.0                 7.00000000               X  2.28176141e-8       1.32563858e-3            X  4.09989989e-2      -15.0000000               X  2.68190365e-16     
 176. 0.0                 6.957418008077106   2.00000000                  0.0                 7.00000000               X  2.28176141e-8       1.32663969e-3            X  4.09990934e-2      -15.0000000               X  2.68190365e-16     
 177. 0.0                 6.914352503741259   2.00000000                  0.0                 7.00000000               X  2.28176141e-8       1.32754629e-3            X  4.09991790e-2      -15.0000000               X  2.68190365e-16     
 178. 0.0                 6.871286909359473   2.00000000                  0.0                 7.00000000               X  2.28176141e-8       1.32836731e-3            X  4.09992565e-2      -15.0000000               X  2.68190365e-16     
 179. 0.0                 6.828221233430472   2.00000000                  0.0                 7.00000000               X  2.28176141e-8       1.32911082e-3            X  4.09993267e-2      -15.0000000               X  2.68190365e-16     
 180. 0.0                 6.785155483653639   2.00000000                  0.0                 7.00000000               X  2.28176141e-8       1.32978414e-3            X  4.09993902e-2      -15.0000000               X  2.68190365e-16     
 181. 0.0                 6.742089667001878   2.00000000                  0.0                 7.00000000               X  2.28176141e-8       1.33039390e-3            X  4.09994478e-2      -15.0000000               X  2.68190366e-16     
 182. 0.0                 6.6990237897755005  2.00000000                  0.0                 7.00000000               X  2.28176141e-8       1.33094609e-3            X  4.09994999e-2      -15.0000000               X  2.68190366e-16     
 183. 0.0                 6.6559578577091     2.00000000                  0.0                 7.00000000               X  2.28176141e-8       1.33144615e-3            X  4.09995471e-2      -15.0000000               X  2.68190366e-16     
 184. 0.0                 6.612891875971736   2.00000000                  0.0                 7.00000000               X  2.28176141e-8       1.33189900e-3            X  4.09995899e-2      -15.0000000               X  2.68190366e-16     
 185. 0.0                 6.569825849268754   2.00000000                  0.0                 7.00000000               X  2.28176141e-8       1.33230911e-3            X  4.09996286e-2      -15.0000000               X  2.68190366e-16     
 186. 0.0                 6.526759781816632   2.00000000                  0.0                 7.00000000               X  2.28176141e-8       1.33268049e-3            X  4.09996637e-2      -15.0000000               X  2.68190366e-16     
 187. 0.0                 6.483693677472747   2.00000000                  0.0                 7.00000000               X  2.28176141e-8       1.33301682e-3            X  4.09996954e-2      -15.0000000               X  2.68190366e-16     
 188. 0.0                 6.440627539736463   2.00000000                  0.0                 7.00000000               X  2.28176141e-8       1.33332139e-3            X  4.09997242e-2      -15.0000000               X  2.68190366e-16     
 189. 0.0                 6.397561371737066   2.00000000                  0.0                 7.00000000               X  2.28176141e-8       1.33359721e-3            X  4.09997502e-2      -15.0000000               X  2.68190366e-16     
 190. 0.0                 6.354495176348121   2.00000000                  0.0                 7.00000000               X  2.28176141e-8       1.33384700e-3            X  4.09997738e-2      -15.0000000               X  2.68190366e-16     
 191. 0.0                 6.3114289561405155  2.00000000                  0.0                 7.00000000               X  2.28176141e-8       1.33407320e-3            X  4.09997952e-2      -15.0000000               X  2.68190366e-16     
 192. 0.0                 6.268362713493609   2.00000000                  0.0                 7.00000000               X  2.28176141e-8       1.33427804e-3            X  4.09998145e-2      -15.0000000               X  2.68190366e-16     
 193. 0.0                 6.225296450460812   2.00000000                  0.0                 7.00000000               X  2.28176141e-8       1.33446355e-3            X  4.09998320e-2      -15.0000000               X  2.68190366e-16     
 194. 0.0                 6.182230169014006   2.00000000                  0.0                 7.00000000               X  2.28176141e-8       1.33463155e-3            X  4.09998479e-2      -15.0000000               X  2.68190366e-16     
 195. 0.0                 6.13916387088843    2.00000000                  0.0                 7.00000000               X  2.28176141e-8       1.33478368e-3            X  4.09998622e-2      -15.0000000               X  2.68190366e-16     
 196. 0.0                 6.096097557659895   2.00000000                  0.0                 7.00000000               X  2.28176141e-8       1.33492146e-3            X  4.09998752e-2      -15.0000000               X  2.68190366e-16     
 197. 0.0                 6.053031230725429   2.00000000                  0.0                 7.00000000               X  2.28176141e-8       1.33504622e-3            X  4.09998870e-2      -15.0000000               X  2.68190367e-16     
 198. 0.0                 6.0099648914290675  2.00000000                  0.0                 7.00000000               X  2.28176141e-8       1.33515921e-3            X  4.09998977e-2      -15.0000000               X  2.68190367e-16     
 199. 0.0                 5.966898540862847   2.00000000                  0.0                 7.00000000               X  2.28176141e-8       1.33526153e-3            X  4.09999073e-2      -15.0000000               X  2.68190367e-16     
 200. 0.0                 5.923832180174337   2.00000000                  0.0                 7.00000000               X  2.28176141e-8       1.33535419e-3            X  4.09999161e-2      -15.0000000               X  2.68190367e-16     
 201. 0.0                 5.880765810249217   2.00000000                  0.0                 7.00000000               X  2.28176141e-8       1.33543811e-3            X  4.09999240e-2      -15.0000000               X  2.68190367e-16     
 202. 0.0                 5.837699432061403   2.00000000                  0.0                 7.00000000               X  2.28176141e-8       1.33551410e-3            X  4.09999312e-2      -14.9999999               X  2.68190367e-16     
 203. 0.0                 5.794633046247597   2.00000000                  0.0                 7.00000000               X  2.28176141e-8       1.33558291e-3            X  4.09999377e-2      -14.9999999               X  2.68190367e-16     
 204. 0.0                 5.751566653605306   2.00000000                  0.0                 7.00000000               X  2.28176141e-8       1.33564524e-3            X  4.09999436e-2      -14.9999999               X  2.68190367e-16     
 205. 0.0                 5.708500254836592   2.00000000                  0.0                 7.00000000               X  2.28176141e-8       1.33570167e-3            X  4.09999489e-2      -14.9999999               X  2.68190367e-16     
 206. 0.0                 5.6654338503824615  2.00000000                  0.0                 7.00000000               X  2.28176141e-8       1.33575278e-3            X  4.09999537e-2      -14.9999999               X  2.68190367e-16     
 207. 0.0                 5.6223674408498905  2.00000000                  0.0                 7.00000000               X  2.28176141e-8       1.33579907e-3            X  4.09999581e-2      -14.9999999               X  2.68190367e-16     
 208. 0.0                 5.579301026819524   2.00000000                  0.0                 7.00000000               X  2.28176141e-8       1.33584098e-3            X  4.09999620e-2      -14.9999999               X  2.68190367e-16     
 209. 0.0                 5.536234608506654   2.00000000                  0.0                 7.00000000               X  2.28176141e-8       1.33587894e-3            X  4.09999656e-2      -14.9999999               X  2.68190367e-16     
 210. 0.0                 5.4931681865953585  2.00000000                  0.0                 7.00000000               X  2.28176141e-8       1.33591331e-3            X  4.09999689e-2      -14.9999999               X  2.68190367e-16     
 211. 0.0                 5.450101761067947   2.00000000                  0.0                 7.00000000               X  2.28176141e-8       1.33594444e-3            X  4.09999718e-2      -14.9999999               X  2.68190367e-16     
 212. 0.0                 5.407035332528368   2.00000000                  0.0                 7.00000000               X  2.28176141e-8       1.33597263e-3            X  4.09999745e-2      -14.9999999               X  2.68190367e-16     
 213. 0.0                 5.3639689011882075  2.00000000                  0.0                 7.00000000               X  2.28176141e-8       1.33599816e-3            X  4.09999769e-2      -14.9999999               X  2.68190367e-16     
 214. 0.0                 5.320902467335737   2.00000000                  0.0                 7.00000000               X  2.28176141e-8       1.33602128e-3            X  4.09999791e-2      -14.9999999               X  2.68190368e-16     
 215. 0.0                 5.2778360310649335  2.00000000                  0.0                 7.00000000               X  2.28176141e-8       1.33604222e-3            X  4.09999810e-2      -14.9999999               X  2.68190368e-16     
 216. 0.0                 5.234769592894901   2.00000000                  0.0                 7.00000000               X  2.28176141e-8       1.33606118e-3            X  4.09999828e-2      -14.9999999               X  2.68190368e-16     
 217. 0.0                 5.191703152664649   2.00000000                  0.0                 7.00000000               X  2.28176141e-8       1.33607835e-3            X  4.09999845e-2      -14.9999999               X  2.68190368e-16     
 218. 0.0                 5.148636711183943   2.00000000                  0.0                 7.00000000               X  2.28176141e-8       1.33609390e-3            X  4.09999859e-2      -14.9999999               X  2.68190368e-16     
 219. 0.0                 5.105570267676786   2.00000000                  0.0                 7.00000000               X  2.28176141e-8       1.33610798e-3            X  4.09999872e-2      -14.9999999               X  2.68190368e-16     
 220. 0.0                 5.062503822765188   2.00000000                  0.0                 7.00000000               X  2.28176141e-8       1.33612073e-3            X  4.09999885e-2      -14.9999999               X  2.68190368e-16     
 221. 0.0                 5.0194373768623475  2.00000000                  0.0                 7.00000000               X  2.28176141e-8       1.33613228e-3            X  4.09999895e-2      -14.9999999               X  2.68190368e-16     
 222. 0.0                 4.976370929620063   2.00000000                  0.0                 7.00000000               X  2.28176141e-8       1.33614273e-3            X  4.09999905e-2      -14.9999999               X  2.68190368e-16     
 223. 0.0                 4.933304481405782   2.00000000                  0.0                 7.00000000               X  2.28176141e-8       1.33615221e-3            X  4.09999914e-2      -14.9999999               X  2.68190368e-16     
 224. 0.0                 4.890238032105615   2.00000000                  0.0                 7.00000000               X  2.28176141e-8       1.33616078e-3            X  4.09999922e-2      -14.9999999               X  2.68190368e-16     
 225. 0.0                 4.847171582056033   2.00000000                  0.0                 7.00000000               X  2.28176141e-8       1.33616855e-3            X  4.09999930e-2      -14.9999999               X  2.68190368e-16     
 226. 0.0                 4.804105131671763   2.00000000                  0.0                 7.00000000               X  2.28176141e-8       1.33617558e-3            X  4.09999936e-2      -14.9999999               X  2.68190368e-16     
 227. 0.0                 4.761038679748318   2.00000000                  0.0                 7.00000000               X  2.28176141e-8       1.33618195e-3            X  4.09999942e-2      -14.9999999               X  2.68190368e-16     
 228. 0.0                 4.71797222807062    2.00000000                  0.0                 7.00000000               X  2.28176141e-8       1.33618772e-3            X  4.09999948e-2      -14.9999999               X  2.68190368e-16     
 229. 0.0                 4.674905775160215   2.00000000                  0.0                 7.00000000               X  2.28176141e-8       1.33619294e-3            X  4.09999953e-2      -14.9999999               X  2.68190368e-16     
 230. 0.0                 4.63183932149534    2.00000000                  0.0                 7.00000000               X  2.28176141e-8       1.33619767e-3            X  4.09999957e-2      -14.9999999               X  2.68190369e-16     
 231. 0.0                 4.588772868789176   2.00000000                  0.0                 7.00000000               X  2.28176141e-8       1.33620196e-3            X  4.09999961e-2      -14.9999999               X  2.68190369e-16     
 232. 0.0                 4.545706414305304   2.00000000                  0.0                 7.00000000               X  2.28176141e-8       1.33620584e-3            X  4.09999965e-2      -14.9999999               X  2.68190369e-16     
 233. 0.0                 4.50263995895364    2.00000000                  0.0                 7.00000000               X  2.28176141e-8       1.33620935e-3            X  4.09999968e-2      -14.9999999               X  2.68190369e-16     
 234. 0.0                 4.4595735045428935  2.00000000                  0.0                 7.00000000               X  2.28176141e-8       1.33621253e-3            X  4.09999971e-2      -14.9999999               X  2.68190369e-16     
 235. 0.0                 4.41650704908597    2.00000000                  0.0                 7.00000000               X  2.28176141e-8       1.33621541e-3            X  4.09999974e-2      -14.9999999               X  2.68190369e-16     
 236. 0.0                 4.373440594267709   2.00000000                  0.0                 7.00000000               X  2.28176141e-8       1.33621802e-3            X  4.09999976e-2      -14.9999999               X  2.68190369e-16     
 237. 0.0                 4.330374137396759   2.00000000                  0.0                 7.00000000               X  2.28176141e-8       1.33622039e-3            X  4.09999979e-2      -14.9999999               X  2.68190369e-16     
 238. 0.0                 4.2873076818801445  2.00000000                  0.0                 7.00000000               X  2.28176141e-8       1.33622252e-3            X  4.09999981e-2      -14.9999999               X  2.68190369e-16     
 239. 0.0                 4.2442412264988425  2.00000000                  0.0                 7.00000000               X  2.28176141e-8       1.33622446e-3            X  4.09999982e-2      -14.9999999               X  2.68190369e-16     
 240. 0.0                 4.201174769760311   2.00000000                  0.0                 7.00000000               X  2.28176141e-8       1.33622622e-3            X  4.09999984e-2      -14.9999999               X  2.68190369e-16     
 241. 0.0                 4.158108313194239   2.00000000                  0.0                 7.00000000               X  2.28176141e-8       1.33622781e-3            X  4.09999986e-2      -14.9999999               X  2.68190369e-16     
 242. 0.0                 4.115041857307884   2.00000000                  0.0                 7.00000000               X  2.28176141e-8       1.33622925e-3            X  4.09999987e-2      -14.9999999               X  2.68190369e-16     
 243. 0.0                 4.071975401343661   2.00000000                  0.0                 7.00000000               X  2.28176141e-8       1.33623055e-3            X  4.09999988e-2      -14.9999999               X  2.68190369e-16     
 244. 0.0                 4.028908941105118   2.00000000                  0.0                 7.00000000               X  2.28176141e-8       1.33623173e-3            X  4.09999989e-2      -14.9999999               X  2.68190369e-16     
 245. 0.0                 3.985842487312035   2.00000000                  0.0                 7.00000000               X  2.28176141e-8       1.33623280e-3            X  4.09999990e-2      -14.9999999               X  2.68190369e-16     
 246. 0.0                 3.9427760267492853  2.00000000                  0.0                 7.00000000               X  2.28176141e-8       1.33623377e-3            X  4.09999991e-2      -14.9999999               X  2.68190370e-16     
 247. 0.0                 3.8997095711234184  2.00000000                  0.0                 7.00000000               X  2.28176141e-8       1.33623464e-3            X  4.09999992e-2      -14.9999999               X  2.68190370e-16     
 248. 0.0                 3.8566431149996228  2.00000000                  0.0                 7.00000000               X  2.28176141e-8       1.33623544e-3            X  4.09999993e-2      -14.9999999               X  2.68190370e-16     
 249. 0.0                 3.813576653714145   2.00000000                  0.0                 7.00000000               X  2.28176141e-8       1.33623616e-3            X  4.09999993e-2      -14.9999999               X  2.68190370e-16     
 250. 0.0                 3.770510199984314   2.00000000                  0.0                 7.00000000               X  2.28176141e-8       1.33623681e-3            X  4.09999994e-2      -14.9999999               X  2.68190370e-16     
 251. 0.0                 3.727443738665952   2.00000000                  0.0                 7.00000000               X  2.28176141e-8       1.33623740e-3            X  4.09999995e-2      -14.9999999               X  2.68190370e-16     
 252. 0.0                 3.6843772847203335  2.00000000                  0.0                 7.00000000               X  2.28176141e-8       1.33623793e-3            X  4.09999995e-2      -14.9999999               X  2.68190370e-16     
 253. 0.0                 3.641310824061833   2.00000000                  0.0                 7.00000000               X  2.28176141e-8       1.33623841e-3            X  4.09999996e-2      -14.9999999               X  2.68190370e-16     
 254. 0.0                 3.5982443691524333  2.00000000                  0.0                 7.00000000               X  2.28176141e-8       1.33623885e-3            X  4.09999996e-2      -14.9999999               X  2.68190370e-16     
 255. 0.0                 3.555177916670566   2.00000000                  0.0                 7.00000000               X  2.28176141e-8       1.33623925e-3            X  4.09999996e-2      -14.9999999               X  2.68190370e-16     
 256. 0.0                 3.512111456083459   2.00000000                  0.0                 7.00000000               X  2.28176141e-8       1.33623961e-3            X  4.09999997e-2      -14.9999999               X  2.68190370e-16     
 257. 0.0                 3.469044991881168   2.00000000                  0.0                 7.00000000               X  2.28176141e-8       1.33623993e-3            X  4.09999997e-2      -14.9999999               X  2.68190370e-16     
 258. 0.0                 3.425978543211461   2.00000000                  0.0                 7.00000000               X  2.28176141e-8       1.33624023e-3            X  4.09999997e-2      -14.9999999               X  2.68190370e-16     
 259. 0.0                 3.3829120698391386  2.00000000                  0.0                 7.00000000               X  2.28176141e-8       1.33624049e-3            X  4.09999998e-2      -14.9999999               X  2.68190370e-16     
 260. 0.0                 3.339845618865335   2.00000000                  0.0                 7.00000000               X  2.28176141e-8       1.33624073e-3            X  4.09999998e-2      -14.9999999               X  2.68190370e-16     
 261. 0.0                 3.2967791528631434  2.00000000                  0.0                 7.00000000               X  2.28176141e-8       1.33624095e-3            X  4.09999998e-2      -14.9999999               X  2.68190370e-16     
 262. 0.0                 3.2537127060428217  2.00000000                  0.0                 7.00000000               X  2.28176141e-8       1.33624115e-3            X  4.09999998e-2      -14.9999999               X  2.68190371e-16     
 263. 0.0                 3.2106462439986543  2.00000000                  0.0                 7.00000000               X  2.28176141e-8       1.33624133e-3            X  4.09999998e-2      -14.9999999               X  2.68190371e-16     
 264. 0.0                 3.1675797876955163  2.00000000                  0.0                 7.00000000               X  2.28176141e-8       1.33624149e-3            X  4.09999999e-2      -14.9999999               X  2.68190371e-16     
 265. 0.0                 3.1245133410606147  2.00000000                  0.0                 7.00000000               X  2.28176141e-8       1.33624164e-3            X  4.09999999e-2      -14.9999999               X  2.68190371e-16     
 266. 0.0                 3.0814468805422233  2.00000000                  0.0                 7.00000000               X  2.28176141e-8       1.33624177e-3            X  4.09999999e-2      -14.9999999               X  2.68190371e-16     
 267. 0.0                 3.038380418486526   2.00000000                  0.0                 7.00000000               X  2.28176141e-8       1.33624189e-3            X  4.09999999e-2      -14.9999999               X  2.68190371e-16     
 268. 0.0                 2.9999988352624563  2.00000000                  0.0                 7.00000000               X  2.28176141e-8       1.33624200e-3            X  4.09999999e-2      -14.9999999               X  2.68190371e-16     
 269. 0.0                 2.9999988352624563  2.00000000                  0.0                 7.00000000               X  2.28176141e-8       1.33624210e-3            X  4.09999999e-2      -14.9999999               X  2.68190371e-16     
 270. 0.0                 2.999998835262456   2.00000000                  0.0                 7.00000000               X  2.28176141e-8       1.33624219e-3            X  4.09999999e-2      -14.9999999               X  2.68190371e-16     
 271. 0.0                 2.9999988352624554  2.00000000                  0.0                 7.00000000               X  2.28176141e-8       1.33624227e-3            X  4.09999999e-2      -14.9999999               X  2.68190371e-16     
 272. 0.0                 2.9999988352624554  2.00000000                  0.0                 7.00000000               X  2.28176141e-8       1.33624235e-3            X  4.09999999e-2      -14.9999999               X  2.68190371e-16     
 273. 0.0                 2.999998835262455   2.00000000                  0.0                 7.00000000               X  2.28176141e-8       1.33624241e-3            X  4.09999999e-2      -14.9999999               X  2.68190371e-16     
 274. 0.0                 2.999998835262455   2.00000000                  0.0                 7.00000000               X  2.28176141e-8       1.33624247e-3            X  4.09999999e-2      -14.9999999               X  2.68190371e-16     
 275. 0.0                 2.9999988352624545  2.00000000                  0.0                 7.00000000               X  2.28176141e-8       1.33624253e-3            X  4.10000000e-2      -14.9999999               X  2.68190371e-16     
 276. 0.0                 2.999998835262454   2.00000000                  0.0                 7.00000000               X  2.28176141e-8       1.33624258e-3            X  4.10000000e-2      -14.9999999               X  2.68190371e-16     
 277. 0.0                 2.999998835262454   2.00000000                  0.0                 7.00000000               X  2.28176141e-8       1.33624262e-3            X  4.10000000e-2      -14.9999999               X  2.68190371e-16     
 278. 0.0                 2.9999988352624536  2.00000000                  0.0                 7.00000000               X  2.28176141e-8       1.33624266e-3            X  4.10000000e-2      -14.9999999               X  2.68190372e-16     
 279. 0.0                 2.9999988352624536  2.00000000                  0.0                 7.00000000               X  2.28176141e-8       1.33624270e-3            X  4.10000000e-2      -14.9999999               X  2.68190372e-16     
 280. 0.0                 2.999998835262453   2.00000000                  0.0                 7.00000000               X  2.28176141e-8       1.33624273e-3            X  4.10000000e-2      -14.9999999               X  2.68190372e-16     
 281. 0.0                 2.9999988352624527  2.00000000                  0.0                 7.00000000               X  2.28176141e-8       1.33624276e-3            X  4.10000000e-2      -14.9999999               X  2.68190372e-16     
 282. 0.0                 2.9999988352624527  2.00000000                  0.0                 7.00000000               X  2.28176141e-8       1.33624279e-3            X  4.10000000e-2      -14.9999999               X  2.68190372e-16     
 283. 0.0                 2.9999988352624523  2.00000000                  0.0                 7.00000000               X  2.28176141e-8       1.33624281e-3            X  4.10000000e-2      -14.9999999               X  2.68190372e-16     
 284. 0.0                 2.9999988352624523  2.00000000                  0.0                 7.00000000               X  2.28176141e-8       1.33624284e-3            X  4.10000000e-2      -14.9999999               X  2.68190372e-16     
 285. 0.0                 2.999998835262452   2.00000000                  0.0                 7.00000000               X  2.28176141e-8       1.33624286e-3            X  4.10000000e-2      -14.9999999               X  2.68190372e-16     
 286. 0.0                 2.9999988352624514  2.00000000                  0.0                 7.00000000               X  2.28176141e-8       1.33624288e-3            X  4.10000000e-2      -14.9999999               X  2.68190372e-16     
 287. 0.0                 2.9999988352624514  2.00000000                  0.0                 7.00000000               X  2.28176141e-8       1.33624289e-3            X  4.10000000e-2      -14.9999999               X  2.68190372e-16     
 288. 0.0                 2.999998835262451   2.00000000                  0.0                 7.00000000               X  2.28176141e-8       1.33624291e-3            X  4.10000000e-2      -14.9999999               X  2.68190372e-16     
 289. 0.0                 2.999998835262451   2.00000000                  0.0                 7.00000000               X  2.28176141e-8       1.33624292e-3            X  4.10000000e-2      -14.9999999               X  2.68190372e-16     
 290. 0.0                 2.9999988352624505  2.00000000                  0.0                 7.00000000               X  2.28176141e-8       1.33624293e-3            X  4.10000000e-2      -14.9999999               X  2.68190372e-16     
 291. 0.0                 2.99999883526245    2.00000000                  0.0                 7.00000000               X  2.28176141e-8       1.33624294e-3            X  4.10000000e-2      -14.9999999               X  2.68190372e-16     
 292. 0.0                 2.99999883526245    2.00000000                  0.0                 7.00000000               X  2.28176141e-8       1.33624295e-3            X  4.10000000e-2      -14.9999999               X  2.68190372e-16     
 293. 0.0                 2.9999988352624496  2.00000000                  0.0                 7.00000000               X  2.28176141e-8       1.33624296e-3            X  4.10000000e-2      -14.9999999               X  2.68190372e-16     
 294. 0.0                 2.9999988352624496  2.00000000                  0.0                 7.00000000               X  2.28176141e-8       1.33624297e-3            X  4.10000000e-2      -14.9999999               X  2.68190372e-16     
 295. 0.0                 2.999998835262449   2.00000000                  0.0                 7.00000000               X  2.28176141e-8       1.33624298e-3            X  4.10000000e-2      -14.9999999               X  2.68190373e-16     
 296. 0.0                 2.9999988352624487  2.00000000                  0.0                 7.00000000               X  2.28176141e-8       1.33624299e-3            X  4.10000000e-2      -14.9999999               X  2.68190373e-16     
 297. 0.0                 2.9999988352624487  2.00000000                  0.0                 7.00000000               X  2.28176141e-8       1.33624299e-3            X  4.10000000e-2      -14.9999999               X  2.68190373e-16     
 298. 0.0                 2.9999988352624483  2.00000000                  0.0                 7.00000000               X  2.28176141e-8       1.33624300e-3            X  4.10000000e-2      -14.9999999               X  2.68190373e-16     
 299. 0.0                 2.9999988352624483  2.00000000                  0.0                 7.00000000               X  2.28176141e-8       1.33624300e-3            X  4.10000000e-2      -14.9999999               X  2.68190373e-16     
