NodeID: 0
 nr   logfactor           convergence         gas_val_u                   gas_res             logI                        I.eq                pH                          chargebalance       CO3-2.logact                CO3-2.tot           Cl-.logact                  Cl-.tot             Na+.logact                  Na+.tot            
                                                                          0.0                                             0.0                                             0.0                                             1.00000005e-3                                  -9.99999978e-3                                   2.00000009e-3      
 300  0                   25.8747             1.00000066               X -7.24669703e12      -2.57713978               X -9.99999995e-1       1.00000000               X -1.16466139e6       -3.28687736               X  7.49452142e12      -13.3782447               X  4.42903765e-14     -2.72352403                  2.00000009e-3      
 300  0                   25.0747             9.99999356e-1            X -1.14852408e12      -2.07713978               X -9.99999890e-1       9.00000000e-1            X -1.52160555e5       -4.28687736               X  1.18780007e12      -14.3782447               X  4.60500575e-15     -3.72352403               X  2.07946119e-4      
 300  0                   24.2747             9.99999252e-1            X -1.82028799e11      -1.57713978               X -9.99997386e-1       8.00000000e-1            X -2.02557403e4       -5.28687736               X  1.88253601e11      -15.3782447               X  4.88741703e-16     -4.72352403               X  2.20698836e-5      
 300  -4.98211            24.275              9.99999252e-1            X -1.82123324e11      -1.07713978               X -9.99990362e-1       7.00000000e-1            X -1.73737179e4       -5.48665190               X  1.88351355e11      -16.3782447               X  5.28936153e-17     -4.82949579               X  1.87133757e-5      
 300  -0.301026           23.1151             1.09999925               X -1.14912049e10      -5.77139779e-1            X -9.99649855e-1       8.00000000e-1            X -1.51188369e3       -6.48665190               X  1.30332880e10      -16.3832447               X  5.61719509e-17     -4.82850514               X  2.01492596e-5      
 300  -4.17952            21.9518             1.19999925               X -7.25046011e8       -5.77073659e-1            X -9.95596955e-1       9.00000000e-1            X -1.19940863e2       -7.48665190               X  8.94849503e8       -16.3832454               X  5.61721940e-17     -4.82850501               X  2.01493836e-5      
 300  -3.07897            20.7856             1.29999925               X -4.57473103e7       -5.76243586e-1            X -9.45172846e-1       1.00000000               X -9.40653642         -8.48665190               X  6.10359197e7       -16.3832537               X  5.61752337e-17     -4.82850336               X  2.01509373e-5      
 300  -1.97343            19.617              1.39999925               X -2.88645976e6       -5.66195543e-1            X -3.73928459e-1       1.10000000               X -6.51465608e-1      -9.48665190               X  4.13975235e6       -16.3833600               X  5.62101541e-17     -4.82848231               X  2.01693777e-5      
 300  -0.813891           18.4462             1.49999925               X -1.82122824e5       -5.08797508e-1            X  3.21326607          1.20000000               X  2.51279680e-2      -10.4866519               X  2.79413061e5       -16.3848950               X  5.62441317e-17     -4.82817841               X  2.02672042e-5      
 300  -0.807977           17.4815             1.59999925               X -1.85426408e4       -1.00879751               X  1.25255979          1.19608996               X  7.57879315e-2      -11.4866519               X  3.03033083e4       -16.3864511               X  5.24988071e-17     -4.82787035               X  1.89989748e-5      
 300  -4.48149            16.5073             1.69999925               X -1.85364544e3       -1.00883884               X  1.39109545          1.19608746               X  8.08366005e-2      -12.4866519               X  3.21580027e3       -16.3864514               X  5.24984070e-17     -4.82787029               X  1.89988473e-5      
 300  -4.26803            16.3582             1.79999925               X -1.24289597e3       -1.00891389               X  1.39608903          1.19608310               X  8.10211446e-2      -12.6601370               X  2.28118341e3       -16.3864520               X  5.24976878e-17     -4.82787018               X  1.89986153e-5      
 300  -4.09443            16.1977             1.89999925               X -8.14160015e2       -1.00902621               X  1.39928284          1.19607658               X  8.11505239e-2      -12.8436747               X  1.57648662e3       -16.3864528               X  5.24966116e-17     -4.82787002               X  1.89982680e-5      
 300  -3.91071            16.026              1.99999925               X -5.20886587e2       -1.00919808               X  1.40095517          1.19606662               X  8.12387626e-2      -13.0373081               X  1.06162012e3       -16.3864540               X  5.24949654e-17     -4.82786978               X  1.89977366e-5      
 300  -3.71674            15.843              2.09999925               X -3.25335435e2       -1.00946704               X  1.40123065          1.19605102               X  8.12971797e-2      -13.2411181               X  6.96677520e2       -16.3864559               X  5.24923895e-17     -4.82786940               X  1.89969050e-5      
 300  -3.51233            15.6488             2.19999925               X -1.98191336e2       -1.00989774               X  1.40001584          1.19602603               X  8.13344752e-2      -13.4552591               X  4.45479521e2       -16.3864590               X  5.24882645e-17     -4.82786879               X  1.89955733e-5      
 300  -3.29708            15.4432             2.29999925               X -1.17554715e2       -1.01060414               X  1.39688688          1.19598499               X  8.13569813e-2      -13.6800311               X  2.77430317e2       -16.3864640               X  5.24814985e-17     -4.82786779               X  1.89933891e-5      
 300  -3.07024            15.2255             2.39999925               X -67.6485676         -1.01179242               X  1.39087091          1.19591579               X  8.13689528e-2      -13.9160312               X  1.68077813e2       -16.3864725               X  5.24701146e-17     -4.82786610               X  1.89897148e-5      
 300  -2.83026            14.9948             2.49999925               X -37.4887585         -1.01384845               X  1.37999858          1.19579550               X  8.13727817e-2      -14.1644871               X  98.8051924         -16.3864873               X  5.24504100e-17     -4.82786317               X  1.89833575e-5      
 300  -2.5739             14.7485             2.59999925               X -19.6724092         -1.01752955               X  1.36033106          1.19557844               X  8.13690082e-2      -14.4280439               X  56.0357141         -16.3865140               X  5.24151060e-17     -4.82785789               X  1.89719760e-5      
 300  -2.29386            14.4806             2.69999925               X -9.36126576         -1.02444447               X  1.32359611          1.19516482               X  8.13559531e-2      -14.7128830               X  30.2436775         -16.3865648               X  5.23487055e-17     -4.82784782               X  1.89505993e-5      
 300  -1.97133            14.1749             2.79999925               X -3.47814307         -1.03858354               X  1.25001550          1.19429575               X  8.13287418e-2      -15.0359449               X  14.9592951         -16.3866716               X  5.22126383e-17     -4.82782666               X  1.89069130e-5      
 300  -1.54135            13.7645             2.89999925               X -8.19480830e-2      -1.07452270               X  1.07263580          1.19195747               X  8.12789389e-2      -15.4660104               X  5.81542389         -16.3869592               X  5.18655562e-17     -4.82776970               X  1.87961323e-5      
 300  -0.764507           13.2311             2.91409318               X  1.70272004         -1.25900113               X  3.53291241e-1       1.17797863               X  8.14023542e-2      -16.4660104               X  6.23189510e-1      -16.3886790               X  5.01002108e-17     -4.82742896               X  1.82427207e-5      
 300  -1.23114            13.2083             2.81409318               X  1.61545152         -1.27974977               X  2.80358415e-1       1.17319790               X  8.20253490e-2      -16.5025513               X  5.65789230e-1      -16.3892663               X  4.98636045e-17     -4.82731257               X  1.81860092e-5      
 300  -1.20829            13.1837             2.71409318               X  1.52647983         -1.29710457               X  2.19330830e-1       1.16812035               X  8.27567325e-2      -16.5375130               X  5.15616061e-1      -16.3898853               X  4.96527625e-17     -4.82718989               X  1.81400656e-5      
 300  -1.18369            13.1572             2.61409318               X  1.43610386         -1.31147298               X  1.67720035e-1       1.16269894               X  8.36022164e-2      -16.5712256               X  4.71367509e-1      -16.3905404               X  4.94632323e-17     -4.82706006               X  1.81035133e-5      
 300  -1.67792            13.148              2.58234948               X  1.40595808         -1.32193004               X  1.62415669e-1       1.17131423               X  8.19856782e-2      -16.5579116               X  4.61536419e-1      -17.3905404               X  4.93802882e-18     -3.82706006               X  1.80731558e-4      
 300  -1.14797            13.1187             2.48234948               X  1.31432059         -1.33348200               X  1.18903651e-1       1.16548293               X  8.29382443e-2      -16.5906676               X  4.22852626e-1      -17.3912517               X  4.92085278e-18     -3.82693066               X  1.80451876e-4      
 300  -1.1187             13.087              2.38234948               X  1.22168938         -1.34252877               X  8.16196434e-2       1.15917258               X  8.40284243e-2      -16.6227643               X  3.88242705e-1      -17.3920125               X  4.90516782e-18     -3.82679222               X  1.80249550e-4      
 300  -1.08696            13.0524             2.28234948               X  1.12819121         -1.34920966               X  4.95197281e-2       1.15229453               X  8.52764919e-2      -16.6544616               X  3.57114895e-1      -17.3928311               X  4.89074134e-18     -3.82664327               X  1.80120235e-4      
 300  -1.05238            13.0145             2.18234948               X  1.03392037         -1.35359896               X  2.17863524e-2       1.14473584               X  8.67102744e-2      -16.6860267               X  3.29000121e-1      -17.3937175               X  4.87737718e-18     -3.82648196               X  1.80061903e-4      
 300  -1.01449            12.9726             2.08234948               X  9.38943169e-1      -1.35570612               X -2.23544528e-3       1.13634929               X  8.83680871e-2      -16.7177506               X  3.03526218e-1      -17.3946846               X  4.86490503e-18     -3.82630594               X  1.80074856e-4      
 300  -0.972639           12.926              1.98234948               X  8.43299387e-1      -1.35546804               X -2.30845967e-2       1.12693784               X  9.03035190e-2      -16.7499705               X  2.80401067e-1      -17.3957497               X  4.85317210e-18     -3.82611211               X  1.80162026e-4      
 300  -0.925982           12.8733             1.88234948               X  7.47000152e-1      -1.35273062               X -4.12208541e-2       1.11622949               X  9.25934978e-2      -16.7831024               X  2.59403367e-1      -17.3969355               X  4.84203587e-18     -3.82589631               X  1.80329669e-4      
 300  -0.873321           12.8129             1.78234948               X  6.50020575e-1      -1.34721244               X -5.70582237e-2       1.10383411               X  9.53525696e-2      -16.8176945               X  2.40381692e-1      -17.3982742               X  4.83135749e-18     -3.82565271               X  1.80588729e-4      
 300  -0.812927           12.7422             1.68234948               X  5.52282740e-1      -1.33843453               X -7.10025854e-2       1.08916495               X  9.87599147e-2      -16.8545213               X  2.23265688e-1      -17.3998126               X  4.82099520e-18     -3.82537281               X  1.80957455e-4      
 300  -0.742161           12.6567             1.58234948               X  4.53617750e-1      -1.32557833               X -8.35073246e-2       1.07128282               X  1.03115140e-1      -16.8947662               X  2.08100906e-1      -17.4016233               X  4.81079826e-18     -3.82504345               X  1.81466708e-4      
 300  -0.65669            12.5486             1.48234948               X  3.53674628e-1      -1.30716914               X -9.51814567e-2       1.04855109               X  1.08968043e-1      -16.9404216               X  1.95141473e-1      -17.4038278               X  4.80060451e-18     -3.82464255               X  1.82171796e-4      
 300  -0.548604           12.4008             1.38234948               X  2.51665756e-1      -1.28025699               X -1.07060924e-1       1.01774084               X  1.17476498e-1      -16.9953143               X  1.85119649e-1      -17.4066552               X  4.79025877e-18     -3.82412857               X  1.83183193e-4      
 300  -0.400824           12.2534             1.28234948               X  1.45444182e-1      -1.23771607               X -1.21520953e-1       9.71061267e-1            X  1.31698965e-1      -17.0684747               X  1.80242270e-1      -17.4106287               X  4.77975062e-18     -3.82340665               X  1.84768244e-4      
 300  -0.162696           12.2771             1.18234948               X  2.59334012e-2      -1.15416446               X -1.47233160e-1       8.80511777e-1            X  1.64450467e-1      -17.1917125               X  1.90287518e-1      -17.4175042               X  4.77030611e-18     -3.82215859               X  1.87884906e-4      
 300  -0.216035           12.3567             1.16657974               X -2.36061620e-2      -1.06463406               X -1.79732705e-1       7.80511777e-1            X  2.10106963e-1      -17.3068156               X  2.28370918e-1      -17.4235851               X  4.77498238e-18     -3.82105667               X  1.91205419e-4      
 300  -0.32244            12.4529             1.17781505               X -5.71274485e-2      -9.79090632e-1            X -2.17648590e-1       6.80511777e-1            X  2.68248575e-1      -17.4150323               X  2.84753265e-1      -17.4283446               X  4.79060024e-18     -3.82019578               X  1.94329497e-4      
 300  -0.428537           12.555              1.19911151               X -9.27532181e-2      -8.97953728e-1            X -2.60585501e-1       5.80511777e-1            X  3.42127710e-1      -17.5208123               X  3.59959402e-1      -17.4320725               X  4.81257146e-18     -3.81952264               X  1.97209124e-4      
 300  -0.534188           12.6598             1.22622221               X -1.37074867e-1      -8.21787579e-1            X -3.08197750e-1       4.80511777e-1            X  4.35773085e-1      -17.6257320               X  4.57906795e-1      -17.4349953               X  4.83701797e-18     -3.81899571               X  1.99791651e-4      
 300  -0.63926            12.7659             1.25767777               X -1.94607244e-1      -7.51063213e-1            X -3.59805337e-1       3.80511777e-1            X  5.54184913e-1      -17.7305817               X  5.84295818e-1      -17.4372901               X  4.86091496e-18     -3.81858260               X  2.02034500e-4      
 300  -0.743655           12.8724             1.29279371               X -2.69753888e-1      -6.86138072e-1            X -4.14431886e-1       2.80511777e-1            X  7.03581605e-1      -17.8358346               X  7.46495706e-1      -17.4390946               X  4.88209039e-18     -3.81825817               X  2.03911733e-4      
 300  -0.847314           12.979              1.33113381               X -3.67423477e-1      -6.27234900e-1            X -4.70866534e-1       1.80511777e-1            X  8.91722745e-1      -17.9417919               X  9.53762114e-1      -17.4405159               X  4.89920612e-18     -3.81800289               X  2.05418090e-4      
 300  -0.95023            13.0852             1.37233759               X -4.93341488e-1      -5.74430759e-1            X -5.27758941e-1       8.05117767e-2            X  1.12832829         -18.0486370               X  1.21760797         -17.4416373               X  4.91168443e-18     -3.81780164               X  2.06569456e-4      
 300  -1.05244            13.1907             1.41606081               X -6.54306865e-1      -5.27657231e-1            X -5.83734725e-1      -1.94882233e-2            X  1.42561602         -18.1564609               X  1.55230957         -17.4425236               X  4.91957526e-18     -3.81764269               X  2.07399866e-4      
 300  -1.154              13.2955             1.46195724               X -8.58475233e-1      -4.86711092e-1            X -6.37513370e-1      -1.19488223e-1            X  1.79898234         -18.2652777               X  1.97557125         -17.4432250               X  4.92338128e-18     -3.81751695               X  2.07956034e-4      
 300  -1.25503            13.3994             1.50967729               X -1.11570581         -4.51273647e-1            X -6.88009951e-1      -2.19488223e-1            X  2.26785664         -18.3750382               X  2.50938791         -17.4437809               X  4.92387039e-18     -3.81741734               X  2.08290831e-4      
 300  -1.35562            13.5024             1.55887378               X -1.43799550         -4.20936194e-1            X -7.34405700e-1      -3.19488223e-1            X  2.85676847         -18.4856443               X  3.18115498         -17.4442218               X  4.92190595e-18     -3.81733833               X  2.08457152e-4      
 300  -1.45588            13.6047             1.60921022               X -1.84002008         -3.95228626e-1            X -7.76179610e-1      -4.19488223e-1            X  3.59667930         -18.5969643               X  4.02508384         -17.4445719               X  4.91831624e-18     -3.81727562               X  2.08503187e-4      
 300  -1.5559             13.7061             1.66036908               X -2.33980404         -3.73648175e-1            X -8.13101780e-1      -5.19488223e-1            X  4.52664724         -18.7088476               X  5.08399290         -17.4448499               X  4.91381189e-18     -3.81722581               X  2.08469545e-4      
 300  -1.65578            13.8069             1.71205864               X -2.95954556         -3.55685614e-1            X -8.45196418e-1      -6.19488223e-1            X  5.69591333         -18.8211381               X  6.41156112         -17.4450708               X  4.90894816e-18     -3.81718623               X  2.08388154e-4      
 300  -1.75556            13.9071             1.76401774               X -3.72663198         -3.40846968e-1            X -8.72686469e-1      -7.19488223e-1            X  7.16652239         -18.9336847               X  8.07515449         -17.4452464               X  4.90412168e-18     -3.81715478               X  2.08282527e-4      
 300  -1.85531            14.0068             1.81601830               X -4.67489127         -3.28669702e-1            X -8.95932171e-1      -8.19488223e-1            X  9.01662062         -19.0463496               X  10.1593673         -17.4453859               X  4.89958876e-18     -3.81712978               X  2.08168863e-4      
 300  -1.95504            14.1062             1.86786579               X -5.84613831         -3.18733250e-1            X -9.15373332e-1      -9.19488223e-1            X  11.3446082         -19.1590123               X  12.7704603         -17.4454968               X  4.89549362e-18     -3.81710991               X  2.08057516e-4      
 300  -2.05479            14.2052             1.91939810               X -7.29209009         -3.10664454e-1            X -9.31481383e-1      -1.01948822               X  14.2743700         -19.2715720               X  16.0419266         -17.4455850               X  4.89189840e-18     -3.81709411               X  2.07954485e-4      
 300  -2.15456            14.3041             1.97048330               X -9.07674218         -3.04138902e-1            X -9.44723609e-1      -1.11948822               X  17.9618644         -19.3839478               X  20.1414793         -17.4456550               X  4.88880975e-18     -3.81708156               X  2.07862721e-4      
 300  -2.25435            14.4028             2.02101670               X -11.2793210         -2.98879295e-1            X -9.55539277e-1      -1.21948822               X  22.6034212         -19.4960769               X  25.2798279         -17.4457107               X  4.88620024e-18     -3.81707158               X  2.07783178e-4      
 300  -2.35417            14.5013             2.07091765               X -13.9979543         -2.94651885e-1            X -9.64325821e-1      -1.31948822               X  28.4461913         -19.6079132               X  31.7217097         -17.4457549               X  4.88402401e-18     -3.81706365               X  2.07715585e-4      
 300  -2.45402            14.5999             2.12012619               X -17.3542368         -2.91261885e-1            X -9.71432696e-1      -1.41948822               X  35.8013045         -19.7194244               X  39.7997565         -17.4457901               X  4.88222751e-18     -3.81705735               X  2.07659001e-4      
 300  -2.5539             14.6984             2.16859994               X -21.4989098         -2.88548485e-1            X -9.77160524e-1      -1.51948822               X  45.0604347         -19.8305901               X  49.9319310         -17.4458180               X  4.88075631e-18     -3.81705234               X  2.07612171e-4      
 300  -2.6538             14.7969             2.21631122               X -26.6189309         -2.86379929e-1            X -9.81763586e-1      -1.61948822               X  56.7166559         -19.9413989               X  62.6434532         -17.4458402               X  4.87955911e-18     -3.81704836               X  2.07573754e-4      
 300  -2.75371            14.8954             2.26324440               X -32.9462716         -2.84648932e-1            X -9.85454139e-1      -1.71948822               X  71.3906992         -20.0518470               X  78.5943733         -17.4458579               X  4.87858973e-18     -3.81704520               X  2.07542453e-4      
 300  -2.85364            14.9939             2.30939365               X -40.7688726         -2.83268565e-1            X -9.88407539e-1      -1.81948822               X  89.8640073         -20.1619361               X  98.6142496         -17.4458719               X  4.87780793e-18     -3.81704269               X  2.07517087e-4      
 300  -2.95359            15.0925             2.35476095               X -50.4442831         -2.82168672e-1            X -9.90767473e-1      -1.91948822               X  1.13120349e2       -20.2716722               X  1.23745761e2       -17.4458830               X  4.87717938e-18     -3.81704070               X  2.07496616e-4      
 300  -3.05354            15.1912             2.39935441               X -62.4166507         -2.81292819e-1            X -9.92650925e-1      -2.01948822               X  1.42398208e2       -20.3810643               X  1.55299557e2       -17.4458918               X  4.87667530e-18     -3.81703911               X  2.07480151e-4      
 300  -3.1535             15.2899             2.44318688               X -77.2378847         -2.80595724e-1            X -9.94152654e-1      -2.11948822               X  1.79256736e2       -20.4901236               X  1.94923253e2       -17.4458989               X  4.87627184e-18     -3.81703785               X  2.07466941e-4      
 300  -3.25348            15.3886             2.48627474               X -95.5940265         -2.80041127e-1            X -9.95349104e-1      -2.21948822               X  2.25658784e2       -20.5988628               X  2.44688198e2       -17.4459044               X  4.87594942e-18     -3.81703685               X  2.07456366e-4      
 300  -3.35345            15.4874             2.52863694               X -1.18338114e2       -2.79600041e-1            X -9.96301750e-1      -2.31948822               X  2.84075429e2       -20.7072952               X  3.07198628e2       -17.4459089               X  4.87569208e-18     -3.81703606               X  2.07447913e-4      
 300  -3.45343            15.5863             2.57029423               X -1.46531143e2       -2.79249324e-1            X -9.97059902e-1      -2.41948822               X  3.57617570e2       -20.8154346               X  3.85728959e2       -17.4459124               X  4.87548689e-18     -3.81703543               X  2.07441165e-4      
 300  -3.55342            15.6852             2.61126848               X -1.81493145e2       -2.78970518e-1            X -9.97663034e-1      -2.51948822               X  4.50201595e2       -20.9232951               X  4.84396486e2       -17.4459152               X  4.87532340e-18     -3.81703493               X  2.07435784e-4      
 300  -3.65341            15.7842             2.65158223               X -2.24866864e2       -2.78748914e-1            X -9.98142694e-1      -2.61948822               X  5.66757941e2       -21.0308903               X  6.08378637e2       -17.4459174               X  4.87519323e-18     -3.81703453               X  2.07431497e-4      
 300  -3.7534             15.8832             2.69125823               X -2.78697182e2       -2.78572800e-1            X -9.98524066e-1      -2.71948822               X  7.13493657e2       -21.1382338               X  7.64186262e2       -17.4459192               X  4.87508963e-18     -3.81703421               X  2.07428083e-4      
 300  -3.85339            15.9823             2.73031915               X -3.45530193e2       -2.78432851e-1            X -9.98827230e-1      -2.81948822               X  8.98222957e2       -21.2453385               X  9.60007445e2       -17.4459206               X  4.87500722e-18     -3.81703396               X  2.07425366e-4      
 300  -3.95338            16.0814             2.76878735               X -4.28536803e2       -2.78321651e-1            X -9.99068187e-1      -2.91948822               X  1.13078335e3       -21.3522169               X  1.20614002e3       -17.4459217               X  4.87494167e-18     -3.81703376               X  2.07423204e-4      
 300  -4.05338            16.1806             2.80668469               X -5.31666954e2       -2.78233299e-1            X -9.99259677e-1      -3.01948822               X  1.42355952e3       -21.4588809               X  1.51553572e3       -17.4459226               X  4.87488956e-18     -3.81703360               X  2.07421485e-4      
 300  -4.15338            16.2798             2.84403240               X -6.59842100e2       -2.78163104e-1            X -9.99411842e-1      -3.11948822               X  1.79214287e3       -21.5653419               X  1.90448477e3       -17.4459233               X  4.87484813e-18     -3.81703348               X  2.07420118e-4      
 300  -4.25337            16.379              2.88085101               X -8.19195435e2       -2.78107338e-1            X -9.99532747e-1      -3.21948822               X  2.25616180e3       -21.6716104               X  2.39347715e3       -17.4459238               X  4.87481521e-18     -3.81703338               X  2.07419031e-4      
 300  -4.35337            16.4783             2.91716026               X -1.01737179e3       -2.78063036e-1            X -9.99628808e-1      -3.31948822               X  2.84032703e3       -21.7776966               X  3.00828629e3       -17.4459243               X  4.87478904e-18     -3.81703330               X  2.07418167e-4      
 300  -4.45337            16.5776             2.95297909               X -1.26390206e3       -2.78027842e-1            X -9.99705127e-1      -3.41948822               X  3.57574747e3       -21.8836099               X  3.78133245e3       -17.4459246               X  4.87476825e-18     -3.81703324               X  2.07417481e-4      
 300  -4.55337            16.677              2.98832560               X -1.57067071e3       -2.77999884e-1            X -9.99765758e-1      -3.51948822               X  4.50158694e3       -21.9893593               X  4.75339817e3       -17.4459249               X  4.87475173e-18     -3.81703319               X  2.07416935e-4      
 300  -4.65337            16.7764             3.02321709               X -1.95249969e3       -2.77977675e-1            X -9.99813925e-1      -3.61948822               X  5.66714978e3       -22.0949531               X  5.97578673e3       -17.4459251               X  4.87473860e-18     -3.81703315               X  2.07416502e-4      
 300  -4.75336            16.8758             3.05767003               X -2.42787764e3       -2.77960032e-1            X -9.99852189e-1      -3.71948822               X  7.13450645e3       -22.2003992               X  7.51303794e3       -17.4459253               X  4.87472817e-18     -3.81703311               X  2.07416158e-4      
 300  -4.85336            16.9753             3.09170010               X -3.01987088e3       -2.77946018e-1            X -9.99882586e-1      -3.81948822               X  8.98179905e3       -22.3057048               X  9.44634540e3       -17.4459254               X  4.87471989e-18     -3.81703309               X  2.07415884e-4      
 300  -4.95336            17.0747             3.12532222               X -3.75726144e3       -2.77934886e-1            X -9.99906732e-1      -3.91948822               X  1.13074026e4       -22.4108769               X  1.18778564e4       -17.4459255               X  4.87471330e-18     -3.81703307               X  2.07415667e-4      
 300  -4.57487            16.9721             3.22532222               X -2.87508265e3       -2.77908273e-1            X -9.99925910e-1      -4.01948822               X  1.42351392e4       -22.7270076               X  9.37864189e3       -17.4459258               X  4.87469757e-18     -3.81703302               X  2.07415147e-4      
 300  -4.45865            16.8591             3.32532222               X -2.14937672e3       -2.77873494e-1            X -9.99941143e-1      -4.11948822               X  1.79209172e4       -23.0532118               X  7.22868528e3       -17.4459262               X  4.87467700e-18     -3.81703296               X  2.07414468e-4      
 300  -4.33231            16.7355             3.42532222               X -1.56962614e3       -2.77826972e-1            X -9.99953243e-1      -4.21948822               X  2.25609948e4       -23.3895272               X  5.43854294e3       -17.4459266               X  4.87464947e-18     -3.81703288               X  2.07413558e-4      
 300  -4.1958             16.6014             3.52532222               X -1.11944226e3       -2.77763265e-1            X -9.99962854e-1      -4.31948822               X  2.84024316e4       -23.7360136               X  3.99366565e3       -17.4459273               X  4.87461177e-18     -3.81703276               X  2.07412313e-4      
 300  -4.049              16.4566             3.62532222               X -7.79408342e2       -2.77673938e-1            X -9.99970488e-1      -4.41948822               X  3.57562283e4       -24.0927685               X  2.86186756e3       -17.4459282               X  4.87455887e-18     -3.81703260               X  2.07410565e-4      
 300  -3.89177            16.3012             3.72532222               X -5.29433120e2       -2.77545640e-1            X -9.99976550e-1      -4.51948822               X  4.50138552e4       -24.4599530               X  2.00066012e3       -17.4459294               X  4.87448283e-18     -3.81703237               X  2.07408052e-4      
 300  -3.72381            16.1347             3.82532222               X -3.50483043e2       -2.77356763e-1            X -9.99981365e-1      -4.61948822               X  5.66680296e4       -24.8378400               X  1.36360058e3       -17.4459313               X  4.87437075e-18     -3.81703203               X  2.07404347e-4      
 300  -3.54467            15.9567             3.92532222               X -2.25682452e2       -2.77071448e-1            X -9.99985187e-1      -4.71948822               X  7.13388088e4       -25.2269029               X  9.05176976e2       -17.4459342               X  4.87420114e-18     -3.81703152               X  2.07398737e-4      
 300  -3.3535             15.7665             4.02532222               X -1.40856887e2       -2.76628354e-1            X -9.99988221e-1      -4.81948822               X  8.98062890e4       -25.6279868               X  5.84092657e2       -17.4459386               X  4.87393703e-18     -3.81703073               X  2.07389994e-4      
 300  -3.14878            15.5624             4.12532222               X -84.6428012         -2.75918422e-1            X -9.99990628e-1      -4.91948822               X  1.13051409e5       -26.0426571               X  3.65073234e2       -17.4459457               X  4.87351204e-18     -3.81702945               X  2.07375908e-4      
 300  -2.92759            15.3414             4.22532222               X -48.3008118         -2.74736997e-1            X -9.99992534e-1      -5.01948822               X  1.42306363e5       -26.4739664               X  2.19476580e2       -17.4459575               X  4.87279981e-18     -3.81702734               X  2.07352254e-4      
 300  -2.68395            15.2531             4.32532222               X -25.3583274         -2.72666654e-1            X -9.99994040e-1      -5.11948822               X  1.79115194e5       -26.9283595               X  1.25046934e2       -17.4459782               X  4.87153665e-18     -3.81702363               X  2.07310156e-4      
 300  -2.40412            15.353              4.42532222               X -11.1802491         -2.68723200e-1            X -9.99995221e-1      -5.21948822               X  2.25399298e5       -27.4214754               X  65.1338321         -17.4460177               X  4.86907732e-18     -3.81701656               X  2.07227687e-4      
 300  -2.04845            15.4525             4.52532222               X -2.52736253         -2.59778898e-1            X -9.99996121e-1      -5.31948822               X  2.83478917e5       -28.0040459               X  27.5973351         -17.4461071               X  4.86323698e-18     -3.81700052               X  2.07029399e-4      
 300  -1.44085            15.5504             4.61690549               X  2.65761960         -2.23542343e-1            X -9.99996634e-1      -5.41948822               X  3.55154958e5       -29.0040459               X  4.46173739         -17.4464695               X  4.83570927e-18     -3.81693555               X  2.06060196e-4      
 300  -1.42449            15.6476             4.51690549               X  2.48390398         -1.85914812e-1            X -9.99997066e-1      -5.51948822               X  4.44210562e5       -29.1718930               X  4.70129619         -17.4468458               X  4.80015107e-18     -3.81686805               X  2.04754101e-4      
 300  -1.39513            15.7438             4.41690549               X  2.35796692         -1.45655725e-1            X -9.99997420e-1      -5.61948822               X  5.54317568e5       -29.3611231               X  4.71344456         -17.4472483               X  4.75359388e-18     -3.81679577               X  2.02990002e-4      
 300  -1.37254            15.8387             4.31690549               X  2.25760604         -1.03246418e-1            X -9.99997714e-1      -5.71948822               X  6.89809247e5       -29.5609752               X  4.60912091         -17.4476724               X  4.69427308e-18     -3.81671956               X  2.00687917e-4      
 300  -1.35365            15.9323             4.21690549               X  2.16759654         -5.89518116e-2            X -9.99997959e-1      -5.81948822               X  8.55586451e5       -29.7650905               X  4.46072032         -17.4481154               X  4.62019483e-18     -3.81663986               X  1.97758798e-4      
 300  -1.33598            16.0241             4.11690549               X  2.08138563         -1.28178591e-2            X -9.99998163e-1      -5.91948822               X  1.05696680e6       -29.9708355               X  4.29854949         -17.4485767               X  4.52893823e-18     -3.81655672               X  1.94095920e-4      
 300  -1.31835            16.1137             4.01690549               X  1.99671088          3.52269696e-2            X -9.99998331e-1      -6.01948822               X  1.29937770e6       -30.1773109               X  4.13291333         -17.4490572               X  4.41763683e-18     -3.81646995               X  1.89573327e-4      
 300  -1.30032            16.2008             3.91690549               X  1.91287468          8.53092494e-2            X -9.99998467e-1      -6.11948822               X  1.58779900e6       -30.3842469               X  3.96702903         -17.4495580               X  4.28301211e-18     -3.81637928               X  1.84046693e-4      
 300  -1.28169            16.2846             3.81690549               X  1.82968630          1.37586509e-1            X -9.99998574e-1      -6.21948822               X  1.92582628e6       -30.5915803               X  3.80188270         -17.4500808               X  4.12143176e-18     -3.81628435               X  1.77355449e-4      
 300  -1.26238            16.3644             3.71690549               X  1.74711154          1.92240609e-1            X -9.99998655e-1      -6.31948822               X  2.31419527e6       -30.7993144               X  3.63779691         -17.4506273               X  3.92902204e-18     -3.81618473               X  1.69327324e-4      
 300  -1.24232            16.4391             3.61690549               X  1.66516417          2.49477862e-1            X -9.99998708e-1      -6.41948822               X  2.74859289e6       -31.0074750               X  3.47490551         -17.4511997               X  3.70188147e-18     -3.81607995               X  1.59787295e-4      
 300  -1.22146            16.5074             3.51690549               X  1.58387353          3.09531923e-1            X -9.99998732e-1      -6.51948822               X  3.21661859e6       -31.2160974               X  3.31329252         -17.4518002               X  3.43645860e-18     -3.81596944               X  1.48573688e-4      
 300  -1.19972            16.5675             3.41690549               X  1.50327529          3.72668197e-1            X -9.99998723e-1      -6.61948822               X  3.69392690e6       -31.4252235               X  3.15303185         -17.4524316               X  3.13017402e-18     -3.81585255               X  1.35564984e-4      
 300  -1.17704            16.617              3.31690549               X  1.42340905          4.39189528e-1            X -9.99998672e-1      -6.71948822               X  4.14000913e6       -31.6349011               X  2.99419853         -17.4530968               X  2.78237889e-18     -3.81572852               X  1.20721481e-4      
 300  -1.15333            16.6527             3.21690549               X  1.34431789          5.09443309e-1            X -9.99998562e-1      -6.81948822               X  4.49495021e6       -31.8451849               X  2.83687207         -17.4537993               X  2.39572694e-18     -3.81559650               X  1.04145418e-4      
 300  -1.1285             16.6702             3.11690549               X  1.26604855          5.83830369e-1            X -9.99998361e-1      -6.91948822               X  4.68001000e6       -32.0561374               X  2.68113778         -17.4545432               X  1.97795015e-18     -3.81545547               X  8.61594840e-5      
 300  -1.10245            16.6634             3.01690549               X  1.18865173          6.62816152e-1            X -9.99998003e-1      -7.01948822               X  4.60691131e6       -32.2678305               X  2.52708746         -17.4553331               X  1.54379117e-18     -3.81530430               X  6.73933937e-5      
 300  -1.07505            16.6235             2.91690549               X  1.11218256          7.46944916e-1            X -9.99997342e-1      -7.11948822               X  4.20209269e6       -32.4803475               X  2.37482019         -17.4561744               X  1.11635685e-18     -3.81514171               X  4.88467520e-5      
 300  -1.04618            16.5377             2.81690549               X  1.03670112          8.36857973e-1            X -9.99996017e-1      -7.21948822               X  3.44930083e6       -32.6937855               X  2.22444295         -17.4570735               X  7.26389155e-19     -3.81496628               X  3.18622595e-5      
 300  -1.01565            16.3874             2.71690549               X  9.62273034e-1       9.33317406e-1            X -9.99992970e-1      -7.31948822               X  2.44005781e6       -32.9082584               X  2.07607154         -17.4580381               X  4.07261913e-19     -3.81477643               X  1.79116445e-5      
 300  -0.983298           16.1439             2.61690549               X  8.88970189e-1       1.03723728               X -9.99984354e-1      -7.41948822               X  1.39274551e6       -33.1239011               X  1.92983139         -17.4590773               X  1.84207047e-19     -3.81457045               X  8.12480769e-6      
 300  -0.948887           15.7624             2.51690549               X  8.16871554e-1       1.14972524               X -9.99951205e-1      -7.51948822               X  5.78606784e5       -33.3408748               X  1.78585861         -17.4602022               X  6.06307721e-20     -3.81434639               X  2.68255670e-6      
 300  -0.912154           15.1706             2.41690549               X  7.46064183e-1       1.27213753               X -9.99747300e-1      -7.61948822               X  1.48102597e5       -33.5593741               X  1.64430108         -17.4614264               X  1.22927222e-20     -3.81410188               X  5.45723394e-7      
 300  -0.872776           14.2471             2.31690549               X  6.76644412e-1       1.40614038               X -9.97115375e-1      -7.71948822               X  1.76636720e4       -33.7796368               X  1.50531968         -17.4627667               X  1.16098343e-21     -3.81383388               X  5.17319549e-8      
 300  -0.83036            13.1361             2.21690549               X  6.08719325e-1       1.55350218               X -8.82255929e-1      -7.81948822               X  6.07565536e2       -34.0019574               X  1.36908964         -17.4642446               X  3.16126044e-23     -3.81353831               X  1.41438160e-9      
 300  -3.78359            13.336              2.21680530               X  2.53394834e-1       1.55364739               X -9.06048435e-1      -7.91948822               X  7.61681438e2       -34.0021826               X  2.16863958         -17.4642463               X  3.14803008e-23     -3.81353798               X  1.40846860e-9      
 300  -3.88177            13.5358             2.21677203               X -3.09130428e-1       1.55376635               X -9.25094427e-1      -8.01948822               X  9.55613365e2       -34.0024671               X  3.43475983         -17.4642476               X  3.13723032e-23     -3.81353772               X  1.40364174e-9      
 300  -3.98028            13.7355             2.21680438               X -1.19958794          1.55386315               X -9.40320556e-1      -8.11948822               X  1.19968819e3       -34.0028265               X  5.43930349         -17.4642486               X  3.12846663e-23     -3.81353751               X  1.39972479e-9      
 300  -4.07907            13.9351             2.21690437               X -2.60882405          1.55394154               X -9.52478938e-1      -8.21948822               X  1.50690333e3       -34.0032798               X  8.61210414         -17.4642495               X  3.12138760e-23     -3.81353734               X  1.39656074e-9      
 300  -4.17809            14.1345             2.21707749               X -4.83832051          1.55400474               X -9.62178201e-1      -8.31948822               X  1.89361880e3       -34.0038512               X  13.6323657         -17.4642501               X  3.11568972e-23     -3.81353721               X  1.39401396e-9      
 300  -4.27729            14.3339             2.21733300               X -8.36393163          1.55405555               X -9.69909429e-1      -8.41948822               X  2.38042841e3       -34.0045711               X  21.5725089         -17.4642507               X  3.11111626e-23     -3.81353710               X  1.39196975e-9      
 300  -4.37666            14.533              2.21768436               X -13.9359440          1.55409630               X -9.76067814e-1      -8.51948822               X  2.99325641e3       -34.0054773               X  34.1241799         -17.4642511               X  3.10745335e-23     -3.81353702               X  1.39033251e-9      
 300  -4.47614            14.732              2.21814994               X -22.7357720          1.55412891               X -9.80970642e-1      -8.61948822               X  3.76473806e3       -34.0066173               X  53.9525533         -17.4642514               X  3.10452475e-23     -3.81353695               X  1.38902348e-9      
 300  -4.57573            14.9307             2.21875385               X -36.6205863          1.55415497               X -9.84872152e-1      -8.71948822               X  4.73595750e3       -34.0080504               X  85.2501902         -17.4642517               X  3.10218642e-23     -3.81353690               X  1.38797829e-9      
 300  -4.67541            15.129              2.21952710               X -58.5037340          1.55417576               X -9.87975724e-1      -8.81948822               X  5.95863569e3       -34.0098504               X  1.34599779e2       -17.4642519               X  3.10032140e-23     -3.81353686               X  1.38714465e-9      
 300  -4.77515            15.327              2.22050893               X -92.9434323          1.55419234               X -9.90443836e-1      -8.91948822               X  7.49788466e3       -34.0121093               X  2.12312038e2       -17.4642521               X  3.09883515e-23     -3.81353682               X  1.38648031e-9      
 300  -4.87494            15.5244             2.22174853               X -1.47048159e2        1.55420555               X -9.92406140e-1      -9.01948822               X  9.43567504e3       -34.0149409               X  3.34488898e2       -17.4642522               X  3.09765153e-23     -3.81353680               X  1.38595125e-9      
 300  -4.97477            15.7211             2.22330695               X -2.31858345e2        1.55421607               X -9.93966003e-1      -9.11948822               X  1.18752012e4       -34.0184858               X  5.26182852e2       -17.4642523               X  3.09670942e-23     -3.81353678               X  1.38553014e-9      
 300  -3.36522            15.713              2.32330695               X -2.17738668e2        1.55464476               X -9.95142456e-1      -9.21948822               X  1.47658343e4       -34.2454269               X  5.16439567e2       -17.4642566               X  3.05853289e-23     -3.81353591               X  1.36846550e-9      
 300  -3.33794            15.6939             2.42330695               X -1.99663809e2        1.55510180               X -9.96086020e-1      -9.31948822               X  1.83448113e4       -34.4826097               X  4.94172470e2       -17.4642612               X  3.01830985e-23     -3.81353500               X  1.35048582e-9      
 300  -3.3003             15.6637             2.52330695               X -1.78729681e2        1.55560068               X -9.96842124e-1      -9.41948822               X  2.27633175e4       -34.7301114               X  4.60997806e2       -17.4642662               X  2.97495993e-23     -3.81353399               X  1.33110814e-9      
 300  -3.2522             15.6224             2.62330695               X -1.56120690e2        1.55615842               X -9.97447418e-1      -9.51948822               X  2.81973725e4       -34.9880411               X  4.19205363e2       -17.4642718               X  2.92717449e-23     -3.81353287               X  1.30974740e-9      
 300  -3.19346            15.57               2.72330695               X -1.32999099e2        1.55679731               X -9.97931387e-1      -9.61948822               X  3.48456076e4       -35.2565541               X  3.71497625e2       -17.4642782               X  2.87330418e-23     -3.81353159               X  1.28566619e-9      
 300  -3.12385            15.5061             2.82330695               X -1.10408813e2        1.55754764               X -9.98317669e-1      -9.71948822               X  4.29206472e4       -35.5358767               X  3.20703775e2       -17.4642857               X  2.81120364e-23     -3.81353009               X  1.25790530e-9      
 300  -3.043              15.4306             2.92330695               X -89.2040365          1.55845184               X -9.98625123e-1      -9.81948822               X  5.26281470e4       -35.8263452               X  2.69509518e2       -17.4642948               X  2.73801023e-23     -3.81352828               X  1.22518474e-9      
 300  -2.95038            15.3429             3.02330695               X -70.0082476          1.55957133               X -9.98868667e-1      -9.91948822               X  6.41225606e4       -36.1284711               X  2.20236794e2       -17.4643060               X  2.64982159e-23     -3.81352604               X  1.18575946e-9      
 300  -2.84515            15.2423             3.12330695               X -53.2037144          1.56099812               X -9.99059891e-1      -10.0194882               X  7.74194577e4       -36.4430566               X  1.74695313e2       -17.4643203               X  2.54121622e-23     -3.81352318               X  1.13720490e-9      
 300  -2.72594            15.1275             3.22330695               X -38.9473168          1.56287592               X -9.99207409e-1      -10.1194882               X  9.22267474e4       -36.7714065               X  1.34113488e2       -17.4643391               X  2.40452662e-23     -3.81351942               X  1.07609162e-9      
 300  -2.59048            15.0319             3.32330695               X -27.2053788          1.56544145               X -9.99316774e-1      -10.2194882               X  1.07623433e5       -37.1157498               X  99.1426918         -17.4643648               X  2.22871154e-23     -3.81351429               X  9.97480311e-10     
 300  -2.43465            15.0844             3.42330695               X -17.7987192          1.56911468               X -9.99389400e-1      -10.3194882               X  1.21447213e5       -37.4801692               X  69.9177440         -17.4644015               X  1.99755074e-23     -3.81350693               X  8.94112976e-10     
 300  -2.25039            15.111              3.52330695               X -10.4486561          1.57472964               X -9.99418168e-1      -10.4194882               X  1.29110600e5       -37.8729882               X  46.1478156         -17.4644577               X  1.68661508e-23     -3.81349570               X  7.55053941e-10     
 300  -2.01906            15.0837             3.62330695               X -4.81291914          1.58429468               X -9.99366617e-1      -10.5194882               X  1.21243527e5       -38.3146413               X  27.1980296         -17.4645534               X  1.25781549e-23     -3.81347656               X  5.63240381e-10     
 300  -1.68241            14.8974             3.72330695               X -4.84946860e-1       1.60505893               X -9.98979768e-1      -10.6194882               X  7.89569049e4       -38.8797252               X  12.0550278         -17.4647612               X  6.50340374e-24     -3.81343500               X  2.91384799e-10     
 300  -1.08113            13.7072             3.76353806               X  2.25506410          1.68793411               X -9.80868176e-1      -10.7194882               X  5.09574548e3       -39.8797252               X  1.93104962         -17.4655908               X  3.32758172e-25     -3.81326908               X  1.49434345e-11     
 300  -4.70721            13.8069             3.76349381               X  1.95768716          1.68795336               X -9.84790849e-1      -10.8194882               X  6.41030050e3       -39.8797631               X  3.06020483         -17.4655910               X  3.32505777e-25     -3.81326904               X  1.49321080e-11     
 300  -4.80688            13.9066             3.76346327               X  1.48648613          1.68796872               X -9.87911200e-1      -10.9194882               X  8.06520719e3       -39.8798108               X  4.84952587         -17.4655911               X  3.32304467e-25     -3.81326901               X  1.49230741e-11     
 300  -4.90662            14.0064             3.76344484               X  7.39852603e-1       1.68798097               X -9.90392619e-1      -11.0194882               X  1.01485954e4       -39.8798709               X  7.68487940         -17.4655913               X  3.32144039e-25     -3.81326899               X  1.49158747e-11     
 300  -0.885581           13.3704             3.66715850               X  2.34644074          1.81687324               X  2.81073996         -11.1194882               X  34.4265829         -40.8798709               X  1.18709057         -17.4668927               X  8.92304367e-28     -3.81300870               X  4.02158261e-14     
 300  -2.53689            13.3337             3.66034272               X  2.15605577          1.80870879               X  9.33736447e-1      -11.2194882               X  66.5796492         -40.8833162               X  1.86310838         -17.4669217               X  1.37066573e-27     -3.81300289               X  6.17803533e-14     
 300  -2.82334            13.4669             3.65710441               X  1.86299395          1.80730635               X  4.23379164e-1      -11.3194882               X  90.1603826         -40.8861130               X  2.93130139         -17.4669367               X  1.47431668e-27     -3.81299989               X  6.64549959e-14     
 300  -2.95502            13.6635             3.65503809               X  1.40584143          1.80683677               X  1.02220010e-1      -11.4194882               X  1.16305024e2       -40.8893631               X  4.60858072         -17.4669478               X  1.51064500e-27     -3.81299767               X  6.80945858e-14     
 300  -3.0656             13.8594             3.65382934               X  6.91964060e-1       1.80674888               X -1.28633289e-1      -11.5194882               X  1.47088226e2       -40.8933247               X  7.23541168         -17.4669564               X  1.51751592e-27     -3.81299595               X  6.84059279e-14     
 300  -3.16758            14.0545             3.65335890               X -4.20973096e-1       1.80683633               X -3.04562630e-1      -11.6194882               X  1.84335213e2       -40.8982431               X  11.3367724         -17.4669632               X  1.51062564e-27     -3.81299459               X  6.80966100e-14     
 300  -3.26561            14.2483             3.65358727               X -2.15039308          1.80700156               X -4.42627624e-1      -11.7194882               X  2.30083837e2       -40.9043927               X  17.7160453         -17.4669687               X  1.49771518e-27     -3.81299350               X  6.75156390e-14     
 300  -3.36189            14.4408             3.65452189               X -4.82548220          1.80719393               X -5.52623105e-1      -11.8194882               X  2.86781002e2       -40.9120921               X  27.5916356         -17.4669730               X  1.48282245e-27     -3.81299264               X  6.68450909e-14     
 300  -3.45755            14.6313             3.65620452               X -8.93906992          1.80738663               X -6.40903500e-1      -11.9194882               X  3.57441895e2       -40.9217129               X  42.7912235         -17.4669765               X  1.46804964e-27     -3.81299194               X  6.61797760e-14     
 300  -3.55321            14.8197             3.65870537               X -15.2189184          1.80756593               X -7.11971747e-1      -12.0194882               X  4.45821325e2       -40.9336841               X  66.0203269         -17.4669793               X  1.45443169e-27     -3.81299138               X  6.55663846e-14     
 300  -3.64916            15.0053             3.66211905               X -24.7221606          1.80772563               X -7.69219770e-1      -12.1194882               X  5.56617718e2       -40.9484926               X  1.01220964e2       -17.4669815               X  1.44240518e-27     -3.81299093               X  6.50246276e-14     
 300  -3.74556            15.1876             3.66656055               X -38.9548213          1.80786383               X -8.15304452e-1      -12.2194882               X  6.95724660e2       -40.9666774               X  1.54030661e2       -17.4669833               X  1.43207528e-27     -3.81299057               X  6.45592688e-14     
 300  -3.84244            15.3661             3.67215972               X -60.0147756          1.80798102               X -8.52354641e-1      -12.3194882               X  8.70544973e2       -40.9888169               X  2.32340171e2       -17.4669848               X  1.42337136e-27     -3.81299028               X  6.41671433e-14     
 300  -3.93979            15.5402             3.67905365               X -90.7513240          1.80807893               X -8.82095835e-1      -12.4194882               X  1.09038476e3       -41.0155058               X  3.46930451e2       -17.4669859               X  1.41613820e-27     -3.81299005               X  6.38412669e-14     
 300  -4.03758            15.7094             3.68737652               X -1.34929262e2        1.80815982               X -9.05932932e-1      -12.5194882               X  1.36694869e3       -41.0473230               X  5.12150498e2       -17.4669868               X  1.41018847e-27     -3.81298987               X  6.35732071e-14     
 300  -4.13575            15.8731             3.69724736               X -1.97383050e2        1.80822610               X -9.25010349e-1      -12.6194882               X  1.71496303e3       -41.0847896               X  7.46588582e2       -17.4669876               X  1.40533213e-27     -3.81298972               X  6.33544047e-14     
 300  -4.23425            16.0309             3.70875682               X -2.84151631e2        1.80828004               X -9.40258771e-1      -12.7194882               X  2.15295960e3       -41.1283233               X  1.07370531e3       -17.4669881               X  1.40139161e-27     -3.81298961               X  6.31768618e-14     
 300  -4.33304            16.1825             3.72195501               X -4.02599410e2        1.80832371               X -9.52433099e-1      -12.8194882               X  2.70426253e3       -41.1781944               X  1.52244883e3       -17.4669886               X  1.39820876e-27     -3.81298951               X  6.30334551e-14     
 300  -4.43205            16.328              3.73684259               X -5.61551942e2        1.80835893               X -9.62143877e-1      -12.9194882               X  3.39823019e3       -41.2344925               X  2.12795559e3       -17.4669890               X  1.39564702e-27     -3.81298944               X  6.29180321e-14     
 300  -4.53125            16.4672             3.75336743               X -7.71497897e2        1.80838724               X -9.69883504e-1      -13.0194882               X  4.27181856e3       -41.2971120               X  2.93252688e3       -17.4669893               X  1.39359090e-27     -3.81298938               X  6.28253900e-14     
 300  -4.63061            16.6007             3.77142760               X -1.04492084e3        1.80840995               X -9.76048077e-1      -13.1194882               X  5.37154917e3       -41.3657602               X  3.98712393e3       -17.4669895               X  1.39194420e-27     -3.81298933               X  6.27511946e-14     
 300  -4.7301             16.7286             3.79088048               X -1.39681917e3        1.80842812               X -9.80955511e-1      -13.2194882               X  6.75598657e3       -41.4399869               X  5.35361750e3       -17.4669897               X  1.39062765e-27     -3.81298930               X  6.26918746e-14     
 300  -4.82969            16.8517             3.81155576               X -1.84545454e3        1.80844264               X -9.84860480e-1      -13.3194882               X  8.49885698e3       -41.5192294               X  7.10797523e3       -17.4669898               X  1.38957648e-27     -3.81298927               X  6.26445119e-14     
 300  -4.92936            16.9706             3.83326991               X -2.41335084e3        1.80845422               X -9.87966674e-1      -13.4194882               X  1.06929746e4       -41.6028639               X  9.34451313e3       -17.4669900               X  1.38873810e-27     -3.81298924               X  6.26067365e-14     
 300  -4.38262            16.7944             3.93326991               X -1.56717388e3        1.80849516               X -9.90420294e-1      -13.5194882               X  1.34329981e4       -41.9900646               X  6.22934883e3       -17.4669904               X  1.38578022e-27     -3.81298916               X  6.24734614e-14     
 300  -4.19512            16.6078             4.03326991               X -9.93381212e2        1.80855836               X -9.92364378e-1      -13.6194882               X  1.68555880e4       -42.3875539               X  4.05288337e3       -17.4669910               X  1.38122577e-27     -3.81298903               X  6.22682484e-14     
 300  -3.99712            16.4103             4.13326991               X -6.14102952e2        1.80865826               X -9.93901772e-1      -13.7194882               X  2.11098218e4       -42.7955425               X  2.57231180e3       -17.4669920               X  1.37405566e-27     -3.81298883               X  6.19451790e-14     
 300  -3.78824            16.2017             4.23326991               X -3.69654819e2        1.80882010               X -9.95113172e-1      -13.8194882               X  2.63525752e4       -43.2144154               X  1.59128774e3       -17.4669936               X  1.36251469e-27     -3.81298851               X  6.14251650e-14     
 300  -3.5678             15.9813             4.33326991               X -2.15997423e2        1.80908930               X -9.96060968e-1      -13.9194882               X  3.27137100e4       -43.6448945               X  9.57919638e2       -17.4669964               X  1.34352337e-27     -3.81298797               X  6.05694473e-14     
 300  -3.33445            15.7477             4.43326991               X -1.21769307e2        1.80955045               X -9.96791535e-1      -14.0194882               X  4.02052842e4       -44.0883806               X  5.59338424e2       -17.4670010               X  1.31157742e-27     -3.81298704               X  5.91299992e-14     
 300  -3.08554            15.4979             4.53326991               X -65.3750067          1.81036904               X -9.97335060e-1      -14.1194882               X  4.84966292e4       -44.5477225               X  3.14736303e2       -17.4670092               X  1.25664942e-27     -3.81298540               X  5.66549594e-14     
 300  -2.81541            15.2259             4.63326991               X -32.4113760          1.81189460               X -9.97698994e-1      -14.2194882               X  5.63646567e4       -45.0291531               X  1.68237208e2       -17.4670245               X  1.16009660e-27     -3.81298234               X  5.23041688e-14     
 300  -2.5107             14.9161             4.73326991               X -13.5559524          1.81497284               X -9.97835310e-1      -14.3194882               X  6.03402421e4       -45.5482185               X  82.4258027         -17.4670553               X  9.86423662e-28     -3.81297617               X  4.44777344e-14     
 300  -2.13213            14.7102             4.83326991               X -2.92353585          1.82233370               X -9.97410922e-1      -14.4194882               X  5.13119534e4       -46.1562525               X  32.8885314         -17.4671291               X  6.66194761e-28     -3.81296141               X  3.00447719e-14     
 300  -1.51703            14.0768             4.92216487               X  2.85128333          1.85266164               X -9.88063421e-1      -14.5194882               X  1.19347064e4       -47.1562525               X  5.30767693         -17.4674332               X  1.22995816e-28     -3.81290060               X  5.55166071e-15     
 300  -1.45504            13.7299             4.82216487               X  2.71649354          1.88731492               X -9.17794543e-1      -14.6194882               X  1.87691355e3       -47.3423679               X  5.36954059         -17.4677839               X  1.53522541e-29     -3.81283046               X  6.93626361e-16     
 300  -4.27344            13.9296             4.82202014               X  2.07080292          1.88736382               X -9.34494759e-1      -14.7194882               X  2.35568802e3       -47.3426539               X  8.50429186         -17.4677844               X  1.53054153e-29     -3.81283035               X  6.91511169e-16     
 300  -4.37212            14.1292             4.82193224               X  1.04874590          1.88740349               X -9.47833469e-1      -14.8194882               X  2.95829537e3       -47.3430149               X  13.4669524         -17.4677849               X  1.52675185e-29     -3.81283027               X  6.89799770e-16     
 300  -4.47104            14.3288             4.82189678               X -5.68703067e-1       1.88743553               X -9.58476562e-1      -14.9194882               X  3.71682592e3       -47.3434701               X  21.3211665         -17.4677852               X  1.52369767e-29     -3.81283020               X  6.88420509e-16     
 300  -4.57017            14.5282             4.82191208               X -3.12753490          1.88746132               X -9.66961615e-1      -15.0194882               X  4.67167370e3       -47.3440437               X  33.7472756         -17.4677855               X  1.52124378e-29     -3.81283014               X  6.87312329e-16     
 300  -4.66947            14.7275             4.82197903               X -7.17384767          1.88748202               X -9.73721464e-1      -15.1194882               X  5.87368754e3       -47.3447660               X  53.3976749         -17.4677857               X  1.51927692e-29     -3.81283010               X  6.86424089e-16     
 300  -4.76891            14.9266             4.82210117               X -13.5686685          1.88749860               X -9.79103786e-1      -15.2194882               X  7.38687886e3       -47.3456751               X  84.4547706         -17.4677858               X  1.51770340e-29     -3.81283007               X  6.85713480e-16     
 300  -4.86846            15.1255             4.82228485               X -23.6677639          1.88751185               X -9.83387287e-1      -15.3194882               X  9.29183048e3       -47.3468184               X  1.33504935e2       -17.4677860               X  1.51644643e-29     -3.81283004               X  6.85145824e-16     
 300  -4.9681             15.3241             4.82253957               X -39.6023499          1.88752243               X -9.86795001e-1      -15.4194882               X  1.16899879e4       -47.3482552               X  2.10903267e2       -17.4677861               X  1.51544350e-29     -3.81283002               X  6.84692896e-16     
 300  -2.59772            15.0004             4.92253957               X -16.2699022          1.89001419               X -9.87667587e-1      -15.5194882               X  1.25891414e4       -47.8808051               X  1.00088623e2       -17.4678113               X  1.29627322e-29     -3.81282497               X  5.85710379e-16     
 300  -2.21138            14.5939             5.02253957               X -3.74026111          1.89608471               X -9.85412471e-1      -15.6194882               X  1.07927715e4       -48.4959755               X  39.2544414         -17.4678728               X  8.82616327e-30     -3.81281268               X  3.98870654e-16     
 300  -1.59388            13.8019             5.11782449               X  2.88750350          1.92118856               X -9.36246409e-1      -15.7194882               X  2.61645882e3       -49.4959755               X  6.33864074         -17.4681276               X  1.69862739e-30     -3.81276172               X  7.68181698e-17     
 300  -4.41771            14.0017             5.11771413               X  2.16887401          1.92122434               X -9.49231998e-1      -15.8194882               X  3.28597511e3       -49.4962177               X  10.0402520         -17.4681279               X  1.69452549e-30     -3.81276165               X  7.66327479e-17     
 300  -4.51666            14.2014             5.11764813               X  1.03111676          1.92125323               X -9.59592090e-1      -15.9194882               X  4.12873343e3       -49.4965232               X  15.9013329         -17.4681282               X  1.69122105e-30     -3.81276159               X  7.64833731e-17     
 300  -4.61582            14.401              5.11762315               X -7.69863456e-1       1.92127647               X -9.67850703e-1      -16.0194882               X  5.18961323e3       -49.4969083               X  25.1794541         -17.4681285               X  1.68856694e-30     -3.81276154               X  7.63633953e-17     
 300  -4.71513            14.6006             5.11763799               X -3.61985753          1.92129512               X -9.74429614e-1      -16.1194882               X  6.52510992e3       -49.4973935               X  39.8623035         -17.4681287               X  1.68644013e-30     -3.81276150               X  7.62672538e-17     
 300  -4.81459            14.7999             5.11769346               X -8.12817301          1.92131006               X -9.79667519e-1      -16.2194882               X  8.20634336e3       -49.4980044               X  63.0893680         -17.4681288               X  1.68473899e-30     -3.81276147               X  7.61903540e-17     
 300  -4.91415            14.9992             5.11779251               X -15.2562721          1.92132200               X -9.83835861e-1      -16.3194882               X  1.03228452e4       -49.4987732               X  99.8149861         -17.4681290               X  1.68338029e-30     -3.81276145               X  7.61289339e-17     
 300  -2.18345            14.5533             5.21779251               X -2.58946039          1.92777073               X -9.79787044e-1      -16.4194882               X  8.37858925e3       -50.1530220               X  35.7516238         -17.4681945               X  1.08514600e-30     -3.81274834               X  4.90833664e-17     
 300  -4.92317            14.7529             5.21782342               X -6.56035070          1.92778242               X -9.83930966e-1      -16.5194882               X  1.05395638e4       -50.1534487               X  56.6071952         -17.4681946               X  1.08427587e-30     -3.81274831               X  4.90440245e-17     
 300  -1.81693            14.0982             5.31782342               X  1.97525649          1.94278057               X -9.62374361e-1      -16.6194882               X  4.65936439e3       -51.0163019               X  12.5374670         -17.4683471               X  3.80619821e-31     -3.81271783               X  1.72234690e-17     
 300  -4.66833            14.2979             5.31778102               X  6.07362093e-1       1.94280122               X -9.70067613e-1      -16.7194882               X  5.85719736e3       -51.0165710               X  19.8580822         -17.4683473               X  3.80061929e-31     -3.81271778               X  1.71982339e-17     
 300  -4.76769            14.4976             5.31777065               X -1.55825830          1.94281778               X -9.76194979e-1      -16.8194882               X  7.36510939e3       -51.0169100               X  31.4483194         -17.4683474               X  3.79615154e-31     -3.81271775               X  1.71780250e-17     
 300  -4.86718            14.6972             5.31779181               X -4.98593501          1.94283104               X -9.81072619e-1      -16.9194882               X  9.26340211e3       -51.0173370               X  49.7934459         -17.4683476               X  3.79257973e-31     -3.81271772               X  1.71618686e-17     
 300  -4.96677            14.8966             5.31784564               X -10.4093288          1.94284163               X -9.84953771e-1      -17.0194882               X  1.16531664e4       -51.0178745               X  78.8204721         -17.4683477               X  3.78972803e-31     -3.81271770               X  1.71489694e-17     
 300  -2.01742            14.3475             5.41784564               X  3.35412272e-1       1.95230385               X -9.75908164e-1      -17.1194882               X  7.43813306e3       -51.7750748               X  22.2576025         -17.4684437               X  1.92102038e-31     -3.81269849               X  8.69515311e-18     
 300  -4.87146            14.5472             5.41784113               X -2.04792336          1.95231697               X -9.80844366e-1      -17.2194882               X  9.35514310e3       -51.7753740               X  35.2515973         -17.4684439               X  1.91919158e-31     -3.81269846               X  8.68687860e-18     
 300  -4.97105            14.7468             5.41786302               X -5.82079594          1.95232745               X -9.84772190e-1      -17.3194882               X  1.17684696e4       -51.7757508               X  55.8217876         -17.4684440               X  1.91773138e-31     -3.81269844               X  8.68027186e-18     
 300  -1.76498            13.9957             5.51786302               X  2.73444082          1.96924562               X -9.56012867e-1      -17.4194882               X  4.23594160e3       -52.7347397               X  9.90166782         -17.4686158               X  5.48082522e-32     -3.81266408               X  2.48197648e-18     
 300  -4.62695            14.1954             5.51779846               X  1.69278556          1.96926819               X -9.64998400e-1      -17.5194882               X  5.32365981e3       -52.7349735               X  15.6844601         -17.4686160               X  5.47149553e-32     -3.81266403               X  2.47775317e-18     
 300  -4.72621            14.3952             5.51776667               X  4.34590693e-2       1.96928632               X -9.72158020e-1      -17.6194882               X  6.69292865e3       -52.7352681               X  24.8411952         -17.4686162               X  5.46401346e-32     -3.81266399               X  2.47436622e-18     
 300  -4.82562            14.5948             5.51776602               X -2.56747612          1.96930085               X -9.77859332e-1      -17.7194882               X  8.41666641e3       -52.7356392               X  39.3370054         -17.4686164               X  5.45802512e-32     -3.81266396               X  2.47165544e-18     
 300  -4.92514            14.7943             5.51779652               X -6.69947773          1.96931246               X -9.82397143e-1      -17.8194882               X  1.05866682e4       -52.7361066               X  62.2782388         -17.4686165               X  5.45323986e-32     -3.81266394               X  2.46948925e-18     
 300  -1.82604            14.0725             5.61779652               X  2.52703813          1.98397625               X -9.55422415e-1      -17.9194882               X  4.32404006e3       -53.6656901               X  11.8169538         -17.4687657               X  1.76862492e-32     -3.81263409               X  8.01248812e-19     
 300  -4.63589            14.2722             5.61773808               X  1.30619364          1.98399835               X -9.64527825e-1      -18.0194882               X  5.43426137e3       -53.6659633               X  18.7166356         -17.4687660               X  1.76557562e-32     -3.81263404               X  7.99867882e-19     
 300  -4.73514            14.4719             5.61771404               X -6.26569759e-1       1.98401609               X -9.71783223e-1      -18.1194882               X  6.83185572e3       -53.6663077               X  29.6402278         -17.4687662               X  1.76312987e-32     -3.81263400               X  7.98760276e-19     
 300  -4.83454            14.6714             5.61772322               X -3.68560772          1.98403032               X -9.77560976e-1      -18.2194882               X  8.59124983e3       -53.6667416               X  46.9297676         -17.4687663               X  1.76117219e-32     -3.81263397               X  7.97873701e-19     
 300  -4.93406            14.8709             5.61776612               X -8.52558496          1.98404170               X -9.82159739e-1      -18.3194882               X  1.08061377e4       -53.6672878               X  74.2857412         -17.4687664               X  1.75960768e-32     -3.81263395               X  7.97165182e-19     
 300  -1.93072            14.2072             5.71776612               X  1.91626608          1.99556184               X -9.63790918e-1      -18.4194882               X  5.46731783e3       -54.5386033               X  16.1141261         -17.4688837               X  7.06972272e-33     -3.81261049               X  3.20387531e-19     
 300  -4.73777            14.4069             5.71773107               X  2.80664795e-1       1.99557947               X -9.71196249e-1      -18.5194882               X  6.87322275e3       -54.5388980               X  25.5216879         -17.4688839               X  7.05973331e-33     -3.81261046               X  3.19934990e-19     
 300  -4.83716            14.6065             5.71772698               X -2.30853937          1.99559360               X -9.77093682e-1      -18.6194882               X  8.64307574e3       -54.5392693               X  40.4145530         -17.4688840               X  7.05173607e-33     -3.81261043               X  3.19572697e-19     
 300  -4.93667            14.8061             5.71775369               X -6.40614503          1.99560491               X -9.81787888e-1      -18.7194882               X  1.08711277e4       -54.5397369               X  63.9841218         -17.4688842               X  7.04534417e-33     -3.81261040               X  3.19283129e-19     
 300  -1.8066             14.0147             5.81775369               X  3.04976397          2.01093063               X -9.47640610e-1      -18.8194882               X  3.91711252e3       -55.5385142               X  10.3461894         -17.4690403               X  2.01575415e-33     -3.81257918               X  9.13899921e-20     
 300  -4.59297            14.2145             5.81767583               X  2.01730444          2.01095482               X -9.58323458e-1      -18.9194882               X  4.92145066e3       -55.5387783               X  16.3874185         -17.4690405               X  2.01170546e-33     -3.81257913               X  9.12064977e-20     
 300  -4.69209            14.4142             5.81763484               X  3.82746664e-1       2.01097429               X -9.66840056e-1      -19.0194882               X  6.18572337e3       -55.5391112               X  25.9522218         -17.4690407               X  2.00845243e-33     -3.81257909               X  9.10590634e-20     
 300  -4.79139            14.6137             5.81762866               X -2.20440877          2.01098992               X -9.73624941e-1      -19.1194882               X  7.77725738e3       -55.5395308               X  41.0917418         -17.4690409               X  2.00584498e-33     -3.81257906               X  9.09408876e-20     
 300  -4.89083            14.8132             5.81765700               X -6.29799125          2.01100244               X -9.79027137e-1      -19.2194882               X  9.78080743e3       -55.5400591               X  65.0471555         -17.4690410               X  2.00375895e-33     -3.81257903               X  9.08463433e-20     
 300  -4.99037            15.0126             5.81772139               X -12.7724373          2.01101245               X -9.83326416e-1      -19.3194882               X  1.23030697e4       -55.5407242               X  1.02936181e2       -17.4690411               X  2.00209254e-33     -3.81257901               X  9.07708174e-20     
 300  -2.10627            14.414              5.91772139               X  5.59058845e-1       2.01871127               X -9.74293421e-1      -19.4194882               X  8.12263558e3       -56.3466407               X  25.9424057         -17.4691194               X  1.04975836e-33     -3.81256335               X  4.76042132e-20     
 300  -4.9097             14.6137             5.91771451               X -1.98522194          2.01872326               X -9.79559246e-1      -19.5194882               X  1.02154226e4       -56.3469600               X  41.0856699         -17.4691195               X  1.04869352e-33     -3.81256333               X  4.75559417e-20     
 300  -1.61368            13.8171             5.96603477               X  3.87199307          2.04256571               X -8.63623397e-1      -19.6194882               X  1.61754302e3       -57.3469600               X  6.56450423         -17.4693629               X  1.31827096e-34     -3.81251465               X  5.98209031e-21     
 300  -4.20886            14.0167             5.96579539               X  3.23347545          2.04261910               X -8.91140677e-1      -19.7194882               X  2.02667200e3       -57.3473658               X  10.3939072         -17.4693635               X  1.31199354e-34     -3.81251453               X  5.95361461e-21     
 300  -4.30678            14.2162             5.96563585               X  2.22333373          2.04266307               X -9.13180654e-1      -19.8194882               X  2.54142068e3       -57.3478786               X  16.4533555         -17.4693640               X  1.30684565e-34     -3.81251443               X  5.93026237e-21     
 300  -4.40508            14.4156             5.96554836               X  6.25766207e-1       2.04269901               X -9.30809348e-1      -19.9194882               X  3.18919871e3       -57.3485260               X  26.0375898         -17.4693644               X  1.30265354e-34     -3.81251435               X  5.91124565e-21     
 300  -4.50368            14.6148             5.96552874               X -1.89964497          2.04272819               X -9.44892617e-1      -20.0194882               X  4.00450093e3       -57.3493424               X  41.1891624         -17.4693647               X  1.29925808e-34     -3.81251429               X  5.89584271e-21     
 300  -4.60255            14.8138             5.96557618               X -5.88925277          2.04275179               X -9.56131825e-1      -20.1194882               X  5.03074402e3       -57.3503709               X  65.1265163         -17.4693650               X  1.29651934e-34     -3.81251424               X  5.88341874e-21     
 300  -4.70163            15.0125             5.96569325               X -12.1868465          2.04277079               X -9.65093479e-1      -20.2194882               X  6.32257841e3       -57.3516655               X  1.02913363e2       -17.4693652               X  1.29431744e-34     -3.81251420               X  5.87343009e-21     
 300  -4.80089            15.2109             5.96588600               X -22.1173614          2.04278606               X -9.72233920e-1      -20.3194882               X  7.94879853e3       -57.3532932               X  1.62501744e2       -17.4693654               X  1.29255167e-34     -3.81251417               X  5.86541980e-21     
 300  -4.9003             15.4088             5.96616425               X -37.7563098          2.04279829               X -9.77919863e-1      -20.4194882               X  9.99600621e3       -57.3553375               X  2.56350296e2       -17.4693655               X  1.29113845e-34     -3.81251414               X  5.85900885e-21     
 300  -4.99983            15.6063             5.96654196               X -62.3453623          2.04280807               X -9.82445379e-1      -20.5194882               X  1.25732225e4       -57.3579020               X  4.03921196e2       -17.4693656               X  1.29000917e-34     -3.81251412               X  5.85388597e-21     
 300  -2.7948             15.1656             6.06654196               X -18.9337536          2.04438388               X -9.83883376e-1      -20.6194882               X  1.37448439e4       -58.0057773               X  1.46419548e2       -17.4693816               X  1.12013397e-34     -3.81251091               X  5.08324072e-21     
 300  -2.27724            14.5993             6.16654196               X -1.24402366          2.04958034               X -9.79287898e-1      -20.7194882               X  1.08239595e4       -58.7790976               X  39.7502468         -17.4694344               X  7.00589298e-35     -3.81250035               X  3.17978375e-21     
 300  -1.59933            13.8015             6.19783875               X  4.18183256          2.07421698               X -8.25896726e-1      -20.8194882               X  1.36282482e3       -59.7790976               X  6.33178728         -17.4696860               X  7.00270445e-36     -3.81245003               X  3.18054670e-22     
 300  -4.13444            14.001              6.19753189               X  3.58899208          2.07427758               X -8.60877316e-1      -20.9194882               X  1.70572740e3       -59.7795621               X  10.0239848         -17.4696867               X  6.96201021e-36     -3.81244989               X  3.16207026e-22     
 300  -4.23191            14.2004             6.19732149               X  2.65140468          2.07432805               X -8.88940418e-1      -21.0194882               X  2.13698762e3       -59.7801497               X  15.8649288         -17.4696873               X  6.92829627e-36     -3.81244977               X  3.14676285e-22     
 300  -4.3298             14.3997             6.19719741               X  1.16908244          2.07436965               X -9.11420150e-1      -21.1194882               X  2.67956748e3       -59.7808921               X  25.1007749         -17.4696878               X  6.90062892e-36     -3.81244968               X  3.13420067e-22     
 300  -4.42806            14.5987             6.19715378               X -1.17322341          2.07440366               X -9.29402448e-1      -21.2194882               X  3.36235846e3       -59.7818288               X  39.6960577         -17.4696882               X  6.87808619e-36     -3.81244960               X  3.12396519e-22     
 300  -4.52664            14.7976             6.19718868               X -4.87177041          2.07443130               X -9.43769507e-1      -21.3194882               X  4.22171977e3       -59.7830093               X  62.7435718         -17.4696885               X  6.85981980e-36     -3.81244954               X  3.11567132e-22     
 300  -4.62549            14.9961             6.19730408               X -10.7064038          2.07445366               X -9.55236081e-1      -21.4194882               X  5.30341427e3       -59.7844955               X  99.1039799         -17.4696887               X  6.84508147e-36     -3.81244949               X  3.10897933e-22     
 300  -4.72456            15.1942             6.19750595               X -19.8999515          2.07447167               X -9.64379619e-1      -21.5194882               X  6.66504531e3       -59.7863642               X  1.56399911e2       -17.4696889               X  6.83322917e-36     -3.81244946               X  3.10359773e-22     
 300  -4.8238             15.3919             6.19780453               X -34.3646450          2.07448614               X -9.71665373e-1      -21.6194882               X  8.37912417e3       -59.7887107               X  2.46553263e2       -17.4696890               X  6.82372249e-36     -3.81244943               X  3.09928116e-22     
 300  -4.9232             15.589              6.19821465               X -57.0806540          2.07449773               X -9.77467282e-1      -21.7194882               X  1.05369315e4       -59.7916532               X  3.88147573e2       -17.4696892               X  6.81611275e-36     -3.81244940               X  3.09582590e-22     
 300  -2.75649            15.1159             6.29821465               X -15.3244129          2.07621016               X -9.78806107e-1      -21.8194882               X  1.12468115e4       -60.4716499               X  1.30590976e2       -17.4697067               X  5.77875801e-36     -3.81244590               X  2.62479442e-22     
 300  -2.18538            14.4705             6.39821465               X  8.04389328e-1       2.08259740               X -9.68195586e-1      -21.9194882               X  7.60571414e3       -61.3238194               X  29.5493775         -17.4697719               X  3.10370070e-36     -3.81243285               X  1.40999940e-22     
 300  -4.88114            14.6701             6.39820407               X -1.87600828          2.08261013               X -9.74704574e-1      -22.0194882               X  9.56308743e3       -61.3242079               X  46.7906544         -17.4697721               X  3.09982967e-36     -3.81243282               X  1.40824131e-22     
 300  -4.9806             14.8697             6.39822369               X -6.11764492          2.08262032               X -9.79886574e-1      -22.1194882               X  1.20271923e4       -61.3246972               X  74.0749165         -17.4697722               X  3.09673367e-36     -3.81243280               X  1.40683522e-22     
 300  -1.86967            14.0752             6.48081207               X  3.65566989          2.09584882               X -9.38551475e-1      -22.2194882               X  4.05851679e3       -62.3246972               X  11.8908186         -17.4699072               X  8.29797166e-37     -3.81240580               X  3.77114580e-23     
 300  -4.60837            14.2749             6.48072200               X  2.59001721          2.09587194               X -9.51072894e-1      -22.3194882               X  5.09744334e3       -62.3249902               X  18.8327088         -17.4699074               X  8.27859735e-37     -3.81240575               X  3.76234340e-23     
 300  -4.70735            14.4745             6.48067119               X  9.03108429e-1       2.09589060               X -9.61060794e-1      -22.4194882               X  6.40521194e3       -62.3253596               X  29.8222200         -17.4699076               X  8.26299826e-37     -3.81240571               X  3.75525617e-23     
 300  -4.80653            14.6741             6.48065709               X -1.76651760          2.09590561               X -9.69021480e-1      -22.5194882               X  8.05146537e3       -62.3258252               X  47.2142888         -17.4699078               X  8.25047458e-37     -3.81240568               X  3.74956620e-23     
 300  -4.90587            14.8735             6.48067903               X -5.98982062          2.09591764               X -9.75362254e-1      -22.6194882               X  1.01238722e4       -62.3264116               X  74.7288881         -17.4699079               X  8.24044247e-37     -3.81240566               X  3.74500822e-23     
 300  -1.87348            14.0788             6.56083412               X  3.74288244          2.10896983               X -9.23037892e-1      -22.7194882               X  3.33981850e3       -63.3264116               X  11.9894487         -17.4700417               X  2.15870314e-37     -3.81237889               X  9.81421913e-24     
 300  -4.52372            14.2784             6.56072205               X  2.68184325          2.10899746               X -9.38686682e-1      -22.8194882               X  4.19249585e3       -63.3267705               X  18.9859739         -17.4700420               X  2.15249623e-37     -3.81237883               X  9.78600842e-24     
 300  -4.62247            14.478              6.56065808               X  1.00269767          2.10901985               X -9.51180862e-1      -22.9194882               X  5.26574405e3       -63.3272234               X  30.0590903         -17.4700423               X  2.14748068e-37     -3.81237878               X  9.76321240e-24     
 300  -4.72146            14.6774             6.56063904               X -1.65375278          2.10903792               X -9.61146926e-1      -23.0194882               X  6.61671644e3       -63.3277942               X  47.5777343         -17.4700424               X  2.14344258e-37     -3.81237875               X  9.74485886e-24     
 300  -4.82064            14.8767             6.56066403               X -5.85446137          2.10905244               X -9.69090134e-1      -23.1194882               X  8.31735654e3       -63.3285132               X  75.2811707         -17.4700426               X  2.14020068e-37     -3.81237872               X  9.73012409e-24     
 300  -4.91999            15.0758             6.56073442               X -12.4933550          2.10906409               X -9.75416940e-1      -23.2194882               X  1.04582292e4       -63.3294183               X  1.19065490e2       -17.4700427               X  2.13760381e-37     -3.81237869               X  9.71832100e-24     
 300  -2.09668            14.3293             6.66073442               X  2.47247943          2.11687158               X -9.54825526e-1      -23.3194882               X  5.79439998e3       -64.2824409               X  21.3451499         -17.4701228               X  9.40583784e-38     -3.81236268               X  4.27718035e-24     
 300  -4.76301            14.5289             6.66069175               X  6.11932178e-1       2.11688806               X -9.64052499e-1      -23.4194882               X  7.28197770e3       -64.2828092               X  33.8008859         -17.4701229               X  9.38940751e-38     -3.81236265               X  4.26971091e-24     
 300  -4.86225            14.7285             6.66068335               X -2.33251393          2.11690130               X -9.71404884e-1      -23.5194882               X  9.15460133e3       -64.2832734               X  53.5135028         -17.4701231               X  9.37622763e-38     -3.81236262               X  4.26371916e-24     
 300  -4.96164            14.9279             6.66070883               X -6.99061550          2.11691191               X -9.77259954e-1      -23.6194882               X  1.15119945e4       -64.2838579               X  84.6994305         -17.4701232               X  9.36567690e-38     -3.81236260               X  4.25892263e-24     
 300  -1.92788            14.1332             6.74324419               X  3.73814441          2.12845002               X -9.35873267e-1      -23.7194882               X  4.19218946e3       -65.2838579               X  13.5894467         -17.4702412               X  2.70839144e-38     -3.81233899               X  1.23200846e-24     
 300  -4.62244            14.3329             6.74315502               X  2.56765695          2.12847234               X -9.48935663e-1      -23.8194882               X  5.26483350e3       -65.2841821               X  21.5214696         -17.4702415               X  2.70181080e-38     -3.81233894               X  1.22901583e-24     
 300  -4.72138            14.5324             6.74310625               X  7.15015661e-1       2.12849037               X -9.59356737e-1      -23.9194882               X  6.61502975e3       -65.2845908               X  34.0768968         -17.4702417               X  2.69650919e-38     -3.81233890               X  1.22660485e-24     
 300  -4.82053            14.7319             6.74309544               X -2.21644448          2.12850487               X -9.67663776e-1      -24.0194882               X  8.31468031e3       -65.2851059               X  53.9441331         -17.4702418               X  2.69225075e-38     -3.81233887               X  1.22466826e-24     
 300  -4.91985            14.9313             6.74312210               X -6.85306768          2.12851651               X -9.74281143e-1      -24.1194882               X  1.04542973e4       -65.2857547               X  85.3684030         -17.4702419               X  2.68883824e-38     -3.81233885               X  1.22311636e-24     
 300  -1.93129            14.1364             6.82339943               X  3.82703789          2.13992931               X -9.26057678e-1      -24.2194882               X  3.73307077e3       -66.2857547               X  13.6902427         -17.4703591               X  7.62463246e-39     -3.81231542               X  3.46946556e-25     
 300  -4.57207            14.336              6.82329692               X  2.66194755          2.13995412               X -9.41098942e-1      -24.3194882               X  4.68663375e3       -66.2861214               X  21.6789354         -17.4703594               X  7.60349803e-39     -3.81231537               X  3.45985124e-25     
 300  -4.67086            14.5356             6.82324012               X  8.18172543e-1       2.13997420               X -9.53105835e-1      -24.4194882               X  5.88688269e3       -66.2865840               X  34.3219383         -17.4703596               X  7.58643238e-39     -3.81231532               X  3.45208782e-25     
 300  -4.76989            14.735              6.82322622               X -2.09862968          2.13999039               X -9.62681716e-1      -24.5194882               X  7.39773419e3       -66.2871670               X  54.3235220         -17.4703597               X  7.57270018e-39     -3.81231529               X  3.44584082e-25     
 300  -4.8691             14.9343             6.82325459               X -6.71083012          2.14000340               X -9.70312954e-1      -24.6194882               X  9.29964593e3       -66.2879013               X  85.9518845         -17.4703599               X  7.56168041e-39     -3.81231526               X  3.44082773e-25     
 300  -4.96847            15.1333             6.82332675               X -13.9996279          2.14001383               X -9.76390629e-1      -24.7194882               X  1.16939012e4       -66.2888255               X  1.35936391e2       -17.4703600               X  7.55285622e-39     -3.81231524               X  3.43681343e-25     
 300  -2.14612            14.3686             6.92332675               X  2.56459359          2.14698824               X -9.58149917e-1      -24.8194882               X  6.70381335e3       -67.2598184               X  23.3684672         -17.4704314               X  3.43876328e-39     -3.81230095               X  1.56506629e-25     
