NodeID: 0.0
 nr   logfactor           convergence         gas_u                       gas_eq              pH                          chargebalance       Ar[g].logact                Ar[g].tot           CO2[g].logact               CO2[g].tot         
                                                                          0.0                                             0.0                                             4.40000000e-2                                   1.00000000e-20     

 1.0  0.0                 13.0                1.00000000               X  1.00000000          7.00000000               X -4.22980681e-9      -15.0000000               X  4.08740445e-17     -15.0000000                  2.68190336e-16     
 2.0  -0.9999999999999991 13.0                9.00000000e-1            X  1.00000000          7.00000000               X -4.22980681e-9      -14.9956000               X  3.71612337e-17     -15.0000000                  2.64102931e-16     
 3.0  -0.9999999999999991 13.0                8.00000000e-1            X  1.00000000          7.00000000               X -4.22980681e-9      -14.9912000               X  3.33685704e-17     -15.0000000                  2.60015527e-16     
 4.0  -0.9999999999999991 13.0                7.00000000e-1            X  1.00000000          7.00000000               X -4.22980681e-9      -14.9868000               X  2.94948135e-17     -15.0000000                  2.55928123e-16     
 5.0  -0.9999999999999991 13.0                6.00000000e-1            X  1.00000000          7.00000000               X -4.22980681e-9      -14.9824000               X  2.55387046e-17     -15.0000000                  2.51840718e-16     
 6.0  -0.9999999999999991 13.0                5.00000000e-1            X  1.00000000          7.00000000               X -4.22980681e-9      -14.9780000               X  2.14989682e-17     -15.0000000                  2.47753314e-16     
 7.0  -0.9999999999999991 12.999999999999998  4.00000000e-1            X  1.00000000          7.00000000               X -4.22980681e-9      -14.9736000               X  1.73743116e-17     -15.0000000                  2.43665909e-16     
 8.0  -0.9999999999999991 12.999999999999998  3.00000000e-1            X  1.00000000          7.00000000               X -4.22980681e-9      -14.9692000               X  1.31634239e-17     -15.0000000                  2.39578505e-16     
 9.0  -0.9999999999999991 12.999999999999998  2.00000000e-1            X  1.00000000          7.00000000               X -4.22980681e-9      -14.9648000               X  8.86497692e-18     -15.0000000                  2.35491100e-16     
 10.0 -0.9999999999999991 12.999999999999998  1.00000000e-1            X  1.00000000          7.00000000               X -4.22980681e-9      -14.9604000               X  4.47762392e-18     -15.0000000                  2.31403696e-16     
 11.0 -0.9999999999999991 12.999999999999998  1.38777878e-16           X  1.00000000          7.00000000               X -4.22980681e-9      -14.9560000               X  6.28829356e-33     -15.0000000                  2.27316291e-16     
 12.0 -0.9999999999999991 12.999999999999998 -1.00000000e-1            X  1.00000000          7.00000000               X -4.22980681e-9      -14.9516000               X  1.11789239e-35     -15.0000000                  2.27316291e-16     
 13.0 -0.9999999999999991 12.999999999999998 -2.00000000e-1            X  1.00000000          7.00000000               X -4.22980681e-9      -14.9472000               X  1.12927574e-35     -15.0000000                  2.27316291e-16     
 14.0 -0.9999999999999991 12.999999999999998 -3.00000000e-1            X  1.00000000          7.00000000               X -4.22980681e-9      -14.9428000               X  1.14077501e-35     -15.0000000                  2.27316291e-16     
 15.0 -0.9999999999999991 12.999999999999998 -4.00000000e-1            X  1.00000000          7.00000000               X -4.22980681e-9      -14.9384000               X  1.15239138e-35     -15.0000000                  2.27316291e-16     
 16.0 -0.9999999999999991 12.999999999999998 -5.00000000e-1            X  1.00000000          7.00000000               X -4.22980681e-9      -14.9340000               X  1.16412603e-35     -15.0000000                  2.27316291e-16     
 17.0 -0.9999999999999991 12.999999999999998 -6.00000000e-1            X  1.00000000          7.00000000               X -4.22980681e-9      -14.9296000               X  1.17598017e-35     -15.0000000                  2.27316291e-16     
 18.0 -0.999999999999999  12.999999999999998 -7.00000000e-1            X  1.00000000          7.00000000               X -4.22980681e-9      -14.9252000               X  1.18795503e-35     -15.0000000                  2.27316291e-16     
 19.0 -0.999999999999999  12.999999999999998 -8.00000000e-1            X  1.00000000          7.00000000               X -4.22980681e-9      -14.9208000               X  1.20005182e-35     -15.0000000                  2.27316291e-16     
 20.0 -0.999999999999999  12.999999999999998 -9.00000000e-1            X  1.00000000          7.00000000               X -4.22980681e-9      -14.9164000               X  1.21227179e-35     -15.0000000                  2.27316291e-16     
 21.0 -0.999999999999999  12.999999999999998 -1.00000000               X  1.00000000          7.00000000               X -4.22980681e-9      -14.9120000               X  1.22461620e-35     -15.0000000                  2.27316291e-16     
 22.0 -0.999999999999999  12.999999999999998 -1.10000000               X  1.00000000          7.00000000               X -4.22980681e-9      -14.9076000               X  1.23708631e-35     -15.0000000                  2.27316291e-16     
 23.0 -0.999999999999999  12.999999999999998 -1.20000000               X  1.00000000          7.00000000               X -4.22980681e-9      -14.9032000               X  1.24968340e-35     -15.0000000                  2.27316291e-16     
 24.0 -0.999999999999999  12.999999999999998 -1.30000000               X  1.00000000          7.00000000               X -4.22980681e-9      -14.8988000               X  1.26240876e-35     -15.0000000                  2.27316291e-16     
 25.0 -0.999999999999999  12.999999999999998 -1.40000000               X  1.00000000          7.00000000               X -4.22980681e-9      -14.8944000               X  1.27526371e-35     -15.0000000                  2.27316291e-16     
 26.0 -0.999999999999999  12.999999999999998 -1.50000000               X  1.00000000          7.00000000               X -4.22980681e-9      -14.8900000               X  1.28824955e-35     -15.0000000                  2.27316291e-16     
 27.0 -0.999999999999999  12.999999999999998 -1.60000000               X  1.00000000          7.00000000               X -4.22980681e-9      -14.8856000               X  1.30136763e-35     -15.0000000                  2.27316291e-16     
 28.0 -0.999999999999999  12.999999999999998 -1.70000000               X  1.00000000          7.00000000               X -4.22980681e-9      -14.8812000               X  1.31461929e-35     -15.0000000                  2.27316291e-16     
 29.0 -0.999999999999999  12.999999999999998 -1.80000000               X  1.00000000          7.00000000               X -4.22980681e-9      -14.8768000               X  1.32800589e-35     -15.0000000                  2.27316291e-16     
 30.0 -0.999999999999999  12.999999999999998 -1.90000000               X  1.00000000          7.00000000               X -4.22980681e-9      -14.8724000               X  1.34152880e-35     -15.0000000                  2.27316291e-16     
 31.0 -0.999999999999999  12.999999999999998 -2.00000000               X  1.00000000          7.00000000               X -4.22980681e-9      -14.8680000               X  1.35518941e-35     -15.0000000                  2.27316291e-16     
 32.0 -0.999999999999999  12.999999999999998 -2.10000000               X  1.00000000          7.00000000               X -4.22980681e-9      -14.8636000               X  1.36898913e-35     -15.0000000                  2.27316291e-16     
 33.0 -0.999999999999999  12.999999999999998 -2.20000000               X  1.00000000          7.00000000               X -4.22980681e-9      -14.8592000               X  1.38292937e-35     -15.0000000                  2.27316291e-16     
 34.0 -0.999999999999999  12.999999999999998 -2.30000000               X  1.00000000          7.00000000               X -4.22980681e-9      -14.8548000               X  1.39701156e-35     -15.0000000                  2.27316291e-16     
 35.0 -0.9999999999999989 12.999999999999998 -2.40000000               X  1.00000000          7.00000000               X -4.22980681e-9      -14.8504000               X  1.41123715e-35     -15.0000000                  2.27316291e-16     
 36.0 -0.9999999999999989 12.999999999999998 -2.50000000               X  1.00000000          7.00000000               X -4.22980681e-9      -14.8460000               X  1.42560759e-35     -15.0000000                  2.27316291e-16     
 37.0 -0.9999999999999989 12.999999999999998 -2.60000000               X  1.00000000          7.00000000               X -4.22980681e-9      -14.8416000               X  1.44012437e-35     -15.0000000                  2.27316291e-16     
 38.0 -0.9999999999999989 12.999999999999998 -2.70000000               X  1.00000000          7.00000000               X -4.22980681e-9      -14.8372000               X  1.45478897e-35     -15.0000000                  2.27316291e-16     
 39.0 -0.9999999999999989 12.999999999999998 -2.80000000               X  1.00000000          7.00000000               X -4.22980681e-9      -14.8328000               X  1.46960290e-35     -15.0000000                  2.27316291e-16     
 40.0 -0.9999999999999989 12.999999999999998 -2.90000000               X  1.00000000          7.00000000               X -4.22980681e-9      -14.8284000               X  1.48456768e-35     -15.0000000                  2.27316291e-16     
 41.0 -0.9999999999999989 12.999999999999998 -3.00000000               X  1.00000000          7.00000000               X -4.22980681e-9      -14.8240000               X  1.49968484e-35     -15.0000000                  2.27316291e-16     
 42.0 -0.9999999999999989 12.999999999999998 -3.10000000               X  1.00000000          7.00000000               X -4.22980681e-9      -14.8196000               X  1.51495593e-35     -15.0000000                  2.27316291e-16     
 43.0 -0.9999999999999989 12.999999999999998 -3.20000000               X  1.00000000          7.00000000               X -4.22980681e-9      -14.8152000               X  1.53038253e-35     -15.0000000                  2.27316291e-16     
 44.0 -0.9999999999999989 12.999999999999998 -3.30000000               X  1.00000000          7.00000000               X -4.22980681e-9      -14.8108000               X  1.54596622e-35     -15.0000000                  2.27316291e-16     
 45.0 -0.9999999999999989 12.999999999999998 -3.40000000               X  1.00000000          7.00000000               X -4.22980681e-9      -14.8064000               X  1.56170859e-35     -15.0000000                  2.27316291e-16     
 46.0 -0.9999999999999989 12.999999999999998 -3.50000000               X  1.00000000          7.00000000               X -4.22980681e-9      -14.8020000               X  1.57761127e-35     -15.0000000                  2.27316291e-16     
 47.0 -0.9999999999999989 12.999999999999998 -3.60000000               X  1.00000000          7.00000000               X -4.22980681e-9      -14.7976000               X  1.59367588e-35     -15.0000000                  2.27316291e-16     
 48.0 -0.9999999999999989 12.999999999999998 -3.70000000               X  1.00000000          7.00000000               X -4.22980681e-9      -14.7932000               X  1.60990408e-35     -15.0000000                  2.27316291e-16     
 49.0 -0.9999999999999988 12.999999999999998 -3.80000000               X  1.00000000          7.00000000               X -4.22980681e-9      -14.7888000               X  1.62629752e-35     -15.0000000                  2.27316291e-16     
 50.0 -0.9999999999999988 12.999999999999998 -3.90000000               X  1.00000000          7.00000000               X -4.22980681e-9      -14.7844000               X  1.64285790e-35     -15.0000000                  2.27316291e-16     
 51.0 -0.9999999999999988 12.999999999999998 -4.00000000               X  1.00000000          7.00000000               X -4.22980681e-9      -14.7800000               X  1.65958691e-35     -15.0000000                  2.27316291e-16     
 52.0 -0.9999999999999988 12.999999999999998 -4.10000000               X  1.00000000          7.00000000               X -4.22980681e-9      -14.7756000               X  1.67648627e-35     -15.0000000                  2.27316291e-16     
 53.0 -0.9999999999999988 12.999999999999998 -4.20000000               X  1.00000000          7.00000000               X -4.22980681e-9      -14.7712000               X  1.69355771e-35     -15.0000000                  2.27316291e-16     
 54.0 -0.9999999999999988 12.999999999999998 -4.30000000               X  1.00000000          7.00000000               X -4.22980681e-9      -14.7668000               X  1.71080299e-35     -15.0000000                  2.27316291e-16     
 55.0 -0.9999999999999988 12.999999999999998 -4.40000000               X  1.00000000          7.00000000               X -4.22980681e-9      -14.7624000               X  1.72822387e-35     -15.0000000                  2.27316291e-16     
 56.0 -0.9999999999999988 12.999999999999998 -4.50000000               X  1.00000000          7.00000000               X -4.22980681e-9      -14.7580000               X  1.74582215e-35     -15.0000000                  2.27316291e-16     
 57.0 -0.9999999999999988 12.999999999999998 -4.60000000               X  1.00000000          7.00000000               X -4.22980681e-9      -14.7536000               X  1.76359963e-35     -15.0000000                  2.27316291e-16     
 58.0 -0.9999999999999988 12.999999999999998 -4.70000000               X  1.00000000          7.00000000               X -4.22980681e-9      -14.7492000               X  1.78155814e-35     -15.0000000                  2.27316291e-16     
 59.0 -0.9999999999999988 12.999999999999998 -4.80000000               X  1.00000000          7.00000000               X -4.22980681e-9      -14.7448000               X  1.79969952e-35     -15.0000000                  2.27316291e-16     
 60.0 -0.9999999999999988 12.999999999999998 -4.90000000               X  1.00000000          7.00000000               X -4.22980681e-9      -14.7404000               X  1.81802562e-35     -15.0000000                  2.27316291e-16     
 61.0 -0.9999999999999988 12.999999999999998 -5.00000000               X  1.00000000          7.00000000               X -4.22980681e-9      -14.7360000               X  1.83653834e-35     -15.0000000                  2.27316291e-16     
 62.0 -0.9999999999999987 12.999999999999998 -5.10000000               X  1.00000000          7.00000000               X -4.22980681e-9      -14.7316000               X  1.85523958e-35     -15.0000000                  2.27316291e-16     
 63.0 -0.9999999999999987 12.999999999999998 -5.20000000               X  1.00000000          7.00000000               X -4.22980681e-9      -14.7272000               X  1.87413124e-35     -15.0000000                  2.27316291e-16     
 64.0 -0.9999999999999987 12.999999999999998 -5.30000000               X  1.00000000          7.00000000               X -4.22980681e-9      -14.7228000               X  1.89321528e-35     -15.0000000                  2.27316291e-16     
 65.0 -0.9999999999999987 12.999999999999998 -5.40000000               X  1.00000000          7.00000000               X -4.22980681e-9      -14.7184000               X  1.91249364e-35     -15.0000000                  2.27316291e-16     
 66.0 -0.9999999999999987 12.999999999999998 -5.50000000               X  1.00000000          7.00000000               X -4.22980681e-9      -14.7140000               X  1.93196832e-35     -15.0000000                  2.27316291e-16     
 67.0 -0.9999999999999987 12.999999999999998 -5.60000000               X  1.00000000          7.00000000               X -4.22980681e-9      -14.7096000               X  1.95164130e-35     -15.0000000                  2.27316291e-16     
 68.0 -0.9999999999999987 12.999999999999998 -5.70000000               X  1.00000000          7.00000000               X -4.22980681e-9      -14.7052000               X  1.97151461e-35     -15.0000000                  2.27316291e-16     
 69.0 -0.9999999999999987 12.999999999999998 -5.80000000               X  1.00000000          7.00000000               X -4.22980681e-9      -14.7008000               X  1.99159029e-35     -15.0000000                  2.27316291e-16     
 70.0 -0.9999999999999987 12.999999999999998 -5.90000000               X  1.00000000          7.00000000               X -4.22980681e-9      -14.6964000               X  2.01187040e-35     -15.0000000                  2.27316291e-16     
 71.0 -0.9999999999999987 12.999999999999998 -6.00000000               X  1.00000000          7.00000000               X -4.22980681e-9      -14.6920000               X  2.03235701e-35     -15.0000000                  2.27316291e-16     
 72.0 -0.9999999999999987 12.999999999999998 -6.10000000               X  1.00000000          7.00000000               X -4.22980681e-9      -14.6876000               X  2.05305224e-35     -15.0000000                  2.27316291e-16     
 73.0 -0.9999999999999987 12.999999999999998 -6.20000000               X  1.00000000          7.00000000               X -4.22980681e-9      -14.6832000               X  2.07395820e-35     -15.0000000                  2.27316291e-16     
 74.0 -0.9999999999999987 12.999999999999998 -6.30000000               X  1.00000000          7.00000000               X -4.22980681e-9      -14.6788000               X  2.09507705e-35     -15.0000000                  2.27316291e-16     
 75.0 -0.9999999999999987 12.999999999999998 -6.40000000               X  1.00000000          7.00000000               X -4.22980681e-9      -14.6744000               X  2.11641095e-35     -15.0000000                  2.27316291e-16     
 76.0 -0.9999999999999987 12.999999999999998 -6.50000000               X  1.00000000          7.00000000               X -4.22980681e-9      -14.6700000               X  2.13796209e-35     -15.0000000                  2.27316291e-16     
 77.0 -0.9999999999999987 12.999999999999998 -6.60000000               X  1.00000000          7.00000000               X -4.22980681e-9      -14.6656000               X  2.15973268e-35     -15.0000000                  2.27316291e-16     
 78.0 -0.9999999999999987 12.999999999999998 -6.70000000               X  1.00000000          7.00000000               X -4.22980681e-9      -14.6612000               X  2.18172496e-35     -15.0000000                  2.27316291e-16     
 79.0 -0.9999999999999986 12.999999999999998 -6.80000000               X  1.00000000          7.00000000               X -4.22980681e-9      -14.6568000               X  2.20394118e-35     -15.0000000                  2.27316291e-16     
 80.0 -0.9999999999999986 12.999999999999998 -6.90000000               X  1.00000000          7.00000000               X -4.22980681e-9      -14.6524000               X  2.22638363e-35     -15.0000000                  2.27316291e-16     
 81.0 -0.9999999999999986 12.999999999999998 -7.00000000               X  1.00000000          7.00000000               X -4.22980681e-9      -14.6480000               X  2.24905461e-35     -15.0000000                  2.27316291e-16     
 82.0 -0.9999999999999986 12.999999999999998 -7.10000000               X  1.00000000          7.00000000               X -4.22980681e-9      -14.6436000               X  2.27195644e-35     -15.0000000                  2.27316291e-16     
 83.0 -0.9999999999999986 12.999999999999998 -7.20000000               X  1.00000000          7.00000000               X -4.22980681e-9      -14.6392000               X  2.29509148e-35     -15.0000000                  2.27316291e-16     
 84.0 -0.9999999999999986 12.999999999999998 -7.30000000               X  1.00000000          7.00000000               X -4.22980681e-9      -14.6348000               X  2.31846210e-35     -15.0000000                  2.27316291e-16     
 85.0 -0.9999999999999986 12.999999999999998 -7.40000000               X  1.00000000          7.00000000               X -4.22980681e-9      -14.6304000               X  2.34207069e-35     -15.0000000                  2.27316291e-16     
 86.0 -0.9999999999999986 12.999999999999998 -7.50000000               X  1.00000000          7.00000000               X -4.22980681e-9      -14.6260000               X  2.36591970e-35     -15.0000000                  2.27316291e-16     
 87.0 -0.9999999999999986 12.999999999999998 -7.60000000               X  1.00000000          7.00000000               X -4.22980681e-9      -14.6216000               X  2.39001155e-35     -15.0000000                  2.27316291e-16     
 88.0 -0.9999999999999984 12.999999999999998 -7.70000000               X  1.00000000          7.00000000               X -4.22980681e-9      -14.6172000               X  2.41434873e-35     -15.0000000                  2.27316291e-16     
 89.0 -0.9999999999999984 12.999999999999998 -7.80000000               X  1.00000000          7.00000000               X -4.22980681e-9      -14.6128000               X  2.43893373e-35     -15.0000000                  2.27316291e-16     
 90.0 -0.9999999999999984 12.999999999999998 -7.90000000               X  1.00000000          7.00000000               X -4.22980681e-9      -14.6084000               X  2.46376908e-35     -15.0000000                  2.27316291e-16     
 91.0 -0.9999999999999984 12.999999999999998 -8.00000000               X  1.00000000          7.00000000               X -4.22980681e-9      -14.6040000               X  2.48885732e-35     -15.0000000                  2.27316291e-16     
 92.0 -0.9999999999999984 12.999999999999998 -8.10000000               X  1.00000000          7.00000000               X -4.22980681e-9      -14.5996000               X  2.51420103e-35     -15.0000000                  2.27316291e-16     
 93.0 -0.9999999999999984 12.999999999999998 -8.20000000               X  1.00000000          7.00000000               X -4.22980681e-9      -14.5952000               X  2.53980281e-35     -15.0000000                  2.27316291e-16     
 94.0 -0.9999999999999984 12.999999999999998 -8.30000000               X  1.00000000          7.00000000               X -4.22980681e-9      -14.5908000               X  2.56566530e-35     -15.0000000                  2.27316291e-16     
 95.0 -0.9999999999999984 12.999999999999998 -8.40000000               X  1.00000000          7.00000000               X -4.22980681e-9      -14.5864000               X  2.59179113e-35     -15.0000000                  2.27316291e-16     
 96.0 -0.9999999999999984 12.999999999999998 -8.50000000               X  1.00000000          7.00000000               X -4.22980681e-9      -14.5820000               X  2.61818301e-35     -15.0000000                  2.27316291e-16     
 97.0 -0.9999999999999984 12.999999999999998 -8.60000000               X  1.00000000          7.00000000               X -4.22980681e-9      -14.5776000               X  2.64484363e-35     -15.0000000                  2.27316291e-16     
 98.0 -0.9999999999999984 12.999999999999998 -8.70000000               X  1.00000000          7.00000000               X -4.22980681e-9      -14.5732000               X  2.67177573e-35     -15.0000000                  2.27316291e-16     
 99.0 -0.9999999999999984 12.999999999999998 -8.80000000               X  1.00000000          7.00000000               X -4.22980681e-9      -14.5688000               X  2.69898207e-35     -15.0000000                  2.27316291e-16     
 100. -0.9999999999999984 12.999999999999998 -8.90000000               X  1.00000000          7.00000000               X -4.22980681e-9      -14.5644000               X  2.72646546e-35     -15.0000000                  2.27316291e-16     
 101. -0.9999999999999983 12.999999999999998 -9.00000000               X  1.00000000          7.00000000               X -4.22980681e-9      -14.5600000               X  2.75422870e-35     -15.0000000                  2.27316291e-16     
 102. -0.9999999999999983 12.999999999999998 -9.10000000               X  1.00000000          7.00000000               X -4.22980681e-9      -14.5556000               X  2.78227466e-35     -15.0000000                  2.27316291e-16     
 103. -0.9999999999999983 12.999999999999998 -9.20000000               X  1.00000000          7.00000000               X -4.22980681e-9      -14.5512000               X  2.81060620e-35     -15.0000000                  2.27316291e-16     
 104. -0.9999999999999983 12.999999999999998 -9.30000000               X  1.00000000          7.00000000               X -4.22980681e-9      -14.5468000               X  2.83922624e-35     -15.0000000                  2.27316291e-16     
 105. -0.9999999999999983 12.999999999999998 -9.40000000               X  1.00000000          7.00000000               X -4.22980681e-9      -14.5424000               X  2.86813771e-35     -15.0000000                  2.27316291e-16     
 106. -0.9999999999999983 12.999999999999998 -9.50000000               X  1.00000000          7.00000000               X -4.22980681e-9      -14.5380000               X  2.89734359e-35     -15.0000000                  2.27316291e-16     
 107. -0.9999999999999983 12.999999999999998 -9.60000000               X  1.00000000          7.00000000               X -4.22980681e-9      -14.5336000               X  2.92684686e-35     -15.0000000                  2.27316291e-16     
 108. -0.9999999999999983 12.999999999999998 -9.70000000               X  1.00000000          7.00000000               X -4.22980681e-9      -14.5292000               X  2.95665057e-35     -15.0000000                  2.27316291e-16     
 109. -0.9999999999999982 12.999999999999998 -9.80000000               X  1.00000000          7.00000000               X -4.22980681e-9      -14.5248000               X  2.98675776e-35     -15.0000000                  2.27316291e-16     
 110. -0.9999999999999982 12.999999999999998 -9.90000000               X  1.00000000          7.00000000               X -4.22980681e-9      -14.5204000               X  3.01717152e-35     -15.0000000                  2.27316291e-16     
 111. -0.9999999999999982 12.999999999999998 -10.0000000               X  1.00000000          7.00000000               X -4.22980681e-9      -14.5160000               X  3.04789499e-35     -15.0000000                  2.27316291e-16     
 112. -0.9999999999999982 12.999999999999998 -10.1000000               X  1.00000000          7.00000000               X -4.22980681e-9      -14.5116000               X  3.07893131e-35     -15.0000000                  2.27316291e-16     
 113. -0.9999999999999981 12.999999999999998 -10.2000000               X  1.00000000          7.00000000               X -4.22980681e-9      -14.5072000               X  3.11028367e-35     -15.0000000                  2.27316291e-16     
 114. -0.9999999999999981 12.999999999999998 -10.3000000               X  1.00000000          7.00000000               X -4.22980681e-9      -14.5028000               X  3.14195528e-35     -15.0000000                  2.27316291e-16     
 115. -0.9999999999999981 12.999999999999998 -10.4000000               X  1.00000000          7.00000000               X -4.22980681e-9      -14.4984000               X  3.17394941e-35     -15.0000000                  2.27316291e-16     
 116. -0.9999999999999981 12.999999999999998 -10.5000000               X  1.00000000          7.00000000               X -4.22980681e-9      -14.4940000               X  3.20626932e-35     -15.0000000                  2.27316291e-16     
 117. -0.9999999999999981 12.999999999999998 -10.6000000               X  1.00000000          7.00000000               X -4.22980681e-9      -14.4896000               X  3.23891835e-35     -15.0000000                  2.27316291e-16     
 118. -0.9999999999999981 12.999999999999998 -10.7000000               X  1.00000000          7.00000000               X -4.22980681e-9      -14.4852000               X  3.27189984e-35     -15.0000000                  2.27316291e-16     
 119. -0.9999999999999981 12.999999999999998 -10.8000000               X  1.00000000          7.00000000               X -4.22980681e-9      -14.4808000               X  3.30521717e-35     -15.0000000                  2.27316291e-16     
 120. -0.9999999999999981 12.999999999999998 -10.9000000               X  1.00000000          7.00000000               X -4.22980681e-9      -14.4764000               X  3.33887377e-35     -15.0000000                  2.27316291e-16     
 121. -0.9999999999999981 12.999999999999998 -11.0000000               X  1.00000000          7.00000000               X -4.22980681e-9      -14.4720000               X  3.37287309e-35     -15.0000000                  2.27316291e-16     
 122. -0.9999999999999981 12.999999999999998 -11.1000000               X  1.00000000          7.00000000               X -4.22980681e-9      -14.4676000               X  3.40721862e-35     -15.0000000                  2.27316291e-16     
 123. -0.999999999999998  12.999999999999998 -11.2000000               X  1.00000000          7.00000000               X -4.22980681e-9      -14.4632000               X  3.44191388e-35     -15.0000000                  2.27316291e-16     
 124. -0.999999999999998  12.999999999999998 -11.3000000               X  1.00000000          7.00000000               X -4.22980681e-9      -14.4588000               X  3.47696245e-35     -15.0000000                  2.27316291e-16     
 125. -0.999999999999998  12.999999999999998 -11.4000000               X  1.00000000          7.00000000               X -4.22980681e-9      -14.4544000               X  3.51236790e-35     -15.0000000                  2.27316291e-16     
 126. -0.999999999999998  12.999999999999998 -11.5000000               X  1.00000000          7.00000000               X -4.22980681e-9      -14.4500000               X  3.54813389e-35     -15.0000000                  2.27316291e-16     
 127. -0.999999999999998  12.999999999999998 -11.6000000               X  1.00000000          7.00000000               X -4.22980681e-9      -14.4456000               X  3.58426408e-35     -15.0000000                  2.27316291e-16     
 128. -0.999999999999998  12.999999999999998 -11.7000000               X  1.00000000          7.00000000               X -4.22980681e-9      -14.4412000               X  3.62076218e-35     -15.0000000                  2.27316291e-16     
 129. -0.9999999999999979 12.999999999999998 -11.8000000               X  1.00000000          7.00000000               X -4.22980681e-9      -14.4368000               X  3.65763193e-35     -15.0000000                  2.27316291e-16     
 130. -0.9999999999999979 12.999999999999998 -11.9000000               X  1.00000000          7.00000000               X -4.22980681e-9      -14.4324000               X  3.69487712e-35     -15.0000000                  2.27316291e-16     
 131. -0.9999999999999979 12.999999999999998 -12.0000000               X  1.00000000          7.00000000               X -4.22980681e-9      -14.4280000               X  3.73250158e-35     -15.0000000                  2.27316291e-16     
 132. -0.9999999999999979 12.999999999999998 -12.1000000               X  1.00000000          7.00000000               X -4.22980681e-9      -14.4236000               X  3.77050916e-35     -15.0000000                  2.27316291e-16     
 133. -0.9999999999999979 12.999999999999998 -12.2000000               X  1.00000000          7.00000000               X -4.22980681e-9      -14.4192000               X  3.80890376e-35     -15.0000000                  2.27316291e-16     
 134. -0.9999999999999979 12.999999999999998 -12.3000000               X  1.00000000          7.00000000               X -4.22980681e-9      -14.4148000               X  3.84768934e-35     -15.0000000                  2.27316291e-16     
 135. -0.9999999999999979 12.999999999999998 -12.4000000               X  1.00000000          7.00000000               X -4.22980681e-9      -14.4104000               X  3.88686986e-35     -15.0000000                  2.27316291e-16     
 136. -0.9999999999999979 12.999999999999998 -12.5000000               X  1.00000000          7.00000000               X -4.22980681e-9      -14.4060000               X  3.92644935e-35     -15.0000000                  2.27316291e-16     
 137. -0.9999999999999979 12.999999999999998 -12.6000000               X  1.00000000          7.00000000               X -4.22980681e-9      -14.4016000               X  3.96643188e-35     -15.0000000                  2.27316291e-16     
 138. -0.9999999999999978 12.999999999999998 -12.7000000               X  1.00000000          7.00000000               X -4.22980681e-9      -14.3972000               X  4.00682154e-35     -15.0000000                  2.27316291e-16     
 139. -0.9999999999999978 12.999999999999998 -12.8000000               X  1.00000000          7.00000000               X -4.22980681e-9      -14.3928000               X  4.04762249e-35     -15.0000000                  2.27316291e-16     
 140. -0.9999999999999978 12.999999999999998 -12.9000000               X  1.00000000          7.00000000               X -4.22980681e-9      -14.3884000               X  4.08883890e-35     -15.0000000                  2.27316291e-16     
 141. -0.9999999999999978 12.999999999999998 -13.0000000               X  1.00000000          7.00000000               X -4.22980681e-9      -14.3840000               X  4.13047502e-35     -15.0000000                  2.27316291e-16     
 142. -0.9999999999999978 12.999999999999998 -13.1000000               X  1.00000000          7.00000000               X -4.22980681e-9      -14.3796000               X  4.17253511e-35     -15.0000000                  2.27316291e-16     
 143. -0.9999999999999977 12.999999999999998 -13.2000000               X  1.00000000          7.00000000               X -4.22980681e-9      -14.3752000               X  4.21502350e-35     -15.0000000                  2.27316291e-16     
 144. -0.9999999999999977 12.999999999999998 -13.3000000               X  1.00000000          7.00000000               X -4.22980681e-9      -14.3708000               X  4.25794454e-35     -15.0000000                  2.27316291e-16     
 145. -0.9999999999999977 12.999999999999998 -13.4000000               X  1.00000000          7.00000000               X -4.22980681e-9      -14.3664000               X  4.30130263e-35     -15.0000000                  2.27316291e-16     
 146. -0.9999999999999977 12.999999999999998 -13.5000000               X  1.00000000          7.00000000               X -4.22980681e-9      -14.3620000               X  4.34510224e-35     -15.0000000                  2.27316291e-16     
 147. -0.9999999999999977 12.999999999999998 -13.6000000               X  1.00000000          7.00000000               X -4.22980681e-9      -14.3576000               X  4.38934786e-35     -15.0000000                  2.27316291e-16     
 148. -0.9999999999999977 12.999999999999998 -13.7000000               X  1.00000000          7.00000000               X -4.22980681e-9      -14.3532000               X  4.43404402e-35     -15.0000000                  2.27316291e-16     
 149. -0.9999999999999977 12.999999999999998 -13.8000000               X  1.00000000          7.00000000               X -4.22980681e-9      -14.3488000               X  4.47919531e-35     -15.0000000                  2.27316291e-16     
 150. -0.9999999999999977 12.999999999999998 -13.9000000               X  1.00000000          7.00000000               X -4.22980681e-9      -14.3444000               X  4.52480638e-35     -15.0000000                  2.27316291e-16     
 151. -0.9999999999999976 12.999999999999998 -14.0000000               X  1.00000000          7.00000000               X -4.22980681e-9      -14.3400000               X  4.57088190e-35     -15.0000000                  2.27316291e-16     
 152. -0.9999999999999976 12.999999999999998 -14.1000000               X  1.00000000          7.00000000               X -4.22980681e-9      -14.3356000               X  4.61742659e-35     -15.0000000                  2.27316291e-16     
 153. -0.9999999999999976 12.999999999999998 -14.2000000               X  1.00000000          7.00000000               X -4.22980681e-9      -14.3312000               X  4.66444525e-35     -15.0000000                  2.27316291e-16     
 154. -0.9999999999999976 12.999999999999998 -14.3000000               X  1.00000000          7.00000000               X -4.22980681e-9      -14.3268000               X  4.71194269e-35     -15.0000000                  2.27316291e-16     
 155. -0.9999999999999976 12.999999999999998 -14.4000000               X  1.00000000          7.00000000               X -4.22980681e-9      -14.3224000               X  4.75992380e-35     -15.0000000                  2.27316291e-16     
 156. -0.9999999999999974 12.999999999999998 -14.5000000               X  1.00000000          7.00000000               X -4.22980681e-9      -14.3180000               X  4.80839348e-35     -15.0000000                  2.27316291e-16     
 157. -0.9999999999999974 12.999999999999998 -14.6000000               X  1.00000000          7.00000000               X -4.22980681e-9      -14.3136000               X  4.85735673e-35     -15.0000000                  2.27316291e-16     
 158. -0.9999999999999974 12.999999999999998 -14.7000000               X  1.00000000          7.00000000               X -4.22980681e-9      -14.3092000               X  4.90681857e-35     -15.0000000                  2.27316291e-16     
 159. -0.9999999999999974 12.999999999999998 -14.8000000               X  1.00000000          7.00000000               X -4.22980681e-9      -14.3048000               X  4.95678407e-35     -15.0000000                  2.27316291e-16     
 160. -0.9999999999999973 12.999999999999998 -14.9000000               X  1.00000000          7.00000000               X -4.22980681e-9      -14.3004000               X  5.00725836e-35     -15.0000000                  2.27316291e-16     
 161. -0.9999999999999973 12.999999999999998 -15.0000000               X  1.00000000          7.00000000               X -4.22980681e-9      -14.2960000               X  5.05824662e-35     -15.0000000                  2.27316291e-16     
 162. -0.9999999999999973 12.999999999999998 -15.1000000               X  1.00000000          7.00000000               X -4.22980681e-9      -14.2916000               X  5.10975409e-35     -15.0000000                  2.27316291e-16     
 163. -0.9999999999999973 12.999999999999998 -15.2000000               X  1.00000000          7.00000000               X -4.22980681e-9      -14.2872000               X  5.16178605e-35     -15.0000000                  2.27316291e-16     
 164. -0.9999999999999973 12.999999999999996 -15.3000000               X  1.00000000          7.00000000               X -4.22980681e-9      -14.2828000               X  5.21434785e-35     -15.0000000                  2.27316291e-16     
 165. -0.9999999999999972 12.999999999999996 -15.4000000               X  1.00000000          7.00000000               X -4.22980681e-9      -14.2784000               X  5.26744488e-35     -15.0000000                  2.27316291e-16     
 166. -0.9999999999999972 12.999999999999996 -15.5000000               X  1.00000000          7.00000000               X -4.22980681e-9      -14.2740000               X  5.32108259e-35     -15.0000000                  2.27316291e-16     
 167. -0.9999999999999972 12.999999999999996 -15.6000000               X  1.00000000          7.00000000               X -4.22980681e-9      -14.2696000               X  5.37526649e-35     -15.0000000                  2.27316291e-16     
 168. -0.9999999999999972 12.999999999999996 -15.7000000               X  1.00000000          7.00000000               X -4.22980681e-9      -14.2652000               X  5.43000213e-35     -15.0000000                  2.27316291e-16     
 169. -0.9999999999999972 12.999999999999996 -15.8000000               X  1.00000000          7.00000000               X -4.22980681e-9      -14.2608000               X  5.48529514e-35     -15.0000000                  2.27316291e-16     
 170. -0.9999999999999972 12.999999999999996 -15.9000000               X  1.00000000          7.00000000               X -4.22980681e-9      -14.2564000               X  5.54115119e-35     -15.0000000                  2.27316291e-16     
 171. -0.9999999999999971 12.999999999999996 -16.0000000               X  1.00000000          7.00000000               X -4.22980681e-9      -14.2520000               X  5.59757601e-35     -15.0000000                  2.27316291e-16     
 172. -0.9999999999999971 12.999999999999996 -16.1000000               X  1.00000000          7.00000000               X -4.22980681e-9      -14.2476000               X  5.65457541e-35     -15.0000000                  2.27316291e-16     
 173. -0.9999999999999971 12.999999999999996 -16.2000000               X  1.00000000          7.00000000               X -4.22980681e-9      -14.2432000               X  5.71215522e-35     -15.0000000                  2.27316291e-16     
 174. -0.9999999999999971 12.999999999999996 -16.3000000               X  1.00000000          7.00000000               X -4.22980681e-9      -14.2388000               X  5.77032135e-35     -15.0000000                  2.27316291e-16     
 175. -0.999999999999997  12.999999999999996 -16.4000000               X  1.00000000          7.00000000               X -4.22980681e-9      -14.2344000               X  5.82907979e-35     -15.0000000                  2.27316291e-16     
 176. -0.999999999999997  12.999999999999996 -16.5000000               X  1.00000000          7.00000000               X -4.22980681e-9      -14.2300000               X  5.88843655e-35     -15.0000000                  2.27316291e-16     
 177. -0.999999999999997  12.999999999999996 -16.6000000               X  1.00000000          7.00000000               X -4.22980681e-9      -14.2256000               X  5.94839774e-35     -15.0000000                  2.27316291e-16     
 178. -0.999999999999997  12.999999999999996 -16.7000000               X  1.00000000          7.00000000               X -4.22980681e-9      -14.2212000               X  6.00896950e-35     -15.0000000                  2.27316291e-16     
 179. -0.999999999999997  12.999999999999996 -16.8000000               X  1.00000000          7.00000000               X -4.22980681e-9      -14.2168000               X  6.07015806e-35     -15.0000000                  2.27316291e-16     
 180. -0.9999999999999969 12.999999999999996 -16.9000000               X  1.00000000          7.00000000               X -4.22980681e-9      -14.2124000               X  6.13196970e-35     -15.0000000                  2.27316291e-16     
 181. -0.9999999999999969 12.999999999999996 -17.0000000               X  1.00000000          7.00000000               X -4.22980681e-9      -14.2080000               X  6.19441075e-35     -15.0000000                  2.27316291e-16     
 182. -0.9999999999999969 12.999999999999996 -17.1000000               X  1.00000000          7.00000000               X -4.22980681e-9      -14.2036000               X  6.25748763e-35     -15.0000000                  2.27316291e-16     
 183. -0.9999999999999969 12.999999999999996 -17.2000000               X  1.00000000          7.00000000               X -4.22980681e-9      -14.1992000               X  6.32120682e-35     -15.0000000                  2.27316291e-16     
 184. -0.9999999999999968 12.999999999999996 -17.3000000               X  1.00000000          7.00000000               X -4.22980681e-9      -14.1948000               X  6.38557485e-35     -15.0000000                  2.27316291e-16     
 185. -0.9999999999999967 12.999999999999996 -17.4000000               X  1.00000000          7.00000000               X -4.22980681e-9      -14.1904000               X  6.45059833e-35     -15.0000000                  2.27316291e-16     
 186. -0.9999999999999967 12.999999999999996 -17.5000000               X  1.00000000          7.00000000               X -4.22980681e-9      -14.1860000               X  6.51628394e-35     -15.0000000                  2.27316291e-16     
 187. -0.9999999999999967 12.999999999999996 -17.6000000               X  1.00000000          7.00000000               X -4.22980681e-9      -14.1816000               X  6.58263842e-35     -15.0000000                  2.27316291e-16     
 188. -0.9999999999999967 12.999999999999996 -17.7000000               X  1.00000000          7.00000000               X -4.22980681e-9      -14.1772000               X  6.64966857e-35     -15.0000000                  2.27316291e-16     
 189. -0.9999999999999967 12.999999999999996 -17.8000000               X  1.00000000          7.00000000               X -4.22980681e-9      -14.1728000               X  6.71738129e-35     -15.0000000                  2.27316291e-16     
 190. -0.9999999999999966 12.999999999999996 -17.9000000               X  1.00000000          7.00000000               X -4.22980681e-9      -14.1684000               X  6.78578351e-35     -15.0000000                  2.27316291e-16     
 191. -0.9999999999999966 12.999999999999996 -18.0000000               X  1.00000000          7.00000000               X -4.22980681e-9      -14.1640000               X  6.85488226e-35     -15.0000000                  2.27316291e-16     
 192. -0.9999999999999966 12.999999999999996 -18.1000000               X  1.00000000          7.00000000               X -4.22980681e-9      -14.1596000               X  6.92468464e-35     -15.0000000                  2.27316291e-16     
 193. -0.9999999999999966 12.999999999999996 -18.2000000               X  1.00000000          7.00000000               X -4.22980681e-9      -14.1552000               X  6.99519781e-35     -15.0000000                  2.27316291e-16     
 194. -0.9999999999999964 12.999999999999996 -18.3000000               X  1.00000000          7.00000000               X -4.22980681e-9      -14.1508000               X  7.06642900e-35     -15.0000000                  2.27316291e-16     
 195. -0.9999999999999964 12.999999999999996 -18.4000000               X  1.00000000          7.00000000               X -4.22980681e-9      -14.1464000               X  7.13838554e-35     -15.0000000                  2.27316291e-16     
 196. -0.9999999999999964 12.999999999999996 -18.5000000               X  1.00000000          7.00000000               X -4.22980681e-9      -14.1420000               X  7.21107479e-35     -15.0000000                  2.27316291e-16     
 197. -0.9999999999999964 12.999999999999996 -18.6000000               X  1.00000000          7.00000000               X -4.22980681e-9      -14.1376000               X  7.28450423e-35     -15.0000000                  2.27316291e-16     
 198. -0.9999999999999963 12.999999999999996 -18.7000000               X  1.00000000          7.00000000               X -4.22980681e-9      -14.1332000               X  7.35868140e-35     -15.0000000                  2.27316291e-16     
 199. -0.9999999999999963 12.999999999999996 -18.8000000               X  1.00000000          7.00000000               X -4.22980681e-9      -14.1288000               X  7.43361390e-35     -15.0000000                  2.27316291e-16     
 200. -0.9999999999999963 12.999999999999996 -18.9000000               X  1.00000000          7.00000000               X -4.22980681e-9      -14.1244000               X  7.50930942e-35     -15.0000000                  2.27316291e-16     
 201. -0.9999999999999962 12.999999999999996 -19.0000000               X  1.00000000          7.00000000               X -4.22980681e-9      -14.1200000               X  7.58577575e-35     -15.0000000                  2.27316291e-16     
 202. -0.9999999999999962 12.999999999999996 -19.1000000               X  1.00000000          7.00000000               X -4.22980681e-9      -14.1156000               X  7.66302072e-35     -15.0000000                  2.27316291e-16     
 203. -0.9999999999999962 12.999999999999996 -19.2000000               X  1.00000000          7.00000000               X -4.22980681e-9      -14.1112000               X  7.74105227e-35     -15.0000000                  2.27316291e-16     
 204. -0.9999999999999962 12.999999999999996 -19.3000000               X  1.00000000          7.00000000               X -4.22980681e-9      -14.1068000               X  7.81987840e-35     -15.0000000                  2.27316291e-16     
 205. -0.9999999999999962 12.999999999999996 -19.4000000               X  1.00000000          7.00000000               X -4.22980681e-9      -14.1024000               X  7.89950721e-35     -15.0000000                  2.27316291e-16     
 206. -0.9999999999999961 12.999999999999996 -19.5000000               X  1.00000000          7.00000000               X -4.22980681e-9      -14.0980000               X  7.97994687e-35     -15.0000000                  2.27316291e-16     
 207. -0.999999999999996  12.999999999999996 -19.6000000               X  1.00000000          7.00000000               X -4.22980681e-9      -14.0936000               X  8.06120564e-35     -15.0000000                  2.27316291e-16     
 208. -0.999999999999996  12.999999999999996 -19.7000000               X  1.00000000          7.00000000               X -4.22980681e-9      -14.0892000               X  8.14329185e-35     -15.0000000                  2.27316291e-16     
 209. -0.999999999999996  12.999999999999996 -19.8000000               X  1.00000000          7.00000000               X -4.22980681e-9      -14.0848000               X  8.22621394e-35     -15.0000000                  2.27316291e-16     
 210. -0.999999999999996  12.999999999999996 -19.9000000               X  1.00000000          7.00000000               X -4.22980681e-9      -14.0804000               X  8.30998041e-35     -15.0000000                  2.27316291e-16     
 211. -0.9999999999999959 12.999999999999996 -20.0000000               X  1.00000000          7.00000000               X -4.22980681e-9      -14.0760000               X  8.39459987e-35     -15.0000000                  2.27316291e-16     
 212. -0.9999999999999959 12.999999999999996 -20.1000000               X  1.00000000          7.00000000               X -4.22980681e-9      -14.0716000               X  8.48008099e-35     -15.0000000                  2.27316291e-16     
 213. -0.9999999999999959 12.999999999999996 -20.2000000               X  1.00000000          7.00000000               X -4.22980681e-9      -14.0672000               X  8.56643256e-35     -15.0000000                  2.27316291e-16     
 214. -0.9999999999999958 12.999999999999996 -20.3000000               X  1.00000000          7.00000000               X -4.22980681e-9      -14.0628000               X  8.65366343e-35     -15.0000000                  2.27316291e-16     
 215. -0.9999999999999958 12.999999999999996 -20.4000000               X  1.00000000          7.00000000               X -4.22980681e-9      -14.0584000               X  8.74178256e-35     -15.0000000                  2.27316291e-16     
 216. -0.9999999999999958 12.999999999999996 -20.5000000               X  1.00000000          7.00000000               X -4.22980681e-9      -14.0540000               X  8.83079900e-35     -15.0000000                  2.27316291e-16     
 217. -0.9999999999999957 12.999999999999996 -20.6000000               X  1.00000000          7.00000000               X -4.22980681e-9      -14.0496000               X  8.92072189e-35     -15.0000000                  2.27316291e-16     
 218. -0.9999999999999957 12.999999999999996 -20.7000000               X  1.00000000          7.00000000               X -4.22980681e-9      -14.0452000               X  9.01156044e-35     -15.0000000                  2.27316291e-16     
 219. -0.9999999999999957 12.999999999999996 -20.8000000               X  1.00000000          7.00000000               X -4.22980681e-9      -14.0408000               X  9.10332400e-35     -15.0000000                  2.27316291e-16     
 220. -0.9999999999999956 12.999999999999996 -20.9000000               X  1.00000000          7.00000000               X -4.22980681e-9      -14.0364000               X  9.19602197e-35     -15.0000000                  2.27316291e-16     
 221. -0.9999999999999956 12.999999999999995 -21.0000000               X  1.00000000          7.00000000               X -4.22980681e-9      -14.0320000               X  9.28966387e-35     -15.0000000                  2.27316291e-16     
 222. -0.9999999999999956 12.999999999999995 -21.1000000               X  1.00000000          7.00000000               X -4.22980681e-9      -14.0276000               X  9.38425931e-35     -15.0000000                  2.27316291e-16     
 223. -0.9999999999999954 12.999999999999995 -21.2000000               X  1.00000000          7.00000000               X -4.22980681e-9      -14.0232000               X  9.47981801e-35     -15.0000000                  2.27316291e-16     
 224. -0.9999999999999954 12.999999999999995 -21.3000000               X  1.00000000          7.00000000               X -4.22980681e-9      -14.0188000               X  9.57634977e-35     -15.0000000                  2.27316291e-16     
 225. -0.9999999999999954 12.999999999999995 -21.4000000               X  1.00000000          7.00000000               X -4.22980681e-9      -14.0144000               X  9.67386450e-35     -15.0000000                  2.27316291e-16     
 226. -0.9999999999999953 12.999999999999995 -21.5000000               X  1.00000000          7.00000000               X -4.22980681e-9      -14.0100000               X  9.77237221e-35     -15.0000000                  2.27316291e-16     
 227. -0.9999999999999952 12.999999999999995 -21.6000000               X  1.00000000          7.00000000               X -4.22980681e-9      -14.0056000               X  9.87188301e-35     -15.0000000                  2.27316291e-16     
 228. -0.9999999999999952 12.999999999999995 -21.7000000               X  1.00000000          7.00000000               X -4.22980681e-9      -14.0012000               X  9.97240712e-35     -15.0000000                  2.27316291e-16     
 229. -0.9999999999999952 12.999999999999995 -21.8000000               X  1.00000000          7.00000000               X -4.22980681e-9      -13.9968000               X  1.00739548e-34     -15.0000000                  2.27316291e-16     
 230. -0.9999999999999951 12.999999999999995 -21.9000000               X  1.00000000          7.00000000               X -4.22980681e-9      -13.9924000               X  1.01765366e-34     -15.0000000                  2.27316291e-16     
 231. -0.9999999999999951 12.999999999999995 -22.0000000               X  1.00000000          7.00000000               X -4.22980681e-9      -13.9880000               X  1.02801630e-34     -15.0000000                  2.27316291e-16     
 232. -0.999999999999995  12.999999999999995 -22.1000000               X  1.00000000          7.00000000               X -4.22980681e-9      -13.9836000               X  1.03848446e-34     -15.0000000                  2.27316291e-16     
 233. -0.999999999999995  12.999999999999995 -22.2000000               X  1.00000000          7.00000000               X -4.22980681e-9      -13.9792000               X  1.04905921e-34     -15.0000000                  2.27316291e-16     
 234. -0.999999999999995  12.999999999999995 -22.3000000               X  1.00000000          7.00000000               X -4.22980681e-9      -13.9748000               X  1.05974164e-34     -15.0000000                  2.27316291e-16     
 235. -0.999999999999995  12.999999999999995 -22.4000000               X  1.00000000          7.00000000               X -4.22980681e-9      -13.9704000               X  1.07053285e-34     -15.0000000                  2.27316291e-16     
 236. -0.9999999999999949 12.999999999999995 -22.5000000               X  1.00000000          7.00000000               X -4.22980681e-9      -13.9660000               X  1.08143395e-34     -15.0000000                  2.27316291e-16     
 237. -0.9999999999999949 12.999999999999995 -22.6000000               X  1.00000000          7.00000000               X -4.22980681e-9      -13.9616000               X  1.09244605e-34     -15.0000000                  2.27316291e-16     
 238. -0.9999999999999948 12.999999999999995 -22.7000000               X  1.00000000          7.00000000               X -4.22980681e-9      -13.9572000               X  1.10357029e-34     -15.0000000                  2.27316291e-16     
 239. -0.9999999999999948 12.999999999999995 -22.8000000               X  1.00000000          7.00000000               X -4.22980681e-9      -13.9528000               X  1.11480780e-34     -15.0000000                  2.27316291e-16     
 240. -0.9999999999999948 12.999999999999995 -22.9000000               X  1.00000000          7.00000000               X -4.22980681e-9      -13.9484000               X  1.12615975e-34     -15.0000000                  2.27316291e-16     
 241. -0.9999999999999947 12.999999999999995 -23.0000000               X  1.00000000          7.00000000               X -4.22980681e-9      -13.9440000               X  1.13762729e-34     -15.0000000                  2.27316291e-16     
 242. -0.9999999999999946 12.999999999999995 -23.1000000               X  1.00000000          7.00000000               X -4.22980681e-9      -13.9396000               X  1.14921160e-34     -15.0000000                  2.27316291e-16     
 243. -0.9999999999999946 12.999999999999995 -23.2000000               X  1.00000000          7.00000000               X -4.22980681e-9      -13.9352000               X  1.16091387e-34     -15.0000000                  2.27316291e-16     
 244. -0.9999999999999944 12.999999999999995 -23.3000000               X  1.00000000          7.00000000               X -4.22980681e-9      -13.9308000               X  1.17273531e-34     -15.0000000                  2.27316291e-16     
 245. -0.9999999999999944 12.999999999999995 -23.4000000               X  1.00000000          7.00000000               X -4.22980681e-9      -13.9264000               X  1.18467712e-34     -15.0000000                  2.27316291e-16     
 246. -0.9999999999999943 12.999999999999995 -23.5000000               X  1.00000000          7.00000000               X -4.22980681e-9      -13.9220000               X  1.19674053e-34     -15.0000000                  2.27316291e-16     
 247. -0.9999999999999943 12.999999999999995 -23.6000000               X  1.00000000          7.00000000               X -4.22980681e-9      -13.9176000               X  1.20892679e-34     -15.0000000                  2.27316291e-16     
 248. -0.9999999999999943 12.999999999999995 -23.7000000               X  1.00000000          7.00000000               X -4.22980681e-9      -13.9132000               X  1.22123713e-34     -15.0000000                  2.27316291e-16     
 249. -0.9999999999999942 12.999999999999995 -23.8000000               X  1.00000000          7.00000000               X -4.22980681e-9      -13.9088000               X  1.23367283e-34     -15.0000000                  2.27316291e-16     
 250. -0.9999999999999942 12.999999999999995 -23.9000000               X  1.00000000          7.00000000               X -4.22980681e-9      -13.9044000               X  1.24623516e-34     -15.0000000                  2.27316291e-16     
 251. -0.9999999999999941 12.999999999999995 -24.0000000               X  1.00000000          7.00000000               X -4.22980681e-9      -13.9000000               X  1.25892541e-34     -15.0000000                  2.27316291e-16     
 252. -0.9999999999999941 12.999999999999995 -24.1000000               X  1.00000000          7.00000000               X -4.22980681e-9      -13.8956000               X  1.27174489e-34     -15.0000000                  2.27316291e-16     
 253. -0.999999999999994  12.999999999999995 -24.2000000               X  1.00000000          7.00000000               X -4.22980681e-9      -13.8912000               X  1.28469490e-34     -15.0000000                  2.27316291e-16     
 254. -0.9999999999999939 12.999999999999995 -24.3000000               X  1.00000000          7.00000000               X -4.22980681e-9      -13.8868000               X  1.29777678e-34     -15.0000000                  2.27316291e-16     
 255. -0.9999999999999939 12.999999999999995 -24.4000000               X  1.00000000          7.00000000               X -4.22980681e-9      -13.8824000               X  1.31099187e-34     -15.0000000                  2.27316291e-16     
 256. -0.9999999999999938 12.999999999999995 -24.5000000               X  1.00000000          7.00000000               X -4.22980681e-9      -13.8780000               X  1.32434154e-34     -15.0000000                  2.27316291e-16     
 257. -0.9999999999999938 12.999999999999993 -24.6000000               X  1.00000000          7.00000000               X -4.22980681e-9      -13.8736000               X  1.33782713e-34     -15.0000000                  2.27316291e-16     
 258. -0.9999999999999937 12.999999999999993 -24.7000000               X  1.00000000          7.00000000               X -4.22980681e-9      -13.8692000               X  1.35145005e-34     -15.0000000                  2.27316291e-16     
 259. -0.9999999999999937 12.999999999999993 -24.8000000               X  1.00000000          7.00000000               X -4.22980681e-9      -13.8648000               X  1.36521170e-34     -15.0000000                  2.27316291e-16     
 260. -0.9999999999999936 12.999999999999993 -24.9000000               X  1.00000000          7.00000000               X -4.22980681e-9      -13.8604000               X  1.37911347e-34     -15.0000000                  2.27316291e-16     
 261. -0.9999999999999936 12.999999999999993 -25.0000000               X  1.00000000          7.00000000               X -4.22980681e-9      -13.8560000               X  1.39315680e-34     -15.0000000                  2.27316291e-16     
 262. -0.9999999999999936 12.999999999999993 -25.1000000               X  1.00000000          7.00000000               X -4.22980681e-9      -13.8516000               X  1.40734314e-34     -15.0000000                  2.27316291e-16     
 263. -0.9999999999999934 12.999999999999993 -25.2000000               X  1.00000000          7.00000000               X -4.22980681e-9      -13.8472000               X  1.42167393e-34     -15.0000000                  2.27316291e-16     
 264. -0.9999999999999933 12.999999999999993 -25.3000000               X  1.00000000          7.00000000               X -4.22980681e-9      -13.8428000               X  1.43615065e-34     -15.0000000                  2.27316291e-16     
 265. -0.9999999999999933 12.999999999999993 -25.4000000               X  1.00000000          7.00000000               X -4.22980681e-9      -13.8384000               X  1.45077479e-34     -15.0000000                  2.27316291e-16     
 266. -0.9999999999999932 12.999999999999993 -25.5000000               X  1.00000000          7.00000000               X -4.22980681e-9      -13.8340000               X  1.46554784e-34     -15.0000000                  2.27316291e-16     
 267. -0.9999999999999931 12.999999999999993 -25.6000000               X  1.00000000          7.00000000               X -4.22980681e-9      -13.8296000               X  1.48047132e-34     -15.0000000                  2.27316291e-16     
 268. -0.9999999999999931 12.999999999999993 -25.7000000               X  1.00000000          7.00000000               X -4.22980681e-9      -13.8252000               X  1.49554677e-34     -15.0000000                  2.27316291e-16     
 269. -0.999999999999993  12.999999999999993 -25.8000000               X  1.00000000          7.00000000               X -4.22980681e-9      -13.8208000               X  1.51077573e-34     -15.0000000                  2.27316291e-16     
 270. -0.999999999999993  12.999999999999993 -25.9000000               X  1.00000000          7.00000000               X -4.22980681e-9      -13.8164000               X  1.52615977e-34     -15.0000000                  2.27316291e-16     
 271. -0.9999999999999929 12.999999999999993 -26.0000000               X  1.00000000          7.00000000               X -4.22980681e-9      -13.8120000               X  1.54170045e-34     -15.0000000                  2.27316291e-16     
 272. -0.9999999999999929 12.999999999999993 -26.1000000               X  1.00000000          7.00000000               X -4.22980681e-9      -13.8076000               X  1.55739939e-34     -15.0000000                  2.27316291e-16     
 273. -0.9999999999999928 12.999999999999993 -26.2000000               X  1.00000000          7.00000000               X -4.22980681e-9      -13.8032000               X  1.57325819e-34     -15.0000000                  2.27316291e-16     
 274. -0.9999999999999927 12.999999999999993 -26.3000000               X  1.00000000          7.00000000               X -4.22980681e-9      -13.7988000               X  1.58927847e-34     -15.0000000                  2.27316291e-16     
 275. -0.9999999999999927 12.999999999999993 -26.4000000               X  1.00000000          7.00000000               X -4.22980681e-9      -13.7944000               X  1.60546189e-34     -15.0000000                  2.27316291e-16     
 276. -0.9999999999999926 12.999999999999993 -26.5000000               X  1.00000000          7.00000000               X -4.22980681e-9      -13.7900000               X  1.62181010e-34     -15.0000000                  2.27316291e-16     
 277. -0.9999999999999925 12.999999999999993 -26.6000000               X  1.00000000          7.00000000               X -4.22980681e-9      -13.7856000               X  1.63832478e-34     -15.0000000                  2.27316291e-16     
 278. -0.9999999999999923 12.999999999999993 -26.7000000               X  1.00000000          7.00000000               X -4.22980681e-9      -13.7812000               X  1.65500763e-34     -15.0000000                  2.27316291e-16     
 279. -0.9999999999999923 12.999999999999993 -26.8000000               X  1.00000000          7.00000000               X -4.22980681e-9      -13.7768000               X  1.67186036e-34     -15.0000000                  2.27316291e-16     
 280. -0.9999999999999922 12.999999999999993 -26.9000000               X  1.00000000          7.00000000               X -4.22980681e-9      -13.7724000               X  1.68888469e-34     -15.0000000                  2.27316291e-16     
 281. -0.9999999999999922 12.999999999999993 -27.0000000               X  1.00000000          7.00000000               X -4.22980681e-9      -13.7680000               X  1.70608239e-34     -15.0000000                  2.27316291e-16     
 282. -0.9999999999999921 12.999999999999993 -27.1000000               X  1.00000000          7.00000000               X -4.22980681e-9      -13.7636000               X  1.72345521e-34     -15.0000000                  2.27316291e-16     
 283. -0.9999999999999921 12.999999999999991 -27.2000000               X  1.00000000          7.00000000               X -4.22980681e-9      -13.7592000               X  1.74100493e-34     -15.0000000                  2.27316291e-16     
 284. -0.999999999999992  12.999999999999991 -27.3000000               X  1.00000000          7.00000000               X -4.22980681e-9      -13.7548000               X  1.75873335e-34     -15.0000000                  2.27316291e-16     
 285. -0.9999999999999919 12.999999999999991 -27.4000000               X  1.00000000          7.00000000               X -4.22980681e-9      -13.7504000               X  1.77664231e-34     -15.0000000                  2.27316291e-16     
 286. -0.9999999999999918 12.999999999999991 -27.5000000               X  1.00000000          7.00000000               X -4.22980681e-9      -13.7460000               X  1.79473363e-34     -15.0000000                  2.27316291e-16     
 287. -0.9999999999999917 12.999999999999991 -27.6000000               X  1.00000000          7.00000000               X -4.22980681e-9      -13.7416000               X  1.81300917e-34     -15.0000000                  2.27316291e-16     
 288. -0.9999999999999917 12.999999999999991 -27.7000000               X  1.00000000          7.00000000               X -4.22980681e-9      -13.7372000               X  1.83147080e-34     -15.0000000                  2.27316291e-16     
 289. -0.9999999999999916 12.999999999999991 -27.8000000               X  1.00000000          7.00000000               X -4.22980681e-9      -13.7328000               X  1.85012043e-34     -15.0000000                  2.27316291e-16     
 290. -0.9999999999999915 12.999999999999991 -27.9000000               X  1.00000000          7.00000000               X -4.22980681e-9      -13.7284000               X  1.86895997e-34     -15.0000000                  2.27316291e-16     
 291. -0.9999999999999915 12.999999999999991 -28.0000000               X  1.00000000          7.00000000               X -4.22980681e-9      -13.7240000               X  1.88799135e-34     -15.0000000                  2.27316291e-16     
 292. -0.9999999999999913 12.999999999999991 -28.1000000               X  1.00000000          7.00000000               X -4.22980681e-9      -13.7196000               X  1.90721652e-34     -15.0000000                  2.27316291e-16     
 293. -0.9999999999999912 12.999999999999991 -28.2000000               X  1.00000000          7.00000000               X -4.22980681e-9      -13.7152000               X  1.92663746e-34     -15.0000000                  2.27316291e-16     
 294. -0.9999999999999912 12.999999999999991 -28.3000000               X  1.00000000          7.00000000               X -4.22980681e-9      -13.7108000               X  1.94625616e-34     -15.0000000                  2.27316291e-16     
 295. -0.9999999999999911 12.999999999999991 -28.4000000               X  1.00000000          7.00000000               X -4.22980681e-9      -13.7064000               X  1.96607463e-34     -15.0000000                  2.27316291e-16     
 296. -0.999999999999991  12.999999999999991 -28.5000000               X  1.00000000          7.00000000               X -4.22980681e-9      -13.7020000               X  1.98609492e-34     -15.0000000                  2.27316291e-16     
 297. -0.9999999999999909 12.999999999999991 -28.6000000               X  1.00000000          7.00000000               X -4.22980681e-9      -13.6976000               X  2.00631906e-34     -15.0000000                  2.27316291e-16     
 298. -0.9999999999999908 12.999999999999991 -28.7000000               X  1.00000000          7.00000000               X -4.22980681e-9      -13.6932000               X  2.02674915e-34     -15.0000000                  2.27316291e-16     
 299. -0.9999999999999907 12.999999999999991 -28.8000000               X  1.00000000          7.00000000               X -4.22980681e-9      -13.6888000               X  2.04738728e-34     -15.0000000                  2.27316291e-16     

 1.0  -0.9999999999999907 12.999999999999991 -28.9000000               X  1.00000000          7.00000000               X -4.22980681e-9      -13.6844000               X  2.06823556e-34     -15.0000000                  2.27316291e-16     
 2.0  -0.9999999999999906 12.999999999999991 -29.0000000               X  1.00000000          7.00000000               X -4.22980681e-9      -13.6800000               X  2.08929613e-34     -15.0000000                  2.27316291e-16     
 3.0  -0.9999999999999905 12.999999999999991 -29.1000000               X  1.00000000          7.00000000               X -4.22980681e-9      -13.6756000               X  2.11057116e-34     -15.0000000                  2.27316291e-16     
 4.0  -0.9999999999999903 12.999999999999991 -29.2000000               X  1.00000000          7.00000000               X -4.22980681e-9      -13.6712000               X  2.13206284e-34     -15.0000000                  2.27316291e-16     
 5.0  -0.9999999999999902 12.99999999999999  -29.3000000               X  1.00000000          7.00000000               X -4.22980681e-9      -13.6668000               X  2.15377336e-34     -15.0000000                  2.27316291e-16     
 6.0  -0.9999999999999902 12.99999999999999  -29.4000000               X  1.00000000          7.00000000               X -4.22980681e-9      -13.6624000               X  2.17570495e-34     -15.0000000                  2.27316291e-16     
 7.0  -0.9999999999999901 12.99999999999999  -29.5000000               X  1.00000000          7.00000000               X -4.22980681e-9      -13.6580000               X  2.19785987e-34     -15.0000000                  2.27316291e-16     
 8.0  -0.99999999999999   12.99999999999999  -29.6000000               X  1.00000000          7.00000000               X -4.22980681e-9      -13.6536000               X  2.22024040e-34     -15.0000000                  2.27316291e-16     
 9.0  -0.9999999999999899 12.99999999999999  -29.7000000               X  1.00000000          7.00000000               X -4.22980681e-9      -13.6492000               X  2.24284882e-34     -15.0000000                  2.27316291e-16     
 10.0 -0.9999999999999898 12.99999999999999  -29.8000000               X  1.00000000          7.00000000               X -4.22980681e-9      -13.6448000               X  2.26568746e-34     -15.0000000                  2.27316291e-16     
 11.0 -0.9999999999999897 12.99999999999999  -29.9000000               X  1.00000000          7.00000000               X -4.22980681e-9      -13.6404000               X  2.28875866e-34     -15.0000000                  2.27316291e-16     
 12.0 -0.9999999999999896 12.99999999999999  -30.0000000               X  1.00000000          7.00000000               X -4.22980681e-9      -13.6360000               X  2.31206479e-34     -15.0000000                  2.27316291e-16     
 13.0 -0.9999999999999895 12.99999999999999  -30.1000000               X  1.00000000          7.00000000               X -4.22980681e-9      -13.6316000               X  2.33560825e-34     -15.0000000                  2.27316291e-16     
 14.0 -0.9999999999999895 12.99999999999999  -30.2000000               X  1.00000000          7.00000000               X -4.22980681e-9      -13.6272000               X  2.35939144e-34     -15.0000000                  2.27316291e-16     
 15.0 -0.9999999999999892 12.99999999999999  -30.3000000               X  1.00000000          7.00000000               X -4.22980681e-9      -13.6228000               X  2.38341682e-34     -15.0000000                  2.27316291e-16     
 16.0 -0.9999999999999892 12.99999999999999  -30.4000000               X  1.00000000          7.00000000               X -4.22980681e-9      -13.6184000               X  2.40768685e-34     -15.0000000                  2.27316291e-16     
 17.0 -0.9999999999999891 12.99999999999999  -30.5000000               X  1.00000000          7.00000000               X -4.22980681e-9      -13.6140000               X  2.43220401e-34     -15.0000000                  2.27316291e-16     
 18.0 -0.999999999999989  12.99999999999999  -30.6000000               X  1.00000000          7.00000000               X -4.22980681e-9      -13.6096000               X  2.45697083e-34     -15.0000000                  2.27316291e-16     
 19.0 -0.9999999999999889 12.99999999999999  -30.7000000               X  1.00000000          7.00000000               X -4.22980681e-9      -13.6052000               X  2.48198984e-34     -15.0000000                  2.27316291e-16     
 20.0 -0.9999999999999888 12.99999999999999  -30.8000000               X  1.00000000          7.00000000               X -4.22980681e-9      -13.6008000               X  2.50726362e-34     -15.0000000                  2.27316291e-16     
 21.0 -0.9999999999999887 12.99999999999999  -30.9000000               X  1.00000000          7.00000000               X -4.22980681e-9      -13.5964000               X  2.53279477e-34     -15.0000000                  2.27316291e-16     
 22.0 -0.9999999999999886 12.99999999999999  -31.0000000               X  1.00000000          7.00000000               X -4.22980681e-9      -13.5920000               X  2.55858589e-34     -15.0000000                  2.27316291e-16     
 23.0 -0.9999999999999885 12.999999999999988 -31.1000000               X  1.00000000          7.00000000               X -4.22980681e-9      -13.5876000               X  2.58463964e-34     -15.0000000                  2.27316291e-16     
 24.0 -0.9999999999999882 12.999999999999988 -31.2000000               X  1.00000000          7.00000000               X -4.22980681e-9      -13.5832000               X  2.61095869e-34     -15.0000000                  2.27316291e-16     
 25.0 -0.9999999999999882 12.999999999999988 -31.3000000               X  1.00000000          7.00000000               X -4.22980681e-9      -13.5788000               X  2.63754574e-34     -15.0000000                  2.27316291e-16     
 26.0 -0.999999999999988  12.999999999999988 -31.4000000               X  1.00000000          7.00000000               X -4.22980681e-9      -13.5744000               X  2.66440353e-34     -15.0000000                  2.27316291e-16     
 27.0 -0.999999999999988  12.999999999999988 -31.5000000               X  1.00000000          7.00000000               X -4.22980681e-9      -13.5700000               X  2.69153480e-34     -15.0000000                  2.27316291e-16     
 28.0 -0.9999999999999879 12.999999999999988 -31.6000000               X  1.00000000          7.00000000               X -4.22980681e-9      -13.5656000               X  2.71894235e-34     -15.0000000                  2.27316291e-16     
 29.0 -0.9999999999999878 12.999999999999988 -31.7000000               X  1.00000000          7.00000000               X -4.22980681e-9      -13.5612000               X  2.74662899e-34     -15.0000000                  2.27316291e-16     
 30.0 -0.9999999999999876 12.999999999999988 -31.8000000               X  1.00000000          7.00000000               X -4.22980681e-9      -13.5568000               X  2.77459756e-34     -15.0000000                  2.27316291e-16     
 31.0 -0.9999999999999875 12.999999999999988 -31.9000000               X  1.00000000          7.00000000               X -4.22980681e-9      -13.5524000               X  2.80285093e-34     -15.0000000                  2.27316291e-16     
 32.0 -0.9999999999999873 12.999999999999988 -32.0000000               X  1.00000000          7.00000000               X -4.22980681e-9      -13.5480000               X  2.83139200e-34     -15.0000000                  2.27316291e-16     
 33.0 -0.9999999999999872 12.999999999999988 -32.1000000               X  1.00000000          7.00000000               X -4.22980681e-9      -13.5436000               X  2.86022369e-34     -15.0000000                  2.27316291e-16     
 34.0 -0.9999999999999871 12.999999999999988 -32.2000000               X  1.00000000          7.00000000               X -4.22980681e-9      -13.5392000               X  2.88934898e-34     -15.0000000                  2.27316291e-16     
 35.0 -0.999999999999987  12.999999999999988 -32.3000000               X  1.00000000          7.00000000               X -4.22980681e-9      -13.5348000               X  2.91877085e-34     -15.0000000                  2.27316291e-16     
 36.0 -0.9999999999999868 12.999999999999988 -32.4000000               X  1.00000000          7.00000000               X -4.22980681e-9      -13.5304000               X  2.94849231e-34     -15.0000000                  2.27316291e-16     
 37.0 -0.9999999999999867 12.999999999999986 -32.5000000               X  1.00000000          7.00000000               X -4.22980681e-9      -13.5260000               X  2.97851643e-34     -15.0000000                  2.27316291e-16     
 38.0 -0.9999999999999866 12.999999999999986 -32.6000000               X  1.00000000          7.00000000               X -4.22980681e-9      -13.5216000               X  3.00884628e-34     -15.0000000                  2.27316291e-16     
 39.0 -0.9999999999999865 12.999999999999986 -32.7000000               X  1.00000000          7.00000000               X -4.22980681e-9      -13.5172000               X  3.03948497e-34     -15.0000000                  2.27316291e-16     
 40.0 -0.9999999999999863 12.999999999999986 -32.8000000               X  1.00000000          7.00000000               X -4.22980681e-9      -13.5128000               X  3.07043565e-34     -15.0000000                  2.27316291e-16     
 41.0 -0.9999999999999861 12.999999999999986 -32.9000000               X  1.00000000          7.00000000               X -4.22980681e-9      -13.5084000               X  3.10170150e-34     -15.0000000                  2.27316291e-16     
 42.0 -0.9999999999999861 12.999999999999986 -33.0000000               X  1.00000000          7.00000000               X -4.22980681e-9      -13.5040000               X  3.13328572e-34     -15.0000000                  2.27316291e-16     
 43.0 -0.9999999999999859 12.999999999999986 -33.1000000               X  1.00000000          7.00000000               X -4.22980681e-9      -13.4996000               X  3.16519157e-34     -15.0000000                  2.27316291e-16     
 44.0 -0.9999999999999858 12.999999999999986 -33.2000000               X  1.00000000          7.00000000               X -4.22980681e-9      -13.4952000               X  3.19742230e-34     -15.0000000                  2.27316291e-16     
 45.0 -0.9999999999999857 12.999999999999986 -33.3000000               X  1.00000000          7.00000000               X -4.22980681e-9      -13.4908000               X  3.22998124e-34     -15.0000000                  2.27316291e-16     
 46.0 -0.9999999999999855 12.999999999999986 -33.4000000               X  1.00000000          7.00000000               X -4.22980681e-9      -13.4864000               X  3.26287172e-34     -15.0000000                  2.27316291e-16     
 47.0 -0.9999999999999853 12.999999999999986 -33.5000000               X  1.00000000          7.00000000               X -4.22980681e-9      -13.4820000               X  3.29609712e-34     -15.0000000                  2.27316291e-16     
 48.0 -0.9999999999999852 12.999999999999986 -33.6000000               X  1.00000000          7.00000000               X -4.22980681e-9      -13.4776000               X  3.32966085e-34     -15.0000000                  2.27316291e-16     
 49.0 -0.9999999999999851 12.999999999999986 -33.7000000               X  1.00000000          7.00000000               X -4.22980681e-9      -13.4732000               X  3.36356636e-34     -15.0000000                  2.27316291e-16     
 50.0 -0.9999999999999849 12.999999999999984 -33.8000000               X  1.00000000          7.00000000               X -4.22980681e-9      -13.4688000               X  3.39781712e-34     -15.0000000                  2.27316291e-16     
 51.0 -0.9999999999999848 12.999999999999984 -33.9000000               X  1.00000000          7.00000000               X -4.22980681e-9      -13.4644000               X  3.43241665e-34     -15.0000000                  2.27316291e-16     
 52.0 -0.9999999999999847 12.999999999999984 -34.0000000               X  1.00000000          7.00000000               X -4.22980681e-9      -13.4600000               X  3.46736850e-34     -15.0000000                  2.27316291e-16     
 53.0 -0.9999999999999845 12.999999999999984 -34.1000000               X  1.00000000          7.00000000               X -4.22980681e-9      -13.4556000               X  3.50267627e-34     -15.0000000                  2.27316291e-16     
 54.0 -0.9999999999999843 12.999999999999984 -34.2000000               X  1.00000000          7.00000000               X -4.22980681e-9      -13.4512000               X  3.53834357e-34     -15.0000000                  2.27316291e-16     
 55.0 -0.9999999999999842 12.999999999999984 -34.3000000               X  1.00000000          7.00000000               X -4.22980681e-9      -13.4468000               X  3.57437406e-34     -15.0000000                  2.27316291e-16     
 56.0 -0.999999999999984  12.999999999999984 -34.4000000               X  1.00000000          7.00000000               X -4.22980681e-9      -13.4424000               X  3.61077145e-34     -15.0000000                  2.27316291e-16     
 57.0 -0.9999999999999839 12.999999999999984 -34.5000000               X  1.00000000          7.00000000               X -4.22980681e-9      -13.4380000               X  3.64753947e-34     -15.0000000                  2.27316291e-16     
 58.0 -0.9999999999999837 12.999999999999984 -34.6000000               X  1.00000000          7.00000000               X -4.22980681e-9      -13.4336000               X  3.68468189e-34     -15.0000000                  2.27316291e-16     
 59.0 -0.9999999999999836 12.999999999999984 -34.7000000               X  1.00000000          7.00000000               X -4.22980681e-9      -13.4292000               X  3.72220253e-34     -15.0000000                  2.27316291e-16     
 60.0 -0.9999999999999833 12.999999999999984 -34.8000000               X  1.00000000          7.00000000               X -4.22980681e-9      -13.4248000               X  3.76010524e-34     -15.0000000                  2.27316291e-16     
 61.0 -0.9999999999999832 12.999999999999982 -34.9000000               X  1.00000000          7.00000000               X -4.22980681e-9      -13.4204000               X  3.79839390e-34     -15.0000000                  2.27316291e-16     
 62.0 -0.999999999999983  12.999999999999982 -35.0000000               X  1.00000000          7.00000000               X -4.22980681e-9      -13.4160000               X  3.83707245e-34     -15.0000000                  2.27316291e-16     
 63.0 -0.9999999999999829 12.999999999999982 -35.1000000               X  1.00000000          7.00000000               X -4.22980681e-9      -13.4116000               X  3.87614487e-34     -15.0000000                  2.27316291e-16     
 64.0 -0.9999999999999828 12.999999999999982 -35.2000000               X  1.00000000          7.00000000               X -4.22980681e-9      -13.4072000               X  3.91561515e-34     -15.0000000                  2.27316291e-16     
 65.0 -0.9999999999999825 12.999999999999982 -35.3000000               X  1.00000000          7.00000000               X -4.22980681e-9      -13.4028000               X  3.95548735e-34     -15.0000000                  2.27316291e-16     
 66.0 -0.9999999999999823 12.999999999999982 -35.4000000               X  1.00000000          7.00000000               X -4.22980681e-9      -13.3984000               X  3.99576557e-34     -15.0000000                  2.27316291e-16     
 67.0 -0.9999999999999822 12.999999999999982 -35.5000000               X  1.00000000          7.00000000               X -4.22980681e-9      -13.3940000               X  4.03645393e-34     -15.0000000                  2.27316291e-16     
 68.0 -0.999999999999982  12.999999999999982 -35.6000000               X  1.00000000          7.00000000               X -4.22980681e-9      -13.3896000               X  4.07755662e-34     -15.0000000                  2.27316291e-16     
 69.0 -0.9999999999999818 12.999999999999982 -35.7000000               X  1.00000000          7.00000000               X -4.22980681e-9      -13.3852000               X  4.11907785e-34     -15.0000000                  2.27316291e-16     
 70.0 -0.9999999999999817 12.999999999999982 -35.8000000               X  1.00000000          7.00000000               X -4.22980681e-9      -13.3808000               X  4.16102189e-34     -15.0000000                  2.27316291e-16     
 71.0 -0.9999999999999815 12.99999999999998  -35.9000000               X  1.00000000          7.00000000               X -4.22980681e-9      -13.3764000               X  4.20339303e-34     -15.0000000                  2.27316291e-16     
 72.0 -0.9999999999999812 12.99999999999998  -36.0000000               X  1.00000000          7.00000000               X -4.22980681e-9      -13.3720000               X  4.24619564e-34     -15.0000000                  2.27316291e-16     
 73.0 -0.9999999999999811 12.99999999999998  -36.1000000               X  1.00000000          7.00000000               X -4.22980681e-9      -13.3676000               X  4.28943410e-34     -15.0000000                  2.27316291e-16     
 74.0 -0.9999999999999809 12.99999999999998  -36.2000000               X  1.00000000          7.00000000               X -4.22980681e-9      -13.3632000               X  4.33311285e-34     -15.0000000                  2.27316291e-16     
 75.0 -0.9999999999999808 12.99999999999998  -36.3000000               X  1.00000000          7.00000000               X -4.22980681e-9      -13.3588000               X  4.37723638e-34     -15.0000000                  2.27316291e-16     
 76.0 -0.9999999999999806 12.99999999999998  -36.4000000               X  1.00000000          7.00000000               X -4.22980681e-9      -13.3544000               X  4.42180921e-34     -15.0000000                  2.27316291e-16     
 77.0 -0.9999999999999803 12.99999999999998  -36.5000000               X  1.00000000          7.00000000               X -4.22980681e-9      -13.3500000               X  4.46683592e-34     -15.0000000                  2.27316291e-16     
 78.0 -0.9999999999999801 12.99999999999998  -36.6000000               X  1.00000000          7.00000000               X -4.22980681e-9      -13.3456000               X  4.51232113e-34     -15.0000000                  2.27316291e-16     
 79.0 -0.99999999999998   12.99999999999998  -36.7000000               X  1.00000000          7.00000000               X -4.22980681e-9      -13.3412000               X  4.55826952e-34     -15.0000000                  2.27316291e-16     
 80.0 -0.9999999999999797 12.999999999999979 -36.8000000               X  1.00000000          7.00000000               X -4.22980681e-9      -13.3368000               X  4.60468578e-34     -15.0000000                  2.27316291e-16     
 81.0 -0.9999999999999796 12.999999999999979 -36.9000000               X  1.00000000          7.00000000               X -4.22980681e-9      -13.3324000               X  4.65157470e-34     -15.0000000                  2.27316291e-16     
 82.0 -0.9999999999999793 12.999999999999979 -37.0000000               X  1.00000000          7.00000000               X -4.22980681e-9      -13.3280000               X  4.69894109e-34     -15.0000000                  2.27316291e-16     
 83.0 -0.9999999999999791 12.999999999999979 -37.1000000               X  1.00000000          7.00000000               X -4.22980681e-9      -13.3236000               X  4.74678979e-34     -15.0000000                  2.27316291e-16     
 84.0 -0.9999999999999789 12.999999999999979 -37.2000000               X  1.00000000          7.00000000               X -4.22980681e-9      -13.3192000               X  4.79512574e-34     -15.0000000                  2.27316291e-16     
 85.0 -0.9999999999999787 12.999999999999979 -37.3000000               X  1.00000000          7.00000000               X -4.22980681e-9      -13.3148000               X  4.84395389e-34     -15.0000000                  2.27316291e-16     
 86.0 -0.9999999999999786 12.999999999999979 -37.4000000               X  1.00000000          7.00000000               X -4.22980681e-9      -13.3104000               X  4.89327924e-34     -15.0000000                  2.27316291e-16     
 87.0 -0.9999999999999782 12.999999999999979 -37.5000000               X  1.00000000          7.00000000               X -4.22980681e-9      -13.3060000               X  4.94310687e-34     -15.0000000                  2.27316291e-16     
 88.0 -0.9999999999999781 12.999999999999979 -37.6000000               X  1.00000000          7.00000000               X -4.22980681e-9      -13.3016000               X  4.99344189e-34     -15.0000000                  2.27316291e-16     
 89.0 -0.9999999999999779 12.999999999999977 -37.7000000               X  1.00000000          7.00000000               X -4.22980681e-9      -13.2972000               X  5.04428946e-34     -15.0000000                  2.27316291e-16     
 90.0 -0.9999999999999777 12.999999999999977 -37.8000000               X  1.00000000          7.00000000               X -4.22980681e-9      -13.2928000               X  5.09565481e-34     -15.0000000                  2.27316291e-16     
 91.0 -0.9999999999999775 12.999999999999977 -37.9000000               X  1.00000000          7.00000000               X -4.22980681e-9      -13.2884000               X  5.14754320e-34     -15.0000000                  2.27316291e-16     
 92.0 -0.9999999999999772 12.999999999999977 -38.0000000               X  1.00000000          7.00000000               X -4.22980681e-9      -13.2840000               X  5.19995997e-34     -15.0000000                  2.27316291e-16     
 93.0 -0.9999999999999769 12.999999999999977 -38.1000000               X  1.00000000          7.00000000               X -4.22980681e-9      -13.2796000               X  5.25291048e-34     -15.0000000                  2.27316291e-16     
 94.0 -0.9999999999999767 12.999999999999977 -38.2000000               X  1.00000000          7.00000000               X -4.22980681e-9      -13.2752000               X  5.30640019e-34     -15.0000000                  2.27316291e-16     
 95.0 -0.9999999999999765 12.999999999999977 -38.3000000               X  1.00000000          7.00000000               X -4.22980681e-9      -13.2708000               X  5.36043458e-34     -15.0000000                  2.27316291e-16     
 96.0 -0.9999999999999762 12.999999999999975 -38.4000000               X  1.00000000          7.00000000               X -4.22980681e-9      -13.2664000               X  5.41501919e-34     -15.0000000                  2.27316291e-16     
 97.0 -0.999999999999976  12.999999999999975 -38.5000000               X  1.00000000          7.00000000               X -4.22980681e-9      -13.2620000               X  5.47015963e-34     -15.0000000                  2.27316291e-16     
 98.0 -0.9999999999999758 12.999999999999975 -38.6000000               X  1.00000000          7.00000000               X -4.22980681e-9      -13.2576000               X  5.52586156e-34     -15.0000000                  2.27316291e-16     
 99.0 -0.9999999999999755 12.999999999999975 -38.7000000               X  1.00000000          7.00000000               X -4.22980681e-9      -13.2532000               X  5.58213069e-34     -15.0000000                  2.27316291e-16     
 100. -0.9999999999999752 12.999999999999975 -38.8000000               X  1.00000000          7.00000000               X -4.22980681e-9      -13.2488000               X  5.63897280e-34     -15.0000000                  2.27316291e-16     
 101. -0.999999999999975  12.999999999999975 -38.9000000               X  1.00000000          7.00000000               X -4.22980681e-9      -13.2444000               X  5.69639373e-34     -15.0000000                  2.27316291e-16     
 102. -0.9999999999999748 12.999999999999975 -39.0000000               X  1.00000000          7.00000000               X -4.22980681e-9      -13.2400000               X  5.75439937e-34     -15.0000000                  2.27316291e-16     
 103. -0.9999999999999746 12.999999999999975 -39.1000000               X  1.00000000          7.00000000               X -4.22980681e-9      -13.2356000               X  5.81299568e-34     -15.0000000                  2.27316291e-16     
 104. -0.9999999999999744 12.999999999999973 -39.2000000               X  1.00000000          7.00000000               X -4.22980681e-9      -13.2312000               X  5.87218866e-34     -15.0000000                  2.27316291e-16     
 105. -0.999999999999974  12.999999999999973 -39.3000000               X  1.00000000          7.00000000               X -4.22980681e-9      -13.2268000               X  5.93198440e-34     -15.0000000                  2.27316291e-16     
 106. -0.9999999999999738 12.999999999999973 -39.4000000               X  1.00000000          7.00000000               X -4.22980681e-9      -13.2224000               X  5.99238903e-34     -15.0000000                  2.27316291e-16     
 107. -0.9999999999999735 12.999999999999973 -39.5000000               X  1.00000000          7.00000000               X -4.22980681e-9      -13.2180000               X  6.05340875e-34     -15.0000000                  2.27316291e-16     
 108. -0.9999999999999732 12.999999999999973 -39.6000000               X  1.00000000          7.00000000               X -4.22980681e-9      -13.2136000               X  6.11504983e-34     -15.0000000                  2.27316291e-16     
 109. -0.999999999999973  12.999999999999973 -39.7000000               X  1.00000000          7.00000000               X -4.22980681e-9      -13.2092000               X  6.17731859e-34     -15.0000000                  2.27316291e-16     
 110. -0.9999999999999727 12.999999999999972 -39.8000000               X  1.00000000          7.00000000               X -4.22980681e-9      -13.2048000               X  6.24022142e-34     -15.0000000                  2.27316291e-16     
 111. -0.9999999999999725 12.999999999999972 -39.9000000               X  1.00000000          7.00000000               X -4.22980681e-9      -13.2004000               X  6.30376479e-34     -15.0000000                  2.27316291e-16     
 112. -0.9999999999999721 12.999999999999972 -40.0000000               X  1.00000000          7.00000000               X -4.22980681e-9      -13.1960000               X  6.36795521e-34     -15.0000000                  2.27316291e-16     
 113. -0.9999999999999719 12.999999999999972 -40.1000000               X  1.00000000          7.00000000               X -4.22980681e-9      -13.1916000               X  6.43279927e-34     -15.0000000                  2.27316291e-16     
 114. -0.9999999999999717 12.999999999999972 -40.2000000               X  1.00000000          7.00000000               X -4.22980681e-9      -13.1872000               X  6.49830363e-34     -15.0000000                  2.27316291e-16     
 115. -0.9999999999999714 12.999999999999972 -40.3000000               X  1.00000000          7.00000000               X -4.22980681e-9      -13.1828000               X  6.56447502e-34     -15.0000000                  2.27316291e-16     
 116. -0.999999999999971  12.999999999999972 -40.4000000               X  1.00000000          7.00000000               X -4.22980681e-9      -13.1784000               X  6.63132022e-34     -15.0000000                  2.27316291e-16     
 117. -0.9999999999999707 12.99999999999997  -40.5000000               X  1.00000000          7.00000000               X -4.22980681e-9      -13.1740000               X  6.69884609e-34     -15.0000000                  2.27316291e-16     
 118. -0.9999999999999705 12.99999999999997  -40.6000000               X  1.00000000          7.00000000               X -4.22980681e-9      -13.1696000               X  6.76705958e-34     -15.0000000                  2.27316291e-16     
 119. -0.9999999999999701 12.99999999999997  -40.7000000               X  1.00000000          7.00000000               X -4.22980681e-9      -13.1652000               X  6.83596767e-34     -15.0000000                  2.27316291e-16     
 120. -0.9999999999999698 12.99999999999997  -40.8000000               X  1.00000000          7.00000000               X -4.22980681e-9      -13.1608000               X  6.90557744e-34     -15.0000000                  2.27316291e-16     
 121. -0.9999999999999696 12.99999999999997  -40.9000000               X  1.00000000          7.00000000               X -4.22980681e-9      -13.1564000               X  6.97589604e-34     -15.0000000                  2.27316291e-16     
 122. -0.9999999999999692 12.99999999999997  -41.0000000               X  1.00000000          7.00000000               X -4.22980681e-9      -13.1520000               X  7.04693069e-34     -15.0000000                  2.27316291e-16     
 123. -0.9999999999999689 12.999999999999968 -41.1000000               X  1.00000000          7.00000000               X -4.22980681e-9      -13.1476000               X  7.11868867e-34     -15.0000000                  2.27316291e-16     
 124. -0.9999999999999686 12.999999999999968 -41.2000000               X  1.00000000          7.00000000               X -4.22980681e-9      -13.1432000               X  7.19117736e-34     -15.0000000                  2.27316291e-16     
 125. -0.9999999999999682 12.999999999999968 -41.3000000               X  1.00000000          7.00000000               X -4.22980681e-9      -13.1388000               X  7.26440419e-34     -15.0000000                  2.27316291e-16     
 126. -0.999999999999968  12.999999999999968 -41.4000000               X  1.00000000          7.00000000               X -4.22980681e-9      -13.1344000               X  7.33837667e-34     -15.0000000                  2.27316291e-16     
 127. -0.9999999999999677 12.999999999999968 -41.5000000               X  1.00000000          7.00000000               X -4.22980681e-9      -13.1300000               X  7.41310241e-34     -15.0000000                  2.27316291e-16     
 128. -0.9999999999999674 12.999999999999966 -41.6000000               X  1.00000000          7.00000000               X -4.22980681e-9      -13.1256000               X  7.48858908e-34     -15.0000000                  2.27316291e-16     
 129. -0.999999999999967  12.999999999999966 -41.7000000               X  1.00000000          7.00000000               X -4.22980681e-9      -13.1212000               X  7.56484441e-34     -15.0000000                  2.27316291e-16     
 130. -0.9999999999999667 12.999999999999966 -41.8000000               X  1.00000000          7.00000000               X -4.22980681e-9      -13.1168000               X  7.64187624e-34     -15.0000000                  2.27316291e-16     
 131. -0.9999999999999664 12.999999999999966 -41.9000000               X  1.00000000          7.00000000               X -4.22980681e-9      -13.1124000               X  7.71969248e-34     -15.0000000                  2.27316291e-16     
 132. -0.999999999999966  12.999999999999966 -42.0000000               X  1.00000000          7.00000000               X -4.22980681e-9      -13.1080000               X  7.79830111e-34     -15.0000000                  2.27316291e-16     
 133. -0.9999999999999657 12.999999999999964 -42.1000000               X  1.00000000          7.00000000               X -4.22980681e-9      -13.1036000               X  7.87771020e-34     -15.0000000                  2.27316291e-16     
 134. -0.9999999999999654 12.999999999999964 -42.2000000               X  1.00000000          7.00000000               X -4.22980681e-9      -13.0992000               X  7.95792790e-34     -15.0000000                  2.27316291e-16     
 135. -0.9999999999999649 12.999999999999964 -42.3000000               X  1.00000000          7.00000000               X -4.22980681e-9      -13.0948000               X  8.03896245e-34     -15.0000000                  2.27316291e-16     
 136. -0.9999999999999647 12.999999999999964 -42.4000000               X  1.00000000          7.00000000               X -4.22980681e-9      -13.0904000               X  8.12082216e-34     -15.0000000                  2.27316291e-16     
 137. -0.9999999999999643 12.999999999999964 -42.5000000               X  1.00000000          7.00000000               X -4.22980681e-9      -13.0860000               X  8.20351544e-34     -15.0000000                  2.27316291e-16     
 138. -0.9999999999999639 12.999999999999964 -42.6000000               X  1.00000000          7.00000000               X -4.22980681e-9      -13.0816000               X  8.28705078e-34     -15.0000000                  2.27316291e-16     
 139. -0.9999999999999636 12.999999999999963 -42.7000000               X  1.00000000          7.00000000               X -4.22980681e-9      -13.0772000               X  8.37143674e-34     -15.0000000                  2.27316291e-16     
 140. -0.9999999999999633 12.999999999999963 -42.8000000               X  1.00000000          7.00000000               X -4.22980681e-9      -13.0728000               X  8.45668200e-34     -15.0000000                  2.27316291e-16     
 141. -0.9999999999999628 12.999999999999963 -42.9000000               X  1.00000000          7.00000000               X -4.22980681e-9      -13.0684000               X  8.54279530e-34     -15.0000000                  2.27316291e-16     
 142. -0.9999999999999625 12.999999999999963 -43.0000000               X  1.00000000          7.00000000               X -4.22980681e-9      -13.0640000               X  8.62978548e-34     -15.0000000                  2.27316291e-16     
 143. -0.999999999999962  12.999999999999961 -43.1000000               X  1.00000000          7.00000000               X -4.22980681e-9      -13.0596000               X  8.71766147e-34     -15.0000000                  2.27316291e-16     
 144. -0.9999999999999617 12.999999999999961 -43.2000000               X  1.00000000          7.00000000               X -4.22980681e-9      -13.0552000               X  8.80643228e-34     -15.0000000                  2.27316291e-16     
 145. -0.9999999999999613 12.999999999999961 -43.3000000               X  1.00000000          7.00000000               X -4.22980681e-9      -13.0508000               X  8.89610704e-34     -15.0000000                  2.27316291e-16     
 146. -0.9999999999999609 12.999999999999961 -43.4000000               X  1.00000000          7.00000000               X -4.22980681e-9      -13.0464000               X  8.98669495e-34     -15.0000000                  2.27316291e-16     
 147. -0.9999999999999606 12.999999999999961 -43.5000000               X  1.00000000          7.00000000               X -4.22980681e-9      -13.0420000               X  9.07820530e-34     -15.0000000                  2.27316291e-16     
 148. -0.99999999999996   12.99999999999996  -43.6000000               X  1.00000000          7.00000000               X -4.22980681e-9      -13.0376000               X  9.17064749e-34     -15.0000000                  2.27316291e-16     
 149. -0.9999999999999597 12.99999999999996  -43.7000000               X  1.00000000          7.00000000               X -4.22980681e-9      -13.0332000               X  9.26403101e-34     -15.0000000                  2.27316291e-16     
 150. -0.9999999999999594 12.99999999999996  -43.8000000               X  1.00000000          7.00000000               X -4.22980681e-9      -13.0288000               X  9.35836544e-34     -15.0000000                  2.27316291e-16     
 151. -0.9999999999999589 12.99999999999996  -43.9000000               X  1.00000000          7.00000000               X -4.22980681e-9      -13.0244000               X  9.45366046e-34     -15.0000000                  2.27316291e-16     
 152. -0.9999999999999585 12.999999999999957 -44.0000000               X  1.00000000          7.00000000               X -4.22980681e-9      -13.0200000               X  9.54992586e-34     -15.0000000                  2.27316291e-16     
 153. -0.999999999999958  12.999999999999957 -44.1000000               X  1.00000000          7.00000000               X -4.22980681e-9      -13.0156000               X  9.64717152e-34     -15.0000000                  2.27316291e-16     
 154. -0.9999999999999577 12.999999999999957 -44.2000000               X  1.00000000          7.00000000               X -4.22980681e-9      -13.0112000               X  9.74540742e-34     -15.0000000                  2.27316291e-16     
 155. -0.9999999999999571 12.999999999999957 -44.3000000               X  1.00000000          7.00000000               X -4.22980681e-9      -13.0068000               X  9.84464364e-34     -15.0000000                  2.27316291e-16     
 156. -0.9999999999999568 12.999999999999956 -44.4000000               X  1.00000000          7.00000000               X -4.22980681e-9      -13.0024000               X  9.94489037e-34     -15.0000000                  2.27316291e-16     
 157. -0.9999999999999564 12.999999999999956 -44.5000000               X  1.00000000          7.00000000               X -4.22980681e-9      -12.9980000               X  1.00461579e-33     -15.0000000                  2.27316291e-16     
 158. -0.9999999999999559 12.999999999999956 -44.6000000               X  1.00000000          7.00000000               X -4.22980681e-9      -12.9936000               X  1.01484566e-33     -15.0000000                  2.27316291e-16     
 159. -0.9999999999999555 12.999999999999956 -44.7000000               X  1.00000000          7.00000000               X -4.22980681e-9      -12.9892000               X  1.02517970e-33     -15.0000000                  2.27316291e-16     
 160. -0.999999999999955  12.999999999999954 -44.8000000               X  1.00000000          7.00000000               X -4.22980681e-9      -12.9848000               X  1.03561898e-33     -15.0000000                  2.27316291e-16     
 161. -0.9999999999999545 12.999999999999954 -44.9000000               X  1.00000000          7.00000000               X -4.22980681e-9      -12.9804000               X  1.04616455e-33     -15.0000000                  2.27316291e-16     
 162. -0.9999999999999541 12.999999999999954 -45.0000000               X  1.00000000          7.00000000               X -4.22980681e-9      -12.9760000               X  1.05681751e-33     -15.0000000                  2.27316291e-16     
 163. -0.9999999999999536 12.999999999999954 -45.1000000               X  1.00000000          7.00000000               X -4.22980681e-9      -12.9716000               X  1.06757895e-33     -15.0000000                  2.27316291e-16     
 164. -0.9999999999999531 12.999999999999952 -45.2000000               X  1.00000000          7.00000000               X -4.22980681e-9      -12.9672000               X  1.07844996e-33     -15.0000000                  2.27316291e-16     
 165. -0.9999999999999527 12.999999999999952 -45.3000000               X  1.00000000          7.00000000               X -4.22980681e-9      -12.9628000               X  1.08943168e-33     -15.0000000                  2.27316291e-16     
 166. -0.9999999999999523 12.999999999999952 -45.4000000               X  1.00000000          7.00000000               X -4.22980681e-9      -12.9584000               X  1.10052522e-33     -15.0000000                  2.27316291e-16     
 167. -0.9999999999999517 12.999999999999952 -45.5000000               X  1.00000000          7.00000000               X -4.22980681e-9      -12.9540000               X  1.11173173e-33     -15.0000000                  2.27316291e-16     
 168. -0.9999999999999513 12.99999999999995  -45.6000000               X  1.00000000          7.00000000               X -4.22980681e-9      -12.9496000               X  1.12305235e-33     -15.0000000                  2.27316291e-16     
 169. -0.9999999999999507 12.99999999999995  -45.7000000               X  1.00000000          7.00000000               X -4.22980681e-9      -12.9452000               X  1.13448824e-33     -15.0000000                  2.27316291e-16     
 170. -0.9999999999999503 12.99999999999995  -45.8000000               X  1.00000000          7.00000000               X -4.22980681e-9      -12.9408000               X  1.14604059e-33     -15.0000000                  2.27316291e-16     
 171. -0.9999999999999498 12.999999999999948 -45.9000000               X  1.00000000          7.00000000               X -4.22980681e-9      -12.9364000               X  1.15771057e-33     -15.0000000                  2.27316291e-16     
 172. -0.9999999999999493 12.999999999999948 -46.0000000               X  1.00000000          7.00000000               X -4.22980681e-9      -12.9320000               X  1.16949939e-33     -15.0000000                  2.27316291e-16     
 173. -0.9999999999999487 12.999999999999948 -46.1000000               X  1.00000000          7.00000000               X -4.22980681e-9      -12.9276000               X  1.18140825e-33     -15.0000000                  2.27316291e-16     
 174. -0.9999999999999483 12.999999999999948 -46.2000000               X  1.00000000          7.00000000               X -4.22980681e-9      -12.9232000               X  1.19343838e-33     -15.0000000                  2.27316291e-16     
 175. -0.9999999999999477 12.999999999999947 -46.3000000               X  1.00000000          7.00000000               X -4.22980681e-9      -12.9188000               X  1.20559101e-33     -15.0000000                  2.27316291e-16     
 176. -0.9999999999999472 12.999999999999947 -46.4000000               X  1.00000000          7.00000000               X -4.22980681e-9      -12.9144000               X  1.21786738e-33     -15.0000000                  2.27316291e-16     
 177. -0.9999999999999466 12.999999999999947 -46.5000000               X  1.00000000          7.00000000               X -4.22980681e-9      -12.9100000               X  1.23026877e-33     -15.0000000                  2.27316291e-16     
 178. -0.999999999999946  12.999999999999945 -46.6000000               X  1.00000000          7.00000000               X -4.22980681e-9      -12.9056000               X  1.24279644e-33     -15.0000000                  2.27316291e-16     
 179. -0.9999999999999456 12.999999999999945 -46.7000000               X  1.00000000          7.00000000               X -4.22980681e-9      -12.9012000               X  1.25545167e-33     -15.0000000                  2.27316291e-16     
 180. -0.999999999999945  12.999999999999945 -46.8000000               X  1.00000000          7.00000000               X -4.22980681e-9      -12.8968000               X  1.26823578e-33     -15.0000000                  2.27316291e-16     
 181. -0.9999999999999445 12.999999999999943 -46.9000000               X  1.00000000          7.00000000               X -4.22980681e-9      -12.8924000               X  1.28115006e-33     -15.0000000                  2.27316291e-16     
 182. -0.9999999999999439 12.999999999999943 -47.0000000               X  1.00000000          7.00000000               X -4.22980681e-9      -12.8880000               X  1.29419584e-33     -15.0000000                  2.27316291e-16     
 183. -0.9999999999999433 12.999999999999943 -47.1000000               X  1.00000000          7.00000000               X -4.22980681e-9      -12.8836000               X  1.30737447e-33     -15.0000000                  2.27316291e-16     
 184. -0.9999999999999427 12.999999999999941 -47.2000000               X  1.00000000          7.00000000               X -4.22980681e-9      -12.8792000               X  1.32068730e-33     -15.0000000                  2.27316291e-16     
 185. -0.9999999999999422 12.999999999999941 -47.3000000               X  1.00000000          7.00000000               X -4.22980681e-9      -12.8748000               X  1.33413568e-33     -15.0000000                  2.27316291e-16     
 186. -0.9999999999999416 12.999999999999941 -47.4000000               X  1.00000000          7.00000000               X -4.22980681e-9      -12.8704000               X  1.34772101e-33     -15.0000000                  2.27316291e-16     
 187. -0.999999999999941  12.99999999999994  -47.5000000               X  1.00000000          7.00000000               X -4.22980681e-9      -12.8660000               X  1.36144468e-33     -15.0000000                  2.27316291e-16     
 188. -0.9999999999999404 12.99999999999994  -47.6000000               X  1.00000000          7.00000000               X -4.22980681e-9      -12.8616000               X  1.37530810e-33     -15.0000000                  2.27316291e-16     
 189. -0.9999999999999398 12.99999999999994  -47.7000000               X  1.00000000          7.00000000               X -4.22980681e-9      -12.8572000               X  1.38931268e-33     -15.0000000                  2.27316291e-16     
 190. -0.9999999999999393 12.999999999999938 -47.8000000               X  1.00000000          7.00000000               X -4.22980681e-9      -12.8528000               X  1.40345987e-33     -15.0000000                  2.27316291e-16     
 191. -0.9999999999999386 12.999999999999938 -47.9000000               X  1.00000000          7.00000000               X -4.22980681e-9      -12.8484000               X  1.41775112e-33     -15.0000000                  2.27316291e-16     
 192. -0.9999999999999379 12.999999999999938 -48.0000000               X  1.00000000          7.00000000               X -4.22980681e-9      -12.8440000               X  1.43218790e-33     -15.0000000                  2.27316291e-16     
 193. -0.9999999999999374 12.999999999999936 -48.1000000               X  1.00000000          7.00000000               X -4.22980681e-9      -12.8396000               X  1.44677168e-33     -15.0000000                  2.27316291e-16     
 194. -0.9999999999999367 12.999999999999936 -48.2000000               X  1.00000000          7.00000000               X -4.22980681e-9      -12.8352000               X  1.46150397e-33     -15.0000000                  2.27316291e-16     
 195. -0.999999999999936  12.999999999999936 -48.3000000               X  1.00000000          7.00000000               X -4.22980681e-9      -12.8308000               X  1.47638628e-33     -15.0000000                  2.27316291e-16     
 196. -0.9999999999999354 12.999999999999934 -48.4000000               X  1.00000000          7.00000000               X -4.22980681e-9      -12.8264000               X  1.49142013e-33     -15.0000000                  2.27316291e-16     
 197. -0.9999999999999347 12.999999999999934 -48.5000000               X  1.00000000          7.00000000               X -4.22980681e-9      -12.8220000               X  1.50660707e-33     -15.0000000                  2.27316291e-16     
 198. -0.999999999999934  12.999999999999934 -48.6000000               X  1.00000000          7.00000000               X -4.22980681e-9      -12.8176000               X  1.52194865e-33     -15.0000000                  2.27316291e-16     
 199. -0.9999999999999334 12.999999999999932 -48.7000000               X  1.00000000          7.00000000               X -4.22980681e-9      -12.8132000               X  1.53744646e-33     -15.0000000                  2.27316291e-16     
 200. -0.9999999999999327 12.999999999999932 -48.8000000               X  1.00000000          7.00000000               X -4.22980681e-9      -12.8088000               X  1.55310208e-33     -15.0000000                  2.27316291e-16     
 201. -0.9999999999999322 12.99999999999993  -48.9000000               X  1.00000000          7.00000000               X -4.22980681e-9      -12.8044000               X  1.56891711e-33     -15.0000000                  2.27316291e-16     
 202. -0.9999999999999314 12.99999999999993  -49.0000000               X  1.00000000          7.00000000               X -4.22980681e-9      -12.8000000               X  1.58489319e-33     -15.0000000                  2.27316291e-16     
 203. -0.9999999999999306 12.99999999999993  -49.1000000               X  1.00000000          7.00000000               X -4.22980681e-9      -12.7956000               X  1.60103195e-33     -15.0000000                  2.27316291e-16     
 204. -0.9999999999999301 12.999999999999929 -49.2000000               X  1.00000000          7.00000000               X -4.22980681e-9      -12.7912000               X  1.61733506e-33     -15.0000000                  2.27316291e-16     
 205. -0.9999999999999293 12.999999999999929 -49.3000000               X  1.00000000          7.00000000               X -4.22980681e-9      -12.7868000               X  1.63380417e-33     -15.0000000                  2.27316291e-16     
 206. -0.9999999999999285 12.999999999999927 -49.4000000               X  1.00000000          7.00000000               X -4.22980681e-9      -12.7824000               X  1.65044099e-33     -15.0000000                  2.27316291e-16     
 207. -0.9999999999999278 12.999999999999927 -49.5000000               X  1.00000000          7.00000000               X -4.22980681e-9      -12.7780000               X  1.66724721e-33     -15.0000000                  2.27316291e-16     
 208. -0.9999999999999271 12.999999999999927 -49.6000000               X  1.00000000          7.00000000               X -4.22980681e-9      -12.7736000               X  1.68422458e-33     -15.0000000                  2.27316291e-16     
 209. -0.9999999999999264 12.999999999999925 -49.7000000               X  1.00000000          7.00000000               X -4.22980681e-9      -12.7692000               X  1.70137482e-33     -15.0000000                  2.27316291e-16     
 210. -0.9999999999999256 12.999999999999925 -49.8000000               X  1.00000000          7.00000000               X -4.22980681e-9      -12.7648000               X  1.71869970e-33     -15.0000000                  2.27316291e-16     
 211. -0.9999999999999248 12.999999999999924 -49.9000000               X  1.00000000          7.00000000               X -4.22980681e-9      -12.7604000               X  1.73620099e-33     -15.0000000                  2.27316291e-16     
 212. -0.9999999999999242 12.999999999999924 -50.0000000               X  1.00000000          7.00000000               X -4.22980681e-9      -12.7560000               X  1.75388050e-33     -15.0000000                  2.27316291e-16     
 213. -0.9999999999999234 12.999999999999922 -50.1000000               X  1.00000000          7.00000000               X -4.22980681e-9      -12.7516000               X  1.77174004e-33     -15.0000000                  2.27316291e-16     
 214. -0.9999999999999226 12.999999999999922 -50.2000000               X  1.00000000          7.00000000               X -4.22980681e-9      -12.7472000               X  1.78978144e-33     -15.0000000                  2.27316291e-16     
 215. -0.9999999999999218 12.999999999999922 -50.3000000               X  1.00000000          7.00000000               X -4.22980681e-9      -12.7428000               X  1.80800655e-33     -15.0000000                  2.27316291e-16     
 216. -0.9999999999999211 12.99999999999992  -50.4000000               X  1.00000000          7.00000000               X -4.22980681e-9      -12.7384000               X  1.82641725e-33     -15.0000000                  2.27316291e-16     
 217. -0.9999999999999203 12.99999999999992  -50.5000000               X  1.00000000          7.00000000               X -4.22980681e-9      -12.7340000               X  1.84501542e-33     -15.0000000                  2.27316291e-16     
 218. -0.9999999999999194 12.999999999999918 -50.6000000               X  1.00000000          7.00000000               X -4.22980681e-9      -12.7296000               X  1.86380297e-33     -15.0000000                  2.27316291e-16     
 219. -0.9999999999999186 12.999999999999918 -50.7000000               X  1.00000000          7.00000000               X -4.22980681e-9      -12.7252000               X  1.88278184e-33     -15.0000000                  2.27316291e-16     
 220. -0.9999999999999177 12.999999999999917 -50.8000000               X  1.00000000          7.00000000               X -4.22980681e-9      -12.7208000               X  1.90195396e-33     -15.0000000                  2.27316291e-16     
 221. -0.999999999999917  12.999999999999917 -50.9000000               X  1.00000000          7.00000000               X -4.22980681e-9      -12.7164000               X  1.92132131e-33     -15.0000000                  2.27316291e-16     
 222. -0.9999999999999161 12.999999999999915 -51.0000000               X  1.00000000          7.00000000               X -4.22980681e-9      -12.7120000               X  1.94088588e-33     -15.0000000                  2.27316291e-16     
 223. -0.9999999999999153 12.999999999999915 -51.1000000               X  1.00000000          7.00000000               X -4.22980681e-9      -12.7076000               X  1.96064967e-33     -15.0000000                  2.27316291e-16     
 224. -0.9999999999999144 12.999999999999913 -51.2000000               X  1.00000000          7.00000000               X -4.22980681e-9      -12.7032000               X  1.98061471e-33     -15.0000000                  2.27316291e-16     
 225. -0.9999999999999135 12.999999999999913 -51.3000000               X  1.00000000          7.00000000               X -4.22980681e-9      -12.6988000               X  2.00078305e-33     -15.0000000                  2.27316291e-16     
 226. -0.9999999999999126 12.999999999999911 -51.4000000               X  1.00000000          7.00000000               X -4.22980681e-9      -12.6944000               X  2.02115677e-33     -15.0000000                  2.27316291e-16     
 227. -0.9999999999999118 12.999999999999911 -51.5000000               X  1.00000000          7.00000000               X -4.22980681e-9      -12.6900000               X  2.04173794e-33     -15.0000000                  2.27316291e-16     
 228. -0.9999999999999108 12.99999999999991  -51.6000000               X  1.00000000          7.00000000               X -4.22980681e-9      -12.6856000               X  2.06252870e-33     -15.0000000                  2.27316291e-16     
 229. -0.99999999999991   12.99999999999991  -51.7000000               X  1.00000000          7.00000000               X -4.22980681e-9      -12.6812000               X  2.08353116e-33     -15.0000000                  2.27316291e-16     
 230. -0.9999999999999091 12.999999999999908 -51.8000000               X  1.00000000          7.00000000               X -4.22980681e-9      -12.6768000               X  2.10474749e-33     -15.0000000                  2.27316291e-16     
 231. -0.9999999999999081 12.999999999999908 -51.9000000               X  1.00000000          7.00000000               X -4.22980681e-9      -12.6724000               X  2.12617986e-33     -15.0000000                  2.27316291e-16     
 232. -0.9999999999999072 12.999999999999906 -52.0000000               X  1.00000000          7.00000000               X -4.22980681e-9      -12.6680000               X  2.14783047e-33     -15.0000000                  2.27316291e-16     
 233. -0.9999999999999063 12.999999999999906 -52.1000000               X  1.00000000          7.00000000               X -4.22980681e-9      -12.6636000               X  2.16970155e-33     -15.0000000                  2.27316291e-16     
 234. -0.9999999999999053 12.999999999999904 -52.2000000               X  1.00000000          7.00000000               X -4.22980681e-9      -12.6592000               X  2.19179534e-33     -15.0000000                  2.27316291e-16     
 235. -0.9999999999999044 12.999999999999904 -52.3000000               X  1.00000000          7.00000000               X -4.22980681e-9      -12.6548000               X  2.21411411e-33     -15.0000000                  2.27316291e-16     
 236. -0.9999999999999034 12.999999999999902 -52.4000000               X  1.00000000          7.00000000               X -4.22980681e-9      -12.6504000               X  2.23666015e-33     -15.0000000                  2.27316291e-16     
 237. -0.9999999999999024 12.999999999999902 -52.5000000               X  1.00000000          7.00000000               X -4.22980681e-9      -12.6460000               X  2.25943577e-33     -15.0000000                  2.27316291e-16     
 238. -0.9999999999999014 12.9999999999999   -52.6000000               X  1.00000000          7.00000000               X -4.22980681e-9      -12.6416000               X  2.28244331e-33     -15.0000000                  2.27316291e-16     
 239. -0.9999999999999004 12.999999999999899 -52.7000000               X  1.00000000          7.00000000               X -4.22980681e-9      -12.6372000               X  2.30568514e-33     -15.0000000                  2.27316291e-16     
 240. -0.9999999999998994 12.999999999999899 -52.8000000               X  1.00000000          7.00000000               X -4.22980681e-9      -12.6328000               X  2.32916363e-33     -15.0000000                  2.27316291e-16     
 241. -0.9999999999998984 12.999999999999897 -52.9000000               X  1.00000000          7.00000000               X -4.22980681e-9      -12.6284000               X  2.35288120e-33     -15.0000000                  2.27316291e-16     
 242. -0.9999999999998974 12.999999999999897 -53.0000000               X  1.00000000          7.00000000               X -4.22980681e-9      -12.6240000               X  2.37684029e-33     -15.0000000                  2.27316291e-16     
 243. -0.9999999999998963 12.999999999999895 -53.1000000               X  1.00000000          7.00000000               X -4.22980681e-9      -12.6196000               X  2.40104334e-33     -15.0000000                  2.27316291e-16     
 244. -0.9999999999998952 12.999999999999893 -53.2000000               X  1.00000000          7.00000000               X -4.22980681e-9      -12.6152000               X  2.42549286e-33     -15.0000000                  2.27316291e-16     
 245. -0.9999999999998942 12.999999999999893 -53.3000000               X  1.00000000          7.00000000               X -4.22980681e-9      -12.6108000               X  2.45019134e-33     -15.0000000                  2.27316291e-16     
 246. -0.9999999999998931 12.999999999999892 -53.4000000               X  1.00000000          7.00000000               X -4.22980681e-9      -12.6064000               X  2.47514132e-33     -15.0000000                  2.27316291e-16     
 247. -0.9999999999998921 12.999999999999892 -53.5000000               X  1.00000000          7.00000000               X -4.22980681e-9      -12.6020000               X  2.50034536e-33     -15.0000000                  2.27316291e-16     
 248. -0.999999999999891  12.99999999999989  -53.6000000               X  1.00000000          7.00000000               X -4.22980681e-9      -12.5976000               X  2.52580605e-33     -15.0000000                  2.27316291e-16     
 249. -0.9999999999998899 12.999999999999888 -53.7000000               X  1.00000000          7.00000000               X -4.22980681e-9      -12.5932000               X  2.55152601e-33     -15.0000000                  2.27316291e-16     
 250. -0.9999999999998888 12.999999999999888 -53.8000000               X  1.00000000          7.00000000               X -4.22980681e-9      -12.5888000               X  2.57750787e-33     -15.0000000                  2.27316291e-16     
 251. -0.9999999999998875 12.999999999999886 -53.9000000               X  1.00000000          7.00000000               X -4.22980681e-9      -12.5844000               X  2.60375430e-33     -15.0000000                  2.27316291e-16     
 252. -0.9999999999998865 12.999999999999885 -54.0000000               X  1.00000000          7.00000000               X -4.22980681e-9      -12.5800000               X  2.63026799e-33     -15.0000000                  2.27316291e-16     
 253. -0.9999999999998853 12.999999999999885 -54.1000000               X  1.00000000          7.00000000               X -4.22980681e-9      -12.5756000               X  2.65705167e-33     -15.0000000                  2.27316291e-16     
 254. -0.9999999999998841 12.999999999999883 -54.2000000               X  1.00000000          7.00000000               X -4.22980681e-9      -12.5712000               X  2.68410808e-33     -15.0000000                  2.27316291e-16     
 255. -0.999999999999883  12.999999999999881 -54.3000000               X  1.00000000          7.00000000               X -4.22980681e-9      -12.5668000               X  2.71144001e-33     -15.0000000                  2.27316291e-16     
 256. -0.9999999999998818 12.999999999999881 -54.4000000               X  1.00000000          7.00000000               X -4.22980681e-9      -12.5624000               X  2.73905025e-33     -15.0000000                  2.27316291e-16     
 257. -0.9999999999998805 12.99999999999988  -54.5000000               X  1.00000000          7.00000000               X -4.22980681e-9      -12.5580000               X  2.76694165e-33     -15.0000000                  2.27316291e-16     
 258. -0.9999999999998794 12.999999999999877 -54.6000000               X  1.00000000          7.00000000               X -4.22980681e-9      -12.5536000               X  2.79511705e-33     -15.0000000                  2.27316291e-16     
 259. -0.9999999999998781 12.999999999999877 -54.7000000               X  1.00000000          7.00000000               X -4.22980681e-9      -12.5492000               X  2.82357937e-33     -15.0000000                  2.27316291e-16     
 260. -0.9999999999998769 12.999999999999876 -54.8000000               X  1.00000000          7.00000000               X -4.22980681e-9      -12.5448000               X  2.85233151e-33     -15.0000000                  2.27316291e-16     
 261. -0.9999999999998757 12.999999999999874 -54.9000000               X  1.00000000          7.00000000               X -4.22980681e-9      -12.5404000               X  2.88137643e-33     -15.0000000                  2.27316291e-16     
 262. -0.9999999999998744 12.999999999999874 -55.0000000               X  1.00000000          7.00000000               X -4.22980681e-9      -12.5360000               X  2.91071712e-33     -15.0000000                  2.27316291e-16     
 263. -0.9999999999998731 12.999999999999872 -55.1000000               X  1.00000000          7.00000000               X -4.22980681e-9      -12.5316000               X  2.94035657e-33     -15.0000000                  2.27316291e-16     
 264. -0.9999999999998719 12.99999999999987  -55.2000000               X  1.00000000          7.00000000               X -4.22980681e-9      -12.5272000               X  2.97029784e-33     -15.0000000                  2.27316291e-16     
 265. -0.9999999999998705 12.999999999999869 -55.3000000               X  1.00000000          7.00000000               X -4.22980681e-9      -12.5228000               X  3.00054400e-33     -15.0000000                  2.27316291e-16     
 266. -0.9999999999998692 12.999999999999869 -55.4000000               X  1.00000000          7.00000000               X -4.22980681e-9      -12.5184000               X  3.03109815e-33     -15.0000000                  2.27316291e-16     
 267. -0.9999999999998679 12.999999999999867 -55.5000000               X  1.00000000          7.00000000               X -4.22980681e-9      -12.5140000               X  3.06196343e-33     -15.0000000                  2.27316291e-16     
 268. -0.9999999999998666 12.999999999999865 -55.6000000               X  1.00000000          7.00000000               X -4.22980681e-9      -12.5096000               X  3.09314301e-33     -15.0000000                  2.27316291e-16     
 269. -0.9999999999998652 12.999999999999863 -55.7000000               X  1.00000000          7.00000000               X -4.22980681e-9      -12.5052000               X  3.12464009e-33     -15.0000000                  2.27316291e-16     
 270. -0.9999999999998639 12.999999999999863 -55.8000000               X  1.00000000          7.00000000               X -4.22980681e-9      -12.5008000               X  3.15645789e-33     -15.0000000                  2.27316291e-16     
 271. -0.9999999999998624 12.999999999999861 -55.9000000               X  1.00000000          7.00000000               X -4.22980681e-9      -12.4964000               X  3.18859969e-33     -15.0000000                  2.27316291e-16     
 272. -0.999999999999861  12.99999999999986  -56.0000000               X  1.00000000          7.00000000               X -4.22980681e-9      -12.4920000               X  3.22106879e-33     -15.0000000                  2.27316291e-16     
 273. -0.9999999999998597 12.999999999999858 -56.1000000               X  1.00000000          7.00000000               X -4.22980681e-9      -12.4876000               X  3.25386852e-33     -15.0000000                  2.27316291e-16     
 274. -0.9999999999998582 12.999999999999856 -56.2000000               X  1.00000000          7.00000000               X -4.22980681e-9      -12.4832000               X  3.28700224e-33     -15.0000000                  2.27316291e-16     
 275. -0.9999999999998568 12.999999999999856 -56.3000000               X  1.00000000          7.00000000               X -4.22980681e-9      -12.4788000               X  3.32047336e-33     -15.0000000                  2.27316291e-16     
 276. -0.9999999999998553 12.999999999999854 -56.4000000               X  1.00000000          7.00000000               X -4.22980681e-9      -12.4744000               X  3.35428531e-33     -15.0000000                  2.27316291e-16     
 277. -0.9999999999998539 12.999999999999853 -56.5000000               X  1.00000000          7.00000000               X -4.22980681e-9      -12.4700000               X  3.38844156e-33     -15.0000000                  2.27316291e-16     
 278. -0.9999999999998523 12.99999999999985  -56.6000000               X  1.00000000          7.00000000               X -4.22980681e-9      -12.4656000               X  3.42294562e-33     -15.0000000                  2.27316291e-16     
 279. -0.9999999999998509 12.999999999999849 -56.7000000               X  1.00000000          7.00000000               X -4.22980681e-9      -12.4612000               X  3.45780104e-33     -15.0000000                  2.27316291e-16     
 280. -0.9999999999998493 12.999999999999847 -56.8000000               X  1.00000000          7.00000000               X -4.22980681e-9      -12.4568000               X  3.49301138e-33     -15.0000000                  2.27316291e-16     
 281. -0.9999999999998479 12.999999999999845 -56.9000000               X  1.00000000          7.00000000               X -4.22980681e-9      -12.4524000               X  3.52858026e-33     -15.0000000                  2.27316291e-16     
 282. -0.9999999999998462 12.999999999999845 -57.0000000               X  1.00000000          7.00000000               X -4.22980681e-9      -12.4480000               X  3.56451133e-33     -15.0000000                  2.27316291e-16     
 283. -0.9999999999998447 12.999999999999844 -57.1000000               X  1.00000000          7.00000000               X -4.22980681e-9      -12.4436000               X  3.60080829e-33     -15.0000000                  2.27316291e-16     
 284. -0.9999999999998431 12.999999999999842 -57.2000000               X  1.00000000          7.00000000               X -4.22980681e-9      -12.4392000               X  3.63747486e-33     -15.0000000                  2.27316291e-16     
 285. -0.9999999999998416 12.99999999999984  -57.3000000               X  1.00000000          7.00000000               X -4.22980681e-9      -12.4348000               X  3.67451479e-33     -15.0000000                  2.27316291e-16     
 286. -0.9999999999998399 12.999999999999838 -57.4000000               X  1.00000000          7.00000000               X -4.22980681e-9      -12.4304000               X  3.71193190e-33     -15.0000000                  2.27316291e-16     
 287. -0.9999999999998384 12.999999999999837 -57.5000000               X  1.00000000          7.00000000               X -4.22980681e-9      -12.4260000               X  3.74973002e-33     -15.0000000                  2.27316291e-16     
 288. -0.9999999999998367 12.999999999999835 -57.6000000               X  1.00000000          7.00000000               X -4.22980681e-9      -12.4216000               X  3.78791304e-33     -15.0000000                  2.27316291e-16     
 289. -0.999999999999835  12.999999999999833 -57.7000000               X  1.00000000          7.00000000               X -4.22980681e-9      -12.4172000               X  3.82648487e-33     -15.0000000                  2.27316291e-16     
 290. -0.9999999999998334 12.999999999999831 -57.8000000               X  1.00000000          7.00000000               X -4.22980681e-9      -12.4128000               X  3.86544947e-33     -15.0000000                  2.27316291e-16     
 291. -0.9999999999998317 12.99999999999983  -57.9000000               X  1.00000000          7.00000000               X -4.22980681e-9      -12.4084000               X  3.90481084e-33     -15.0000000                  2.27316291e-16     
 292. -0.9999999999998299 12.999999999999828 -58.0000000               X  1.00000000          7.00000000               X -4.22980681e-9      -12.4040000               X  3.94457302e-33     -15.0000000                  2.27316291e-16     
 293. -0.9999999999998282 12.999999999999826 -58.1000000               X  1.00000000          7.00000000               X -4.22980681e-9      -12.3996000               X  3.98474010e-33     -15.0000000                  2.27316291e-16     
 294. -0.9999999999998265 12.999999999999824 -58.2000000               X  1.00000000          7.00000000               X -4.22980681e-9      -12.3952000               X  4.02531619e-33     -15.0000000                  2.27316291e-16     
 295. -0.9999999999998247 12.999999999999822 -58.3000000               X  1.00000000          7.00000000               X -4.22980681e-9      -12.3908000               X  4.06630546e-33     -15.0000000                  2.27316291e-16     
 296. -0.9999999999998229 12.99999999999982  -58.4000000               X  1.00000000          7.00000000               X -4.22980681e-9      -12.3864000               X  4.10771213e-33     -15.0000000                  2.27316291e-16     
 297. -0.9999999999998211 12.999999999999819 -58.5000000               X  1.00000000          7.00000000               X -4.22980681e-9      -12.3820000               X  4.14954043e-33     -15.0000000                  2.27316291e-16     
 298. -0.9999999999998193 12.999999999999817 -58.6000000               X  1.00000000          7.00000000               X -4.22980681e-9      -12.3776000               X  4.19179466e-33     -15.0000000                  2.27316291e-16     
 299. -0.9999999999998175 12.999999999999815 -58.7000000               X  1.00000000          7.00000000               X -4.22980681e-9      -12.3732000               X  4.23447916e-33     -15.0000000                  2.27316291e-16     
