NodeID: 0.0
 nr   logfactor           convergence         gas_u                       gas_res             pH                          chargebalance       Ar[g].logact                Ar[g].tot           CO2[g].logact               CO2[g].tot         
                                                                          0.0                                             0.0                                             4.20000000e-2                                   1.00000000e-10     

 1.0  -0.9999999999999991 13.0                1.00000000e-10           X  1.00000000          7.00000000               X -4.22980681e-9      -15.0000000               X  4.08740446e-27     -15.0000000               X  2.27316291e-16     
 2.0  -0.9999999999999991 13.0                7.94328235e-11           X  1.00000000          7.00000000               X -4.22980681e-9      -14.9958000               X  3.27829186e-27     -15.0000000               X  2.27316291e-16     
 3.0  -0.9999999999999991 13.0                6.30957344e-11           X  1.00000000          7.00000000               X -4.22980681e-9      -14.9916000               X  2.62934525e-27     -15.0000000               X  2.27316291e-16     
 4.0  -0.9999999999999991 13.0                5.01187234e-11           X  1.00000000          7.00000000               X -4.22980681e-9      -14.9874000               X  2.10885935e-27     -15.0000000               X  2.27316291e-16     
 5.0  -0.9999999999999991 13.0                3.98107171e-11           X  1.00000000          7.00000000               X -4.22980681e-9      -14.9832000               X  1.69140502e-27     -15.0000000               X  2.27316291e-16     
 6.0  -0.9999999999999991 13.0                3.16227766e-11           X  1.00000000          7.00000000               X -4.22980681e-9      -14.9790000               X  1.35658689e-27     -15.0000000               X  2.27316291e-16     
 7.0  -0.9999999999999991 12.999999999999998  2.51188643e-11           X  1.00000000          7.00000000               X -4.22980681e-9      -14.9748000               X  1.08804690e-27     -15.0000000               X  2.27316291e-16     
 8.0  -0.9999999999999991 12.999999999999998  1.99526231e-11           X  1.00000000          7.00000000               X -4.22980681e-9      -14.9706000               X  8.72665122e-28     -15.0000000               X  2.27316291e-16     
 9.0  -0.9999999999999991 12.999999999999998  1.58489319e-11           X  1.00000000          7.00000000               X -4.22980681e-9      -14.9664000               X  6.99918738e-28     -15.0000000               X  2.27316291e-16     
 10.0 -0.9999999999999991 12.999999999999998  1.25892541e-11           X  1.00000000          7.00000000               X -4.22980681e-9      -14.9622000               X  5.61367961e-28     -15.0000000               X  2.27316291e-16     
 11.0 -0.9999999999999991 12.999999999999998  1.00000000e-11           X  1.00000000          7.00000000               X -4.22980681e-9      -14.9580000               X  4.50243679e-28     -15.0000000               X  2.27316291e-16     
 12.0 -0.9999999999999991 12.999999999999998  7.94328235e-12           X  1.00000000          7.00000000               X -4.22980681e-9      -14.9538000               X  3.61116745e-28     -15.0000000               X  2.27316291e-16     
 13.0 -0.9999999999999991 12.999999999999998  6.30957344e-12           X  1.00000000          7.00000000               X -4.22980681e-9      -14.9496000               X  2.89632725e-28     -15.0000000               X  2.27316291e-16     
 14.0 -0.9999999999999991 12.999999999999998  5.01187234e-12           X  1.00000000          7.00000000               X -4.22980681e-9      -14.9454000               X  2.32299158e-28     -15.0000000               X  2.27316291e-16     
 15.0 -0.9999999999999991 12.999999999999998  3.98107171e-12           X  1.00000000          7.00000000               X -4.22980681e-9      -14.9412000               X  1.86314923e-28     -15.0000000               X  2.27316291e-16     
 16.0 -0.9999999999999991 12.999999999999998  3.16227766e-12           X  1.00000000          7.00000000               X -4.22980681e-9      -14.9370000               X  1.49433389e-28     -15.0000000               X  2.27316291e-16     
 17.0 -0.9999999999999991 12.999999999999998  2.51188643e-12           X  1.00000000          7.00000000               X -4.22980681e-9      -14.9328000               X  1.19852654e-28     -15.0000000               X  2.27316291e-16     
 18.0 -0.999999999999999  12.999999999999998  1.99526231e-12           X  1.00000000          7.00000000               X -4.22980681e-9      -14.9286000               X  9.61275043e-29     -15.0000000               X  2.27316292e-16     
 19.0 -0.999999999999999  12.999999999999998  1.58489319e-12           X  1.00000000          7.00000000               X -4.22980681e-9      -14.9244000               X  7.70988110e-29     -15.0000000               X  2.27316292e-16     
 20.0 -0.999999999999999  12.999999999999998  1.25892541e-12           X  1.00000000          7.00000000               X -4.22980681e-9      -14.9202000               X  6.18368984e-29     -15.0000000               X  2.27316292e-16     
 21.0 -0.999999999999999  12.999999999999998  1.00000000e-12           X  1.00000000          7.00000000               X -4.22980681e-9      -14.9160000               X  4.95961220e-29     -15.0000000               X  2.27316292e-16     
 22.0 -0.999999999999999  12.999999999999998  7.94328235e-13           X  1.00000000          7.00000000               X -4.22980681e-9      -14.9118000               X  3.97784400e-29     -15.0000000               X  2.27316292e-16     
 23.0 -0.999999999999999  12.999999999999998  6.30957344e-13           X  1.00000000          7.00000000               X -4.22980681e-9      -14.9076000               X  3.19041943e-29     -15.0000000               X  2.27316292e-16     
 24.0 -0.999999999999999  12.999999999999998  5.01187234e-13           X  1.00000000          7.00000000               X -4.22980681e-9      -14.9034000               X  2.55886766e-29     -15.0000000               X  2.27316292e-16     
 25.0 -0.999999999999999  12.999999999999998  3.98107171e-13           X  1.00000000          7.00000000               X -4.22980681e-9      -14.8992000               X  2.05233325e-29     -15.0000000               X  2.27316292e-16     
 26.0 -0.999999999999999  12.999999999999998  3.16227766e-13           X  1.00000000          7.00000000               X -4.22980681e-9      -14.8950000               X  1.64606867e-29     -15.0000000               X  2.27316292e-16     
 27.0 -0.999999999999999  12.999999999999998  2.51188643e-13           X  1.00000000          7.00000000               X -4.22980681e-9      -14.8908000               X  1.32022526e-29     -15.0000000               X  2.27316292e-16     
 28.0 -0.999999999999999  12.999999999999998  1.99526231e-13           X  1.00000000          7.00000000               X -4.22980681e-9      -14.8866000               X  1.05888342e-29     -15.0000000               X  2.27316292e-16     
 29.0 -0.999999999999999  12.999999999999998  1.58489319e-13           X  1.00000000          7.00000000               X -4.22980681e-9      -14.8824000               X  8.49274891e-30     -15.0000000               X  2.27316292e-16     
 30.0 -0.999999999999999  12.999999999999998  1.25892541e-13           X  1.00000000          7.00000000               X -4.22980681e-9      -14.8782000               X  6.81158935e-30     -15.0000000               X  2.27316292e-16     
 31.0 -0.999999999999999  12.999999999999998  1.00000000e-13           X  1.00000000          7.00000000               X -4.22980681e-9      -14.8740000               X  5.46321983e-30     -15.0000000               X  2.27316292e-16     
 32.0 -0.999999999999999  12.999999999999998  7.94328235e-14           X  1.00000000          7.00000000               X -4.22980681e-9      -14.8698000               X  4.38176368e-30     -15.0000000               X  2.27316292e-16     
 33.0 -0.999999999999999  12.999999999999998  6.30957344e-14           X  1.00000000          7.00000000               X -4.22980681e-9      -14.8656000               X  3.51438468e-30     -15.0000000               X  2.27316292e-16     
 34.0 -0.999999999999999  12.999999999999998  5.01187234e-14           X  1.00000000          7.00000000               X -4.22980681e-9      -14.8614000               X  2.81870570e-30     -15.0000000               X  2.27316292e-16     
 35.0 -0.999999999999999  12.999999999999998  3.98107171e-14           X  1.00000000          7.00000000               X -4.22980681e-9      -14.8572000               X  2.26073825e-30     -15.0000000               X  2.27316292e-16     
 36.0 -0.9999999999999989 12.999999999999998  3.16227766e-14           X  1.00000000          7.00000000               X -4.22980681e-9      -14.8530000               X  1.81322197e-30     -15.0000000               X  2.27316292e-16     
 37.0 -0.9999999999999989 12.999999999999998  2.51188643e-14           X  1.00000000          7.00000000               X -4.22980681e-9      -14.8488000               X  1.45429277e-30     -15.0000000               X  2.27316292e-16     
 38.0 -0.9999999999999989 12.999999999999998  1.99526231e-14           X  1.00000000          7.00000000               X -4.22980681e-9      -14.8446000               X  1.16641458e-30     -15.0000000               X  2.27316292e-16     
 39.0 -0.9999999999999989 12.999999999999998  1.58489319e-14           X  1.00000000          7.00000000               X -4.22980681e-9      -14.8404000               X  9.35522674e-31     -15.0000000               X  2.27316292e-16     
 40.0 -0.9999999999999989 12.999999999999998  1.25892541e-14           X  1.00000000          7.00000000               X -4.22980681e-9      -14.8362000               X  7.50336466e-31     -15.0000000               X  2.27316292e-16     
 41.0 -0.9999999999999989 12.999999999999998  1.00000000e-14           X  1.00000000          7.00000000               X -4.22980681e-9      -14.8320000               X  6.01808391e-31     -15.0000000               X  2.27316292e-16     
 42.0 -0.9999999999999989 12.999999999999998  7.94328235e-15           X  1.00000000          7.00000000               X -4.22980681e-9      -14.8278000               X  4.82681874e-31     -15.0000000               X  2.27316292e-16     
 43.0 -0.9999999999999989 12.999999999999998  6.30957344e-15           X  1.00000000          7.00000000               X -4.22980681e-9      -14.8236000               X  3.87136797e-31     -15.0000000               X  2.27316292e-16     
 44.0 -0.9999999999999989 12.999999999999998  5.01187234e-15           X  1.00000000          7.00000000               X -4.22980681e-9      -14.8194000               X  3.10505154e-31     -15.0000000               X  2.27316292e-16     
 45.0 -0.9999999999999989 12.999999999999998  3.98107171e-15           X  1.00000000          7.00000000               X -4.22980681e-9      -14.8152000               X  2.49042979e-31     -15.0000000               X  2.27316292e-16     
 46.0 -0.9999999999999989 12.999999999999998  3.16227766e-15           X  1.00000000          7.00000000               X -4.22980681e-9      -14.8110000               X  1.99747435e-31     -15.0000000               X  2.27316292e-16     
 47.0 -0.9999999999999989 12.999999999999998  2.51188643e-15           X  1.00000000          7.00000000               X -4.22980681e-9      -14.8068000               X  1.60210107e-31     -15.0000000               X  2.27316292e-16     
 48.0 -0.9999999999999989 12.999999999999998  1.99526231e-15           X  1.00000000          7.00000000               X -4.22980681e-9      -14.8026000               X  1.28499330e-31     -15.0000000               X  2.27316292e-16     
 49.0 -0.9999999999999989 12.999999999999998  1.58489319e-15           X  1.00000000          7.00000000               X -4.22980681e-9      -14.7984000               X  1.03065817e-31     -15.0000000               X  2.27316292e-16     
 50.0 -0.9999999999999989 12.999999999999998  1.25892541e-15           X  1.00000000          7.00000000               X -4.22980681e-9      -14.7942000               X  8.26669671e-32     -15.0000000               X  2.27316292e-16     
 51.0 -0.9999999999999989 12.999999999999998  1.00000000e-15           X  1.00000000          7.00000000               X -4.22980681e-9      -14.7900000               X  6.63061562e-32     -15.0000000               X  2.27316292e-16     
 52.0 -0.9999999999999988 12.999999999999998  7.94328235e-16           X  1.00000000          7.00000000               X -4.22980681e-9      -14.7858000               X  5.31840439e-32     -15.0000000               X  2.27316292e-16     
 53.0 -0.9999999999999988 12.999999999999998  6.30957344e-16           X  1.00000000          7.00000000               X -4.22980681e-9      -14.7816000               X  4.26595214e-32     -15.0000000               X  2.27316292e-16     
 54.0 -0.9999999999999988 12.999999999999998  5.01187234e-16           X  1.00000000          7.00000000               X -4.22980681e-9      -14.7774000               X  3.42183893e-32     -15.0000000               X  2.27316292e-16     
 55.0 -0.9999999999999988 12.999999999999998  3.98107171e-16           X  1.00000000          7.00000000               X -4.22980681e-9      -14.7732000               X  2.74482351e-32     -15.0000000               X  2.27316292e-16     
 56.0 -0.9999999999999988 12.999999999999998  3.16227766e-16           X  1.00000000          7.00000000               X -4.22980681e-9      -14.7690000               X  2.20182846e-32     -15.0000000               X  2.27316292e-16     
 57.0 -0.9999999999999988 12.999999999999998  2.51188643e-16           X  1.00000000          7.00000000               X -4.22980681e-9      -14.7648000               X  1.76632414e-32     -15.0000000               X  2.27316292e-16     
 58.0 -0.9999999999999988 12.999999999999998  1.99526231e-16           X  1.00000000          7.00000000               X -4.22980681e-9      -14.7606000               X  1.41703249e-32     -15.0000000               X  2.27316292e-16     
 59.0 -0.9999999999999988 12.999999999999998  1.58489319e-16           X  1.00000000          7.00000000               X -4.22980681e-9      -14.7564000               X  1.13688752e-32     -15.0000000               X  2.27316292e-16     
 60.0 -0.9999999999999988 12.999999999999998  1.25892541e-16           X  1.00000000          7.00000000               X -4.22980681e-9      -14.7522000               X  9.12201503e-33     -15.0000000               X  2.27316292e-16     
 61.0 -0.9999999999999988 12.999999999999998  1.00000000e-16           X  1.00000000          7.00000000               X -4.22980681e-9      -14.7480000               X  7.31996214e-33     -15.0000000               X  2.27316292e-16     
 62.0 -0.9999999999999988 12.999999999999998  7.94328235e-17           X  1.00000000          7.00000000               X -4.22980681e-9      -14.7438000               X  5.87466613e-33     -15.0000000               X  2.27316292e-16     
 63.0 -0.9999999999999988 12.999999999999998  6.30957344e-17           X  1.00000000          7.00000000               X -4.22980681e-9      -14.7396000               X  4.71550638e-33     -15.0000000               X  2.27316292e-16     
 64.0 -0.9999999999999988 12.999999999999998  5.01187234e-17           X  1.00000000          7.00000000               X -4.22980681e-9      -14.7354000               X  3.78584178e-33     -15.0000000               X  2.27316292e-16     
 65.0 -0.9999999999999987 12.999999999999998  3.98107171e-17           X  1.00000000          7.00000000               X -4.22980681e-9      -14.7312000               X  3.04024353e-33     -15.0000000               X  2.27316292e-16     
 66.0 -0.9999999999999987 12.999999999999998  3.16227766e-17           X  1.00000000          7.00000000               X -4.22980681e-9      -14.7270000               X  2.44227556e-33     -15.0000000               X  2.27316292e-16     
 67.0 -0.9999999999999987 12.999999999999998  2.51188643e-17           X  1.00000000          7.00000000               X -4.22980681e-9      -14.7228000               X  1.96271441e-33     -15.0000000               X  2.27316292e-16     
 68.0 -0.9999999999999987 12.999999999999998  1.99526231e-17           X  1.00000000          7.00000000               X -4.22980681e-9      -14.7186000               X  1.57812151e-33     -15.0000000               X  2.27316292e-16     
 69.0 -0.9999999999999987 12.999999999999998  1.58489319e-17           X  1.00000000          7.00000000               X -4.22980681e-9      -14.7144000               X  1.26969801e-33     -15.0000000               X  2.27316292e-16     
 70.0 -0.9999999999999987 12.999999999999998  1.25892541e-17           X  1.00000000          7.00000000               X -4.22980681e-9      -14.7102000               X  1.02236634e-33     -15.0000000               X  2.27316292e-16     
 71.0 -0.9999999999999987 12.999999999999998  1.00000000e-17           X  1.00000000          7.00000000               X -4.22980681e-9      -14.7060000               X  8.24033581e-34     -15.0000000               X  2.27316292e-16     
 72.0 -0.9999999999999987 12.999999999999998  7.94328235e-18           X  1.00000000          7.00000000               X -4.22980681e-9      -14.7018000               X  6.65000656e-34     -15.0000000               X  2.27316292e-16     
 73.0 -0.9999999999999987 12.999999999999998  6.30957344e-18           X  1.00000000          7.00000000               X -4.22980681e-9      -14.6976000               X  5.37488435e-34     -15.0000000               X  2.27316292e-16     
 74.0 -0.9999999999999987 12.999999999999998  5.01187234e-18           X  1.00000000          7.00000000               X -4.22980681e-9      -14.6934000               X  4.35257699e-34     -15.0000000               X  2.27316292e-16     
 75.0 -0.9999999999999987 12.999999999999998  3.98107171e-18           X  1.00000000          7.00000000               X -4.22980681e-9      -14.6892000               X  3.53304298e-34     -15.0000000               X  2.27316292e-16     
 76.0 -0.9999999999999987 12.999999999999998  3.16227766e-18           X  1.00000000          7.00000000               X -4.22980681e-9      -14.6850000               X  2.87614674e-34     -15.0000000               X  2.27316292e-16     
 77.0 -0.9999999999999987 12.999999999999998  2.51188643e-18           X  1.00000000          7.00000000               X -4.22980681e-9      -14.6808000               X  2.34969767e-34     -15.0000000               X  2.27316292e-16     
 78.0 -0.9999999999999987 12.999999999999998  1.99526231e-18           X  1.00000000          7.00000000               X -4.22980681e-9      -14.6766000               X  1.92787741e-34     -15.0000000               X  2.27316292e-16     
 79.0 -0.9999999999999987 12.999999999999998  1.58489319e-18           X  1.00000000          7.00000000               X -4.22980681e-9      -14.6724000               X  1.58997845e-34     -15.0000000               X  2.27316292e-16     
 80.0 -0.9999999999999987 12.999999999999998  1.25892541e-18           X  1.00000000          7.00000000               X -4.22980681e-9      -14.6682000               X  1.31939245e-34     -15.0000000               X  2.27316292e-16     
 81.0 -0.9999999999999987 12.999999999999998  1.00000000e-18           X  1.00000000          7.00000000               X -4.22980681e-9      -14.6640000               X  1.10279875e-34     -15.0000000               X  2.27316292e-16     
 82.0 -0.9999999999999986 12.999999999999998  7.94328235e-19           X  1.00000000          7.00000000               X -4.22980681e-9      -14.6598000               X  9.29513605e-35     -15.0000000               X  2.27316292e-16     
 83.0 -0.9999999999999986 12.999999999999998  6.30957344e-19           X  1.00000000          7.00000000               X -4.22980681e-9      -14.6556000               X  7.90968178e-35     -15.0000000               X  2.27316292e-16     
 84.0 -0.9999999999999986 12.999999999999998  5.01187234e-19           X  1.00000000          7.00000000               X -4.22980681e-9      -14.6514000               X  6.80289902e-35     -15.0000000               X  2.27316292e-16     
 85.0 -0.9999999999999986 12.999999999999998  3.98107171e-19           X  1.00000000          7.00000000               X -4.22980681e-9      -14.6472000               X  5.91966693e-35     -15.0000000               X  2.27316292e-16     
 86.0 -0.9999999999999986 12.999999999999998  3.16227766e-19           X  1.00000000          7.00000000               X -4.22980681e-9      -14.6430000               X  5.21577639e-35     -15.0000000               X  2.27316292e-16     
 87.0 -0.9999999999999986 12.999999999999998  2.51188643e-19           X  1.00000000          7.00000000               X -4.22980681e-9      -14.6388000               X  4.65577003e-35     -15.0000000               X  2.27316292e-16     
 88.0 -0.9999999999999986 12.999999999999998  1.99526231e-19           X  1.00000000          7.00000000               X -4.22980681e-9      -14.6346000               X  4.21120978e-35     -15.0000000               X  2.27316292e-16     
 89.0 -0.9999999999999986 12.999999999999998  1.58489319e-19           X  1.00000000          7.00000000               X -4.22980681e-9      -14.6304000               X  3.85928739e-35     -15.0000000               X  2.27316292e-16     
 90.0 -0.9999999999999986 12.999999999999998  1.25892541e-19           X  1.00000000          7.00000000               X -4.22980681e-9      -14.6262000               X  3.58171001e-35     -15.0000000               X  2.27316292e-16     
 91.0 -0.9999999999999986 12.999999999999998  1.00000000e-19           X  1.00000000          7.00000000               X -4.22980681e-9      -14.6220000               X  3.36380633e-35     -15.0000000               X  2.27316292e-16     
 92.0 -0.9999999999999984 12.999999999999998  7.94328235e-20           X  1.00000000          7.00000000               X -4.22980681e-9      -14.6178000               X  3.19380971e-35     -15.0000000               X  2.27316292e-16     
 93.0 -0.9999999999999984 12.999999999999998  6.30957344e-20           X  1.00000000          7.00000000               X -4.22980681e-9      -14.6136000               X  3.06228321e-35     -15.0000000               X  2.27316292e-16     
 94.0 -0.9999999999999984 12.999999999999998  5.01187234e-20           X  1.00000000          7.00000000               X -4.22980681e-9      -14.6094000               X  2.96165838e-35     -15.0000000               X  2.27316292e-16     
 95.0 -0.9999999999999984 12.999999999999998  3.98107171e-20           X  1.00000000          7.00000000               X -4.22980681e-9      -14.6052000               X  2.88586544e-35     -15.0000000               X  2.27316292e-16     
 96.0 -0.9999999999999984 12.999999999999998  3.16227766e-20           X  1.00000000          7.00000000               X -4.22980681e-9      -14.6010000               X  2.83003660e-35     -15.0000000               X  2.27316292e-16     
 97.0 -0.9999999999999984 12.999999999999998  2.51188643e-20           X  1.00000000          7.00000000               X -4.22980681e-9      -14.5968000               X  2.79026811e-35     -15.0000000               X  2.27316292e-16     
 98.0 -0.9999999999999984 12.999999999999998  1.99526231e-20           X  1.00000000          7.00000000               X -4.22980681e-9      -14.5926000               X  2.76342947e-35     -15.0000000               X  2.27316292e-16     
 99.0 -0.9999999999999984 12.999999999999998  1.58489319e-20           X  1.00000000          7.00000000               X -4.22980681e-9      -14.5884000               X  2.74701032e-35     -15.0000000               X  2.27316292e-16     
 100. -0.9999999999999984 12.999999999999998  1.25892541e-20           X  1.00000000          7.00000000               X -4.22980681e-9      -14.5842000               X  2.73899772e-35     -15.0000000               X  2.27316292e-16     
 101. -0.9999999999999984 12.999999999999998  1.00000000e-20           X  1.00000000          7.00000000               X -4.22980681e-9      -14.5800000               X  2.73777768e-35     -15.0000000               X  2.27316292e-16     
 102. -0.9999999999999984 12.999999999999998  7.94328235e-21           X  1.00000000          7.00000000               X -4.22980681e-9      -14.5758000               X  2.74205620e-35     -15.0000000               X  2.27316292e-16     
 103. -0.9999999999999984 12.999999999999998  6.30957344e-21           X  1.00000000          7.00000000               X -4.22980681e-9      -14.5716000               X  2.75079589e-35     -15.0000000               X  2.27316292e-16     
 104. -0.9999999999999984 12.999999999999998  5.01187234e-21           X  1.00000000          7.00000000               X -4.22980681e-9      -14.5674000               X  2.76316525e-35     -15.0000000               X  2.27316292e-16     
 105. -0.9999999999999984 12.999999999999998  3.98107171e-21           X  1.00000000          7.00000000               X -4.22980681e-9      -14.5632000               X  2.77849786e-35     -15.0000000               X  2.27316292e-16     
 106. -0.9999999999999983 12.999999999999998  3.16227766e-21           X  1.00000000          7.00000000               X -4.22980681e-9      -14.5590000               X  2.79625973e-35     -15.0000000               X  2.27316292e-16     
 107. -0.9999999999999983 12.999999999999998  2.51188643e-21           X  1.00000000          7.00000000               X -4.22980681e-9      -14.5548000               X  2.81602307e-35     -15.0000000               X  2.27316292e-16     
 108. -0.9999999999999983 12.999999999999998  1.99526231e-21           X  1.00000000          7.00000000               X -4.22980681e-9      -14.5506000               X  2.83744531e-35     -15.0000000               X  2.27316292e-16     
 109. -0.9999999999999983 12.999999999999998  1.58489319e-21           X  1.00000000          7.00000000               X -4.22980681e-9      -14.5464000               X  2.86025221e-35     -15.0000000               X  2.27316292e-16     
 110. -0.9999999999999983 12.999999999999998  1.25892541e-21           X  1.00000000          7.00000000               X -4.22980681e-9      -14.5422000               X  2.88422432e-35     -15.0000000               X  2.27316292e-16     
 111. -0.9999999999999983 12.999999999999998  1.00000000e-21           X  1.00000000          7.00000000               X -4.22980681e-9      -14.5380000               X  2.90918620e-35     -15.0000000               X  2.27316292e-16     
 112. -0.9999999999999983 12.999999999999998  7.94328235e-22           X  1.00000000          7.00000000               X -4.22980681e-9      -14.5338000               X  2.93499765e-35     -15.0000000               X  2.27316292e-16     
 113. -0.9999999999999983 12.999999999999998  6.30957344e-22           X  1.00000000          7.00000000               X -4.22980681e-9      -14.5296000               X  2.96154676e-35     -15.0000000               X  2.27316292e-16     
 114. -0.9999999999999982 12.999999999999998  5.01187234e-22           X  1.00000000          7.00000000               X -4.22980681e-9      -14.5254000               X  2.98874434e-35     -15.0000000               X  2.27316292e-16     
 115. -0.9999999999999982 12.999999999999998  3.98107171e-22           X  1.00000000          7.00000000               X -4.22980681e-9      -14.5212000               X  3.01651938e-35     -15.0000000               X  2.27316292e-16     
 116. -0.9999999999999982 12.999999999999998  3.16227766e-22           X  1.00000000          7.00000000               X -4.22980681e-9      -14.5170000               X  3.04481552e-35     -15.0000000               X  2.27316292e-16     
 117. -0.9999999999999982 12.999999999999998  2.51188643e-22           X  1.00000000          7.00000000               X -4.22980681e-9      -14.5128000               X  3.07358810e-35     -15.0000000               X  2.27316292e-16     
 118. -0.9999999999999981 12.999999999999998  1.99526231e-22           X  1.00000000          7.00000000               X -4.22980681e-9      -14.5086000               X  3.10280185e-35     -15.0000000               X  2.27316292e-16     
 119. -0.9999999999999981 12.999999999999998  1.58489319e-22           X  1.00000000          7.00000000               X -4.22980681e-9      -14.5044000               X  3.13242910e-35     -15.0000000               X  2.27316292e-16     
 120. -0.9999999999999981 12.999999999999998  1.25892541e-22           X  1.00000000          7.00000000               X -4.22980681e-9      -14.5002000               X  3.16244819e-35     -15.0000000               X  2.27316292e-16     
 121. -0.9999999999999981 12.999999999999998  1.00000000e-22           X  1.00000000          7.00000000               X -4.22980681e-9      -14.4960000               X  3.19284237e-35     -15.0000000               X  2.27316292e-16     
 122. -0.9999999999999981 12.999999999999998  7.94328235e-23           X  1.00000000          7.00000000               X -4.22980681e-9      -14.4918000               X  3.22359877e-35     -15.0000000               X  2.27316292e-16     
 123. -0.9999999999999981 12.999999999999998  6.30957344e-23           X  1.00000000          7.00000000               X -4.22980681e-9      -14.4876000               X  3.25470768e-35     -15.0000000               X  2.27316292e-16     
 124. -0.9999999999999981 12.999999999999998  5.01187234e-23           X  1.00000000          7.00000000               X -4.22980681e-9      -14.4834000               X  3.28616192e-35     -15.0000000               X  2.27316292e-16     
 125. -0.9999999999999981 12.999999999999998  3.98107171e-23           X  1.00000000          7.00000000               X -4.22980681e-9      -14.4792000               X  3.31795632e-35     -15.0000000               X  2.27316292e-16     
 126. -0.9999999999999981 12.999999999999998  3.16227766e-23           X  1.00000000          7.00000000               X -4.22980681e-9      -14.4750000               X  3.35008735e-35     -15.0000000               X  2.27316292e-16     
 127. -0.9999999999999981 12.999999999999998  2.51188643e-23           X  1.00000000          7.00000000               X -4.22980681e-9      -14.4708000               X  3.38255282e-35     -15.0000000               X  2.27316292e-16     
 128. -0.9999999999999981 12.999999999999998  1.99526231e-23           X  1.00000000          7.00000000               X -4.22980681e-9      -14.4666000               X  3.41535158e-35     -15.0000000               X  2.27316292e-16     
 129. -0.999999999999998  12.999999999999998  1.58489319e-23           X  1.00000000          7.00000000               X -4.22980681e-9      -14.4624000               X  3.44848335e-35     -15.0000000               X  2.27316292e-16     
 130. -0.999999999999998  12.999999999999998  1.25892541e-23           X  1.00000000          7.00000000               X -4.22980681e-9      -14.4582000               X  3.48194853e-35     -15.0000000               X  2.27316292e-16     
 131. -0.999999999999998  12.999999999999998  1.00000000e-23           X  1.00000000          7.00000000               X -4.22980681e-9      -14.4540000               X  3.51574810e-35     -15.0000000               X  2.27316292e-16     
 132. -0.999999999999998  12.999999999999998  7.94328235e-24           X  1.00000000          7.00000000               X -4.22980681e-9      -14.4498000               X  3.54988350e-35     -15.0000000               X  2.27316292e-16     
 133. -0.999999999999998  12.999999999999998  6.30957344e-24           X  1.00000000          7.00000000               X -4.22980681e-9      -14.4456000               X  3.58435652e-35     -15.0000000               X  2.27316292e-16     
 134. -0.999999999999998  12.999999999999998  5.01187234e-24           X  1.00000000          7.00000000               X -4.22980681e-9      -14.4414000               X  3.61916928e-35     -15.0000000               X  2.27316292e-16     
 135. -0.9999999999999979 12.999999999999998  3.98107171e-24           X  1.00000000          7.00000000               X -4.22980681e-9      -14.4372000               X  3.65432414e-35     -15.0000000               X  2.27316292e-16     
 136. -0.9999999999999979 12.999999999999998  3.16227766e-24           X  1.00000000          7.00000000               X -4.22980681e-9      -14.4330000               X  3.68982368e-35     -15.0000000               X  2.27316292e-16     
 137. -0.9999999999999979 12.999999999999998  2.51188643e-24           X  1.00000000          7.00000000               X -4.22980681e-9      -14.4288000               X  3.72567064e-35     -15.0000000               X  2.27316292e-16     
 138. -0.9999999999999979 12.999999999999998  1.99526231e-24           X  1.00000000          7.00000000               X -4.22980681e-9      -14.4246000               X  3.76186791e-35     -15.0000000               X  2.27316292e-16     
 139. -0.9999999999999979 12.999999999999998  1.58489319e-24           X  1.00000000          7.00000000               X -4.22980681e-9      -14.4204000               X  3.79841851e-35     -15.0000000               X  2.27316292e-16     
 140. -0.9999999999999979 12.999999999999998  1.25892541e-24           X  1.00000000          7.00000000               X -4.22980681e-9      -14.4162000               X  3.83532556e-35     -15.0000000               X  2.27316292e-16     
 141. -0.9999999999999979 12.999999999999998  1.00000000e-24           X  1.00000000          7.00000000               X -4.22980681e-9      -14.4120000               X  3.87259228e-35     -15.0000000               X  2.27316292e-16     
 142. -0.9999999999999979 12.999999999999998  7.94328235e-25           X  1.00000000          7.00000000               X -4.22980681e-9      -14.4078000               X  3.91022196e-35     -15.0000000               X  2.27316292e-16     
 143. -0.9999999999999979 12.999999999999998  6.30957344e-25           X  1.00000000          7.00000000               X -4.22980681e-9      -14.4036000               X  3.94821796e-35     -15.0000000               X  2.27316292e-16     
 144. -0.9999999999999978 12.999999999999998  5.01187234e-25           X  1.00000000          7.00000000               X -4.22980681e-9      -14.3994000               X  3.98658373e-35     -15.0000000               X  2.27316292e-16     
 145. -0.9999999999999978 12.999999999999998  3.98107171e-25           X  1.00000000          7.00000000               X -4.22980681e-9      -14.3952000               X  4.02532274e-35     -15.0000000               X  2.27316292e-16     
 146. -0.9999999999999978 12.999999999999998  3.16227766e-25           X  1.00000000          7.00000000               X -4.22980681e-9      -14.3910000               X  4.06443855e-35     -15.0000000               X  2.27316292e-16     
 147. -0.9999999999999978 12.999999999999998  2.51188643e-25           X  1.00000000          7.00000000               X -4.22980681e-9      -14.3868000               X  4.10393474e-35     -15.0000000               X  2.27316292e-16     
 148. -0.9999999999999978 12.999999999999998  1.99526231e-25           X  1.00000000          7.00000000               X -4.22980681e-9      -14.3826000               X  4.14381496e-35     -15.0000000               X  2.27316292e-16     
 149. -0.9999999999999978 12.999999999999998  1.58489319e-25           X  1.00000000          7.00000000               X -4.22980681e-9      -14.3784000               X  4.18408291e-35     -15.0000000               X  2.27316292e-16     
 150. -0.9999999999999977 12.999999999999998  1.25892541e-25           X  1.00000000          7.00000000               X -4.22980681e-9      -14.3742000               X  4.22474230e-35     -15.0000000               X  2.27316292e-16     
 151. -0.9999999999999977 12.999999999999998  1.00000000e-25           X  1.00000000          7.00000000               X -4.22980681e-9      -14.3700000               X  4.26579693e-35     -15.0000000               X  2.27316292e-16     
 152. -0.9999999999999977 12.999999999999998  7.94328235e-26           X  1.00000000          7.00000000               X -4.22980681e-9      -14.3658000               X  4.30725061e-35     -15.0000000               X  2.27316292e-16     
 153. -0.9999999999999977 12.999999999999998  6.30957344e-26           X  1.00000000          7.00000000               X -4.22980681e-9      -14.3616000               X  4.34910719e-35     -15.0000000               X  2.27316292e-16     
 154. -0.9999999999999977 12.999999999999998  5.01187234e-26           X  1.00000000          7.00000000               X -4.22980681e-9      -14.3574000               X  4.39137059e-35     -15.0000000               X  2.27316292e-16     
 155. -0.9999999999999977 12.999999999999998  3.98107171e-26           X  1.00000000          7.00000000               X -4.22980681e-9      -14.3532000               X  4.43404474e-35     -15.0000000               X  2.27316292e-16     
 156. -0.9999999999999977 12.999999999999998  3.16227766e-26           X  1.00000000          7.00000000               X -4.22980681e-9      -14.3490000               X  4.47713362e-35     -15.0000000               X  2.27316292e-16     
 157. -0.9999999999999977 12.999999999999998  2.51188643e-26           X  1.00000000          7.00000000               X -4.22980681e-9      -14.3448000               X  4.52064126e-35     -15.0000000               X  2.27316292e-16     
 158. -0.9999999999999976 12.999999999999998  1.99526231e-26           X  1.00000000          7.00000000               X -4.22980681e-9      -14.3406000               X  4.56457172e-35     -15.0000000               X  2.27316292e-16     
 159. -0.9999999999999976 12.999999999999998  1.58489319e-26           X  1.00000000          7.00000000               X -4.22980681e-9      -14.3364000               X  4.60892911e-35     -15.0000000               X  2.27316292e-16     
 160. -0.9999999999999976 12.999999999999998  1.25892541e-26           X  1.00000000          7.00000000               X -4.22980681e-9      -14.3322000               X  4.65371757e-35     -15.0000000               X  2.27316292e-16     
 161. -0.9999999999999976 12.999999999999998  1.00000000e-26           X  1.00000000          7.00000000               X -4.22980681e-9      -14.3280000               X  4.69894128e-35     -15.0000000               X  2.27316292e-16     
 162. -0.9999999999999976 12.999999999999998  7.94328235e-27           X  1.00000000          7.00000000               X -4.22980681e-9      -14.3238000               X  4.74460447e-35     -15.0000000               X  2.27316292e-16     
 163. -0.9999999999999974 12.999999999999998  6.30957344e-27           X  1.00000000          7.00000000               X -4.22980681e-9      -14.3196000               X  4.79071142e-35     -15.0000000               X  2.27316292e-16     
 164. -0.9999999999999974 12.999999999999998  5.01187234e-27           X  1.00000000          7.00000000               X -4.22980681e-9      -14.3154000               X  4.83726644e-35     -15.0000000               X  2.27316292e-16     
 165. -0.9999999999999974 12.999999999999998  3.98107171e-27           X  1.00000000          7.00000000               X -4.22980681e-9      -14.3112000               X  4.88427386e-35     -15.0000000               X  2.27316292e-16     
 166. -0.9999999999999974 12.999999999999998  3.16227766e-27           X  1.00000000          7.00000000               X -4.22980681e-9      -14.3070000               X  4.93173810e-35     -15.0000000               X  2.27316292e-16     
 167. -0.9999999999999974 12.999999999999998  2.51188643e-27           X  1.00000000          7.00000000               X -4.22980681e-9      -14.3028000               X  4.97966359e-35     -15.0000000               X  2.27316292e-16     
 168. -0.9999999999999973 12.999999999999998  1.99526231e-27           X  1.00000000          7.00000000               X -4.22980681e-9      -14.2986000               X  5.02805481e-35     -15.0000000               X  2.27316292e-16     
 169. -0.9999999999999973 12.999999999999998  1.58489319e-27           X  1.00000000          7.00000000               X -4.22980681e-9      -14.2944000               X  5.07691629e-35     -15.0000000               X  2.27316292e-16     
 170. -0.9999999999999973 12.999999999999998  1.25892541e-27           X  1.00000000          7.00000000               X -4.22980681e-9      -14.2902000               X  5.12625260e-35     -15.0000000               X  2.27316292e-16     
 171. -0.9999999999999973 12.999999999999996  1.00000000e-27           X  1.00000000          7.00000000               X -4.22980681e-9      -14.2860000               X  5.17606834e-35     -15.0000000               X  2.27316292e-16     
 172. -0.9999999999999972 12.999999999999996  7.94328235e-28           X  1.00000000          7.00000000               X -4.22980681e-9      -14.2818000               X  5.22636818e-35     -15.0000000               X  2.27316292e-16     
 173. -0.9999999999999972 12.999999999999996  6.30957344e-28           X  1.00000000          7.00000000               X -4.22980681e-9      -14.2776000               X  5.27715683e-35     -15.0000000               X  2.27316292e-16     
 174. -0.9999999999999972 12.999999999999996  5.01187234e-28           X  1.00000000          7.00000000               X -4.22980681e-9      -14.2734000               X  5.32843903e-35     -15.0000000               X  2.27316292e-16     
 175. -0.9999999999999972 12.999999999999996  3.98107171e-28           X  1.00000000          7.00000000               X -4.22980681e-9      -14.2692000               X  5.38021958e-35     -15.0000000               X  2.27316292e-16     
 176. -0.9999999999999972 12.999999999999996  3.16227766e-28           X  1.00000000          7.00000000               X -4.22980681e-9      -14.2650000               X  5.43250332e-35     -15.0000000               X  2.27316292e-16     
 177. -0.9999999999999972 12.999999999999996  2.51188643e-28           X  1.00000000          7.00000000               X -4.22980681e-9      -14.2608000               X  5.48529515e-35     -15.0000000               X  2.27316292e-16     
 178. -0.9999999999999972 12.999999999999996  1.99526231e-28           X  1.00000000          7.00000000               X -4.22980681e-9      -14.2566000               X  5.53859999e-35     -15.0000000               X  2.27316292e-16     
 179. -0.9999999999999971 12.999999999999996  1.58489319e-28           X  1.00000000          7.00000000               X -4.22980681e-9      -14.2524000               X  5.59242283e-35     -15.0000000               X  2.27316292e-16     
 180. -0.9999999999999971 12.999999999999996  1.25892541e-28           X  1.00000000          7.00000000               X -4.22980681e-9      -14.2482000               X  5.64676872e-35     -15.0000000               X  2.27316292e-16     
 181. -0.9999999999999971 12.999999999999996  1.00000000e-28           X  1.00000000          7.00000000               X -4.22980681e-9      -14.2440000               X  5.70164273e-35     -15.0000000               X  2.27316292e-16     
 182. -0.9999999999999971 12.999999999999996  7.94328235e-29           X  1.00000000          7.00000000               X -4.22980681e-9      -14.2398000               X  5.75704998e-35     -15.0000000               X  2.27316292e-16     
 183. -0.999999999999997  12.999999999999996  6.30957344e-29           X  1.00000000          7.00000000               X -4.22980681e-9      -14.2356000               X  5.81299568e-35     -15.0000000               X  2.27316292e-16     
 184. -0.999999999999997  12.999999999999996  5.01187234e-29           X  1.00000000          7.00000000               X -4.22980681e-9      -14.2314000               X  5.86948504e-35     -15.0000000               X  2.27316292e-16     
 185. -0.999999999999997  12.999999999999996  3.98107171e-29           X  1.00000000          7.00000000               X -4.22980681e-9      -14.2272000               X  5.92652335e-35     -15.0000000               X  2.27316292e-16     
 186. -0.999999999999997  12.999999999999996  3.16227766e-29           X  1.00000000          7.00000000               X -4.22980681e-9      -14.2230000               X  5.98411595e-35     -15.0000000               X  2.27316292e-16     
 187. -0.999999999999997  12.999999999999996  2.51188643e-29           X  1.00000000          7.00000000               X -4.22980681e-9      -14.2188000               X  6.04226822e-35     -15.0000000               X  2.27316292e-16     
 188. -0.999999999999997  12.999999999999996  1.99526231e-29           X  1.00000000          7.00000000               X -4.22980681e-9      -14.2146000               X  6.10098560e-35     -15.0000000               X  2.27316292e-16     
 189. -0.9999999999999969 12.999999999999996  1.58489319e-29           X  1.00000000          7.00000000               X -4.22980681e-9      -14.2104000               X  6.16027358e-35     -15.0000000               X  2.27316292e-16     
 190. -0.9999999999999969 12.999999999999996  1.25892541e-29           X  1.00000000          7.00000000               X -4.22980681e-9      -14.2062000               X  6.22013771e-35     -15.0000000               X  2.27316292e-16     
 191. -0.9999999999999969 12.999999999999996  1.00000000e-29           X  1.00000000          7.00000000               X -4.22980681e-9      -14.2020000               X  6.28058359e-35     -15.0000000               X  2.27316292e-16     
 192. -0.9999999999999968 12.999999999999996  7.94328235e-30           X  1.00000000          7.00000000               X -4.22980681e-9      -14.1978000               X  6.34161686e-35     -15.0000000               X  2.27316292e-16     
 193. -0.9999999999999968 12.999999999999996  6.30957344e-30           X  1.00000000          7.00000000               X -4.22980681e-9      -14.1936000               X  6.40324324e-35     -15.0000000               X  2.27316292e-16     
 194. -0.9999999999999967 12.999999999999996  5.01187234e-30           X  1.00000000          7.00000000               X -4.22980681e-9      -14.1894000               X  6.46546850e-35     -15.0000000               X  2.27316292e-16     
 195. -0.9999999999999967 12.999999999999996  3.98107171e-30           X  1.00000000          7.00000000               X -4.22980681e-9      -14.1852000               X  6.52829844e-35     -15.0000000               X  2.27316292e-16     
 196. -0.9999999999999967 12.999999999999996  3.16227766e-30           X  1.00000000          7.00000000               X -4.22980681e-9      -14.1810000               X  6.59173895e-35     -15.0000000               X  2.27316292e-16     
 197. -0.9999999999999967 12.999999999999996  2.51188643e-30           X  1.00000000          7.00000000               X -4.22980681e-9      -14.1768000               X  6.65579596e-35     -15.0000000               X  2.27316292e-16     
 198. -0.9999999999999967 12.999999999999996  1.99526231e-30           X  1.00000000          7.00000000               X -4.22980681e-9      -14.1726000               X  6.72047547e-35     -15.0000000               X  2.27316292e-16     
 199. -0.9999999999999966 12.999999999999996  1.58489319e-30           X  1.00000000          7.00000000               X -4.22980681e-9      -14.1684000               X  6.78578351e-35     -15.0000000               X  2.27316292e-16     
 200. -0.9999999999999966 12.999999999999996  1.25892541e-30           X  1.00000000          7.00000000               X -4.22980681e-9      -14.1642000               X  6.85172620e-35     -15.0000000               X  2.27316292e-16     
 201. -0.9999999999999966 12.999999999999996  1.00000000e-30           X  1.00000000          7.00000000               X -4.22980681e-9      -14.1600000               X  6.91830971e-35     -15.0000000               X  2.27316292e-16     
 202. -0.9999999999999966 12.999999999999996  7.94328235e-31           X  1.00000000          7.00000000               X -4.22980681e-9      -14.1558000               X  6.98554026e-35     -15.0000000               X  2.27316292e-16     
 203. -0.9999999999999964 12.999999999999996  6.30957344e-31           X  1.00000000          7.00000000               X -4.22980681e-9      -14.1516000               X  7.05342414e-35     -15.0000000               X  2.27316292e-16     
 204. -0.9999999999999964 12.999999999999996  5.01187234e-31           X  1.00000000          7.00000000               X -4.22980681e-9      -14.1474000               X  7.12196770e-35     -15.0000000               X  2.27316292e-16     
 205. -0.9999999999999964 12.999999999999996  3.98107171e-31           X  1.00000000          7.00000000               X -4.22980681e-9      -14.1432000               X  7.19117736e-35     -15.0000000               X  2.27316292e-16     
 206. -0.9999999999999964 12.999999999999996  3.16227766e-31           X  1.00000000          7.00000000               X -4.22980681e-9      -14.1390000               X  7.26105957e-35     -15.0000000               X  2.27316292e-16     
 207. -0.9999999999999964 12.999999999999996  2.51188643e-31           X  1.00000000          7.00000000               X -4.22980681e-9      -14.1348000               X  7.33162089e-35     -15.0000000               X  2.27316292e-16     
 208. -0.9999999999999963 12.999999999999996  1.99526231e-31           X  1.00000000          7.00000000               X -4.22980681e-9      -14.1306000               X  7.40286790e-35     -15.0000000               X  2.27316292e-16     
 209. -0.9999999999999963 12.999999999999996  1.58489319e-31           X  1.00000000          7.00000000               X -4.22980681e-9      -14.1264000               X  7.47480728e-35     -15.0000000               X  2.27316293e-16     
 210. -0.9999999999999963 12.999999999999996  1.25892541e-31           X  1.00000000          7.00000000               X -4.22980681e-9      -14.1222000               X  7.54744575e-35     -15.0000000               X  2.27316293e-16     
 211. -0.9999999999999962 12.999999999999996  1.00000000e-31           X  1.00000000          7.00000000               X -4.22980681e-9      -14.1180000               X  7.62079010e-35     -15.0000000               X  2.27316293e-16     
 212. -0.9999999999999962 12.999999999999996  7.94328235e-32           X  1.00000000          7.00000000               X -4.22980681e-9      -14.1138000               X  7.69484720e-35     -15.0000000               X  2.27316293e-16     
 213. -0.9999999999999962 12.999999999999996  6.30957344e-32           X  1.00000000          7.00000000               X -4.22980681e-9      -14.1096000               X  7.76962396e-35     -15.0000000               X  2.27316293e-16     
 214. -0.9999999999999962 12.999999999999996  5.01187234e-32           X  1.00000000          7.00000000               X -4.22980681e-9      -14.1054000               X  7.84512739e-35     -15.0000000               X  2.27316293e-16     
 215. -0.9999999999999961 12.999999999999996  3.98107171e-32           X  1.00000000          7.00000000               X -4.22980681e-9      -14.1012000               X  7.92136454e-35     -15.0000000               X  2.27316293e-16     
 216. -0.9999999999999961 12.999999999999996  3.16227766e-32           X  1.00000000          7.00000000               X -4.22980681e-9      -14.0970000               X  7.99834255e-35     -15.0000000               X  2.27316293e-16     
 217. -0.999999999999996  12.999999999999996  2.51188643e-32           X  1.00000000          7.00000000               X -4.22980681e-9      -14.0928000               X  8.07606861e-35     -15.0000000               X  2.27316293e-16     
 218. -0.999999999999996  12.999999999999996  1.99526231e-32           X  1.00000000          7.00000000               X -4.22980681e-9      -14.0886000               X  8.15455000e-35     -15.0000000               X  2.27316293e-16     
 219. -0.999999999999996  12.999999999999996  1.58489319e-32           X  1.00000000          7.00000000               X -4.22980681e-9      -14.0844000               X  8.23379405e-35     -15.0000000               X  2.27316293e-16     
 220. -0.999999999999996  12.999999999999996  1.25892541e-32           X  1.00000000          7.00000000               X -4.22980681e-9      -14.0802000               X  8.31380818e-35     -15.0000000               X  2.27316293e-16     
 221. -0.9999999999999959 12.999999999999996  1.00000000e-32           X  1.00000000          7.00000000               X -4.22980681e-9      -14.0760000               X  8.39459987e-35     -15.0000000               X  2.27316293e-16     
 222. -0.9999999999999959 12.999999999999996  7.94328235e-33           X  1.00000000          7.00000000               X -4.22980681e-9      -14.0718000               X  8.47617667e-35     -15.0000000               X  2.27316293e-16     
 223. -0.9999999999999959 12.999999999999996  6.30957344e-33           X  1.00000000          7.00000000               X -4.22980681e-9      -14.0676000               X  8.55854621e-35     -15.0000000               X  2.27316293e-16     
 224. -0.9999999999999958 12.999999999999996  5.01187234e-33           X  1.00000000          7.00000000               X -4.22980681e-9      -14.0634000               X  8.64171621e-35     -15.0000000               X  2.27316293e-16     
 225. -0.9999999999999958 12.999999999999996  3.98107171e-33           X  1.00000000          7.00000000               X -4.22980681e-9      -14.0592000               X  8.72569443e-35     -15.0000000               X  2.27316293e-16     
 226. -0.9999999999999958 12.999999999999996  3.16227766e-33           X  1.00000000          7.00000000               X -4.22980681e-9      -14.0550000               X  8.81048873e-35     -15.0000000               X  2.27316293e-16     
 227. -0.9999999999999958 12.999999999999996  2.51188643e-33           X  1.00000000          7.00000000               X -4.22980681e-9      -14.0508000               X  8.89610704e-35     -15.0000000               X  2.27316293e-16     
 228. -0.9999999999999957 12.999999999999996  1.99526231e-33           X  1.00000000          7.00000000               X -4.22980681e-9      -14.0466000               X  8.98255738e-35     -15.0000000               X  2.27316293e-16     
 229. -0.9999999999999957 12.999999999999996  1.58489319e-33           X  1.00000000          7.00000000               X -4.22980681e-9      -14.0424000               X  9.06984782e-35     -15.0000000               X  2.27316293e-16     
 230. -0.9999999999999956 12.999999999999996  1.25892541e-33           X  1.00000000          7.00000000               X -4.22980681e-9      -14.0382000               X  9.15798652e-35     -15.0000000               X  2.27316293e-16     
 231. -0.9999999999999956 12.999999999999996  1.00000000e-33           X  1.00000000          7.00000000               X -4.22980681e-9      -14.0340000               X  9.24698174e-35     -15.0000000               X  2.27316293e-16     
 232. -0.9999999999999956 12.999999999999995  7.94328235e-34           X  1.00000000          7.00000000               X -4.22980681e-9      -14.0298000               X  9.33684179e-35     -15.0000000               X  2.27316293e-16     
 233. -0.9999999999999956 12.999999999999995  6.30957344e-34           X  1.00000000          7.00000000               X -4.22980681e-9      -14.0256000               X  9.42757509e-35     -15.0000000               X  2.27316293e-16     
 234. -0.9999999999999954 12.999999999999995  5.01187234e-34           X  1.00000000          7.00000000               X -4.22980681e-9      -14.0214000               X  9.51919010e-35     -15.0000000               X  2.27316293e-16     
 235. -0.9999999999999954 12.999999999999995  3.98107171e-34           X  1.00000000          7.00000000               X -4.22980681e-9      -14.0172000               X  9.61169542e-35     -15.0000000               X  2.27316293e-16     
 236. -0.9999999999999953 12.999999999999995  3.16227766e-34           X  1.00000000          7.00000000               X -4.22980681e-9      -14.0130000               X  9.70509967e-35     -15.0000000               X  2.27316293e-16     
 237. -0.9999999999999953 12.999999999999995  2.51188643e-34           X  1.00000000          7.00000000               X -4.22980681e-9      -14.0088000               X  9.79941161e-35     -15.0000000               X  2.27316293e-16     
 238. -0.9999999999999952 12.999999999999995  1.99526231e-34           X  1.00000000          7.00000000               X -4.22980681e-9      -14.0046000               X  9.89464005e-35     -15.0000000               X  2.27316293e-16     
 239. -0.9999999999999952 12.999999999999995  1.58489319e-34           X  1.00000000          7.00000000               X -4.22980681e-9      -14.0004000               X  9.99079390e-35     -15.0000000               X  2.27316293e-16     
 240. -0.9999999999999952 12.999999999999995  1.25892541e-34           X  1.00000000          7.00000000               X -4.22980681e-9      -13.9962000               X  1.00878821e-34     -15.0000000               X  2.27316293e-16     
 241. -0.9999999999999951 12.999999999999995  1.00000000e-34           X  1.00000000          7.00000000               X -4.22980681e-9      -13.9920000               X  1.01859139e-34     -15.0000000               X  2.27316293e-16     
 242. -0.9999999999999951 12.999999999999995  7.94328235e-35           X  1.00000000          7.00000000               X -4.22980681e-9      -13.9878000               X  1.02848983e-34     -15.0000000               X  2.27316293e-16     
 243. -0.999999999999995  12.999999999999995  6.30957344e-35           X  1.00000000          7.00000000               X -4.22980681e-9      -13.9836000               X  1.03848446e-34     -15.0000000               X  2.27316293e-16     
 244. -0.999999999999995  12.999999999999995  5.01187234e-35           X  1.00000000          7.00000000               X -4.22980681e-9      -13.9794000               X  1.04857621e-34     -15.0000000               X  2.27316293e-16     
 245. -0.999999999999995  12.999999999999995  3.98107171e-35           X  1.00000000          7.00000000               X -4.22980681e-9      -13.9752000               X  1.05876603e-34     -15.0000000               X  2.27316293e-16     
 246. -0.999999999999995  12.999999999999995  3.16227766e-35           X  1.00000000          7.00000000               X -4.22980681e-9      -13.9710000               X  1.06905488e-34     -15.0000000               X  2.27316293e-16     
 247. -0.9999999999999949 12.999999999999995  2.51188643e-35           X  1.00000000          7.00000000               X -4.22980681e-9      -13.9668000               X  1.07944371e-34     -15.0000000               X  2.27316293e-16     
 248. -0.9999999999999949 12.999999999999995  1.99526231e-35           X  1.00000000          7.00000000               X -4.22980681e-9      -13.9626000               X  1.08993350e-34     -15.0000000               X  2.27316293e-16     
 249. -0.9999999999999948 12.999999999999995  1.58489319e-35           X  1.00000000          7.00000000               X -4.22980681e-9      -13.9584000               X  1.10052522e-34     -15.0000000               X  2.27316293e-16     
 250. -0.9999999999999948 12.999999999999995  1.25892541e-35           X  1.00000000          7.00000000               X -4.22980681e-9      -13.9542000               X  1.11121987e-34     -15.0000000               X  2.27316293e-16     
 251. -0.9999999999999948 12.999999999999995  1.00000000e-35           X  1.00000000          7.00000000               X -4.22980681e-9      -13.9500000               X  1.12201845e-34     -15.0000000               X  2.27316293e-16     
 252. -0.9999999999999947 12.999999999999995  7.94328235e-36           X  1.00000000          7.00000000               X -4.22980681e-9      -13.9458000               X  1.13292197e-34     -15.0000000               X  2.27316293e-16     
 253. -0.9999999999999946 12.999999999999995  6.30957344e-36           X  1.00000000          7.00000000               X -4.22980681e-9      -13.9416000               X  1.14393145e-34     -15.0000000               X  2.27316293e-16     
 254. -0.9999999999999946 12.999999999999995  5.01187234e-36           X  1.00000000          7.00000000               X -4.22980681e-9      -13.9374000               X  1.15504791e-34     -15.0000000               X  2.27316293e-16     
 255. -0.9999999999999946 12.999999999999995  3.98107171e-36           X  1.00000000          7.00000000               X -4.22980681e-9      -13.9332000               X  1.16627241e-34     -15.0000000               X  2.27316293e-16     
 256. -0.9999999999999944 12.999999999999995  3.16227766e-36           X  1.00000000          7.00000000               X -4.22980681e-9      -13.9290000               X  1.17760597e-34     -15.0000000               X  2.27316293e-16     
 257. -0.9999999999999944 12.999999999999995  2.51188643e-36           X  1.00000000          7.00000000               X -4.22980681e-9      -13.9248000               X  1.18904968e-34     -15.0000000               X  2.27316293e-16     
 258. -0.9999999999999943 12.999999999999995  1.99526231e-36           X  1.00000000          7.00000000               X -4.22980681e-9      -13.9206000               X  1.20060459e-34     -15.0000000               X  2.27316293e-16     
 259. -0.9999999999999943 12.999999999999995  1.58489319e-36           X  1.00000000          7.00000000               X -4.22980681e-9      -13.9164000               X  1.21227179e-34     -15.0000000               X  2.27316293e-16     
 260. -0.9999999999999943 12.999999999999995  1.25892541e-36           X  1.00000000          7.00000000               X -4.22980681e-9      -13.9122000               X  1.22405237e-34     -15.0000000               X  2.27316293e-16     
 261. -0.9999999999999942 12.999999999999995  1.00000000e-36           X  1.00000000          7.00000000               X -4.22980681e-9      -13.9080000               X  1.23594743e-34     -15.0000000               X  2.27316293e-16     
 262. -0.9999999999999942 12.999999999999995  7.94328235e-37           X  1.00000000          7.00000000               X -4.22980681e-9      -13.9038000               X  1.24795809e-34     -15.0000000               X  2.27316293e-16     
 263. -0.9999999999999941 12.999999999999995  6.30957344e-37           X  1.00000000          7.00000000               X -4.22980681e-9      -13.8996000               X  1.26008546e-34     -15.0000000               X  2.27316293e-16     
 264. -0.9999999999999941 12.999999999999995  5.01187234e-37           X  1.00000000          7.00000000               X -4.22980681e-9      -13.8954000               X  1.27233068e-34     -15.0000000               X  2.27316293e-16     
 265. -0.999999999999994  12.999999999999995  3.98107171e-37           X  1.00000000          7.00000000               X -4.22980681e-9      -13.8912000               X  1.28469490e-34     -15.0000000               X  2.27316293e-16     
 266. -0.9999999999999939 12.999999999999995  3.16227766e-37           X  1.00000000          7.00000000               X -4.22980681e-9      -13.8870000               X  1.29717927e-34     -15.0000000               X  2.27316293e-16     
 267. -0.9999999999999939 12.999999999999995  2.51188643e-37           X  1.00000000          7.00000000               X -4.22980681e-9      -13.8828000               X  1.30978496e-34     -15.0000000               X  2.27316293e-16     
 268. -0.9999999999999938 12.999999999999995  1.99526231e-37           X  1.00000000          7.00000000               X -4.22980681e-9      -13.8786000               X  1.32251315e-34     -15.0000000               X  2.27316293e-16     
 269. -0.9999999999999938 12.999999999999995  1.58489319e-37           X  1.00000000          7.00000000               X -4.22980681e-9      -13.8744000               X  1.33536503e-34     -15.0000000               X  2.27316293e-16     
 270. -0.9999999999999938 12.999999999999993  1.25892541e-37           X  1.00000000          7.00000000               X -4.22980681e-9      -13.8702000               X  1.34834181e-34     -15.0000000               X  2.27316293e-16     
 271. -0.9999999999999937 12.999999999999993  1.00000000e-37           X  1.00000000          7.00000000               X -4.22980681e-9      -13.8660000               X  1.36144468e-34     -15.0000000               X  2.27316293e-16     
 272. -0.9999999999999936 12.999999999999993  7.94328235e-38           X  1.00000000          7.00000000               X -4.22980681e-9      -13.8618000               X  1.37467489e-34     -15.0000000               X  2.27316293e-16     
 273. -0.9999999999999936 12.999999999999993  6.30957344e-38           X  1.00000000          7.00000000               X -4.22980681e-9      -13.8576000               X  1.38803367e-34     -15.0000000               X  2.27316293e-16     
 274. -0.9999999999999936 12.999999999999993  5.01187234e-38           X  1.00000000          7.00000000               X -4.22980681e-9      -13.8534000               X  1.40152226e-34     -15.0000000               X  2.27316293e-16     
 275. -0.9999999999999934 12.999999999999993  3.98107171e-38           X  1.00000000          7.00000000               X -4.22980681e-9      -13.8492000               X  1.41514193e-34     -15.0000000               X  2.27316293e-16     
 276. -0.9999999999999934 12.999999999999993  3.16227766e-38           X  1.00000000          7.00000000               X -4.22980681e-9      -13.8450000               X  1.42889396e-34     -15.0000000               X  2.27316293e-16     
 277. -0.9999999999999933 12.999999999999993  2.51188643e-38           X  1.00000000          7.00000000               X -4.22980681e-9      -13.8408000               X  1.44277962e-34     -15.0000000               X  2.27316293e-16     
 278. -0.9999999999999933 12.999999999999993  1.99526231e-38           X  1.00000000          7.00000000               X -4.22980681e-9      -13.8366000               X  1.45680023e-34     -15.0000000               X  2.27316293e-16     
 279. -0.9999999999999932 12.999999999999993  1.58489319e-38           X  1.00000000          7.00000000               X -4.22980681e-9      -13.8324000               X  1.47095708e-34     -15.0000000               X  2.27316293e-16     
 280. -0.9999999999999931 12.999999999999993  1.25892541e-38           X  1.00000000          7.00000000               X -4.22980681e-9      -13.8282000               X  1.48525150e-34     -15.0000000               X  2.27316293e-16     
 281. -0.9999999999999931 12.999999999999993  1.00000000e-38           X  1.00000000          7.00000000               X -4.22980681e-9      -13.8240000               X  1.49968484e-34     -15.0000000               X  2.27316293e-16     
 282. -0.999999999999993  12.999999999999993  7.94328235e-39           X  1.00000000          7.00000000               X -4.22980681e-9      -13.8198000               X  1.51425843e-34     -15.0000000               X  2.27316293e-16     
 283. -0.999999999999993  12.999999999999993  6.30957344e-39           X  1.00000000          7.00000000               X -4.22980681e-9      -13.8156000               X  1.52897365e-34     -15.0000000               X  2.27316293e-16     
 284. -0.9999999999999929 12.999999999999993  5.01187234e-39           X  1.00000000          7.00000000               X -4.22980681e-9      -13.8114000               X  1.54383186e-34     -15.0000000               X  2.27316293e-16     
 285. -0.9999999999999929 12.999999999999993  3.98107171e-39           X  1.00000000          7.00000000               X -4.22980681e-9      -13.8072000               X  1.55883447e-34     -15.0000000               X  2.27316293e-16     
 286. -0.9999999999999928 12.999999999999993  3.16227766e-39           X  1.00000000          7.00000000               X -4.22980681e-9      -13.8030000               X  1.57398286e-34     -15.0000000               X  2.27316293e-16     
 287. -0.9999999999999927 12.999999999999993  2.51188643e-39           X  1.00000000          7.00000000               X -4.22980681e-9      -13.7988000               X  1.58927847e-34     -15.0000000               X  2.27316293e-16     
 288. -0.9999999999999927 12.999999999999993  1.99526231e-39           X  1.00000000          7.00000000               X -4.22980681e-9      -13.7946000               X  1.60472271e-34     -15.0000000               X  2.27316293e-16     
 289. -0.9999999999999926 12.999999999999993  1.58489319e-39           X  1.00000000          7.00000000               X -4.22980681e-9      -13.7904000               X  1.62031704e-34     -15.0000000               X  2.27316293e-16     
 290. -0.9999999999999925 12.999999999999993  1.25892541e-39           X  1.00000000          7.00000000               X -4.22980681e-9      -13.7862000               X  1.63606291e-34     -15.0000000               X  2.27316293e-16     
 291. -0.9999999999999925 12.999999999999993  1.00000000e-39           X  1.00000000          7.00000000               X -4.22980681e-9      -13.7820000               X  1.65196180e-34     -15.0000000               X  2.27316293e-16     
 292. -0.9999999999999923 12.999999999999993  7.94328235e-40           X  1.00000000          7.00000000               X -4.22980681e-9      -13.7778000               X  1.66801519e-34     -15.0000000               X  2.27316293e-16     
 293. -0.9999999999999923 12.999999999999993  6.30957344e-40           X  1.00000000          7.00000000               X -4.22980681e-9      -13.7736000               X  1.68422458e-34     -15.0000000               X  2.27316293e-16     
 294. -0.9999999999999922 12.999999999999993  5.01187234e-40           X  1.00000000          7.00000000               X -4.22980681e-9      -13.7694000               X  1.70059148e-34     -15.0000000               X  2.27316293e-16     
 295. -0.9999999999999921 12.999999999999993  3.98107171e-40           X  1.00000000          7.00000000               X -4.22980681e-9      -13.7652000               X  1.71711744e-34     -15.0000000               X  2.27316293e-16     
 296. -0.9999999999999921 12.999999999999993  3.16227766e-40           X  1.00000000          7.00000000               X -4.22980681e-9      -13.7610000               X  1.73380400e-34     -15.0000000               X  2.27316293e-16     
 297. -0.999999999999992  12.999999999999991  2.51188643e-40           X  1.00000000          7.00000000               X -4.22980681e-9      -13.7568000               X  1.75065271e-34     -15.0000000               X  2.27316293e-16     
 298. -0.9999999999999919 12.999999999999991  1.99526231e-40           X  1.00000000          7.00000000               X -4.22980681e-9      -13.7526000               X  1.76766515e-34     -15.0000000               X  2.27316293e-16     
 299. -0.9999999999999919 12.999999999999991  1.58489319e-40           X  1.00000000          7.00000000               X -4.22980681e-9      -13.7484000               X  1.78484292e-34     -15.0000000               X  2.27316293e-16     

 1.0  -0.9999999999999918 12.999999999999991  1.25892541e-40           X  1.00000000          7.00000000               X -4.22980681e-9      -13.7442000               X  1.80218761e-34     -15.0000000               X  2.27316293e-16     
 2.0  -0.9999999999999917 12.999999999999991  1.00000000e-40           X  1.00000000          7.00000000               X -4.22980681e-9      -13.7400000               X  1.81970086e-34     -15.0000000               X  2.27316293e-16     
 3.0  -0.9999999999999917 12.999999999999991  7.94328235e-41           X  1.00000000          7.00000000               X -4.22980681e-9      -13.7358000               X  1.83738430e-34     -15.0000000               X  2.27316293e-16     
 4.0  -0.9999999999999916 12.999999999999991  6.30957344e-41           X  1.00000000          7.00000000               X -4.22980681e-9      -13.7316000               X  1.85523958e-34     -15.0000000               X  2.27316293e-16     
 5.0  -0.9999999999999915 12.999999999999991  5.01187234e-41           X  1.00000000          7.00000000               X -4.22980681e-9      -13.7274000               X  1.87326837e-34     -15.0000000               X  2.27316293e-16     
 6.0  -0.9999999999999915 12.999999999999991  3.98107171e-41           X  1.00000000          7.00000000               X -4.22980681e-9      -13.7232000               X  1.89147236e-34     -15.0000000               X  2.27316293e-16     
 7.0  -0.9999999999999913 12.999999999999991  3.16227766e-41           X  1.00000000          7.00000000               X -4.22980681e-9      -13.7190000               X  1.90985326e-34     -15.0000000               X  2.27316293e-16     
 8.0  -0.9999999999999912 12.999999999999991  2.51188643e-41           X  1.00000000          7.00000000               X -4.22980681e-9      -13.7148000               X  1.92841278e-34     -15.0000000               X  2.27316293e-16     
 9.0  -0.9999999999999912 12.999999999999991  1.99526231e-41           X  1.00000000          7.00000000               X -4.22980681e-9      -13.7106000               X  1.94715265e-34     -15.0000000               X  2.27316293e-16     
 10.0 -0.9999999999999911 12.999999999999991  1.58489319e-41           X  1.00000000          7.00000000               X -4.22980681e-9      -13.7064000               X  1.96607463e-34     -15.0000000               X  2.27316293e-16     
 11.0 -0.999999999999991  12.999999999999991  1.25892541e-41           X  1.00000000          7.00000000               X -4.22980681e-9      -13.7022000               X  1.98518050e-34     -15.0000000               X  2.27316293e-16     
 12.0 -0.9999999999999909 12.999999999999991  1.00000000e-41           X  1.00000000          7.00000000               X -4.22980681e-9      -13.6980000               X  2.00447203e-34     -15.0000000               X  2.27316293e-16     
 13.0 -0.9999999999999908 12.999999999999991  7.94328235e-42           X  1.00000000          7.00000000               X -4.22980681e-9      -13.6938000               X  2.02395103e-34     -15.0000000               X  2.27316293e-16     
 14.0 -0.9999999999999908 12.999999999999991  6.30957344e-42           X  1.00000000          7.00000000               X -4.22980681e-9      -13.6896000               X  2.04361932e-34     -15.0000000               X  2.27316293e-16     
 15.0 -0.9999999999999907 12.999999999999991  5.01187234e-42           X  1.00000000          7.00000000               X -4.22980681e-9      -13.6854000               X  2.06347875e-34     -15.0000000               X  2.27316293e-16     
 16.0 -0.9999999999999906 12.999999999999991  3.98107171e-42           X  1.00000000          7.00000000               X -4.22980681e-9      -13.6812000               X  2.08353116e-34     -15.0000000               X  2.27316293e-16     
 17.0 -0.9999999999999905 12.999999999999991  3.16227766e-42           X  1.00000000          7.00000000               X -4.22980681e-9      -13.6770000               X  2.10377844e-34     -15.0000000               X  2.27316293e-16     
 18.0 -0.9999999999999905 12.999999999999991  2.51188643e-42           X  1.00000000          7.00000000               X -4.22980681e-9      -13.6728000               X  2.12422248e-34     -15.0000000               X  2.27316293e-16     
 19.0 -0.9999999999999903 12.999999999999991  1.99526231e-42           X  1.00000000          7.00000000               X -4.22980681e-9      -13.6686000               X  2.14486519e-34     -15.0000000               X  2.27316293e-16     
 20.0 -0.9999999999999902 12.99999999999999   1.58489319e-42           X  1.00000000          7.00000000               X -4.22980681e-9      -13.6644000               X  2.16570849e-34     -15.0000000               X  2.27316293e-16     
 21.0 -0.9999999999999901 12.99999999999999   1.25892541e-42           X  1.00000000          7.00000000               X -4.22980681e-9      -13.6602000               X  2.18675435e-34     -15.0000000               X  2.27316293e-16     
 22.0 -0.99999999999999   12.99999999999999   1.00000000e-42           X  1.00000000          7.00000000               X -4.22980681e-9      -13.6560000               X  2.20800473e-34     -15.0000000               X  2.27316293e-16     
 23.0 -0.99999999999999   12.99999999999999   7.94328235e-43           X  1.00000000          7.00000000               X -4.22980681e-9      -13.6518000               X  2.22946162e-34     -15.0000000               X  2.27316293e-16     
 24.0 -0.9999999999999899 12.99999999999999   6.30957344e-43           X  1.00000000          7.00000000               X -4.22980681e-9      -13.6476000               X  2.25112702e-34     -15.0000000               X  2.27316293e-16     
 25.0 -0.9999999999999897 12.99999999999999   5.01187234e-43           X  1.00000000          7.00000000               X -4.22980681e-9      -13.6434000               X  2.27300295e-34     -15.0000000               X  2.27316293e-16     
 26.0 -0.9999999999999897 12.99999999999999   3.98107171e-43           X  1.00000000          7.00000000               X -4.22980681e-9      -13.6392000               X  2.29509148e-34     -15.0000000               X  2.27316293e-16     
 27.0 -0.9999999999999896 12.99999999999999   3.16227766e-43           X  1.00000000          7.00000000               X -4.22980681e-9      -13.6350000               X  2.31739465e-34     -15.0000000               X  2.27316293e-16     
 28.0 -0.9999999999999895 12.99999999999999   2.51188643e-43           X  1.00000000          7.00000000               X -4.22980681e-9      -13.6308000               X  2.33991456e-34     -15.0000000               X  2.27316293e-16     
 29.0 -0.9999999999999893 12.99999999999999   1.99526231e-43           X  1.00000000          7.00000000               X -4.22980681e-9      -13.6266000               X  2.36265332e-34     -15.0000000               X  2.27316293e-16     
 30.0 -0.9999999999999892 12.99999999999999   1.58489319e-43           X  1.00000000          7.00000000               X -4.22980681e-9      -13.6224000               X  2.38561304e-34     -15.0000000               X  2.27316293e-16     
 31.0 -0.9999999999999892 12.99999999999999   1.25892541e-43           X  1.00000000          7.00000000               X -4.22980681e-9      -13.6182000               X  2.40879588e-34     -15.0000000               X  2.27316293e-16     
 32.0 -0.9999999999999891 12.99999999999999   1.00000000e-43           X  1.00000000          7.00000000               X -4.22980681e-9      -13.6140000               X  2.43220401e-34     -15.0000000               X  2.27316293e-16     
 33.0 -0.999999999999989  12.99999999999999   7.94328235e-44           X  1.00000000          7.00000000               X -4.22980681e-9      -13.6098000               X  2.45583961e-34     -15.0000000               X  2.27316293e-16     
 34.0 -0.9999999999999889 12.99999999999999   6.30957344e-44           X  1.00000000          7.00000000               X -4.22980681e-9      -13.6056000               X  2.47970490e-34     -15.0000000               X  2.27316293e-16     
 35.0 -0.9999999999999888 12.99999999999999   5.01187234e-44           X  1.00000000          7.00000000               X -4.22980681e-9      -13.6014000               X  2.50380210e-34     -15.0000000               X  2.27316293e-16     
 36.0 -0.9999999999999887 12.99999999999999   3.98107171e-44           X  1.00000000          7.00000000               X -4.22980681e-9      -13.5972000               X  2.52813348e-34     -15.0000000               X  2.27316293e-16     
 37.0 -0.9999999999999886 12.99999999999999   3.16227766e-44           X  1.00000000          7.00000000               X -4.22980681e-9      -13.5930000               X  2.55270130e-34     -15.0000000               X  2.27316293e-16     
 38.0 -0.9999999999999885 12.999999999999988  2.51188643e-44           X  1.00000000          7.00000000               X -4.22980681e-9      -13.5888000               X  2.57750787e-34     -15.0000000               X  2.27316293e-16     
 39.0 -0.9999999999999883 12.999999999999988  1.99526231e-44           X  1.00000000          7.00000000               X -4.22980681e-9      -13.5846000               X  2.60255550e-34     -15.0000000               X  2.27316293e-16     
 40.0 -0.9999999999999882 12.999999999999988  1.58489319e-44           X  1.00000000          7.00000000               X -4.22980681e-9      -13.5804000               X  2.62784654e-34     -15.0000000               X  2.27316293e-16     
 41.0 -0.9999999999999881 12.999999999999988  1.25892541e-44           X  1.00000000          7.00000000               X -4.22980681e-9      -13.5762000               X  2.65338335e-34     -15.0000000               X  2.27316293e-16     
 42.0 -0.999999999999988  12.999999999999988  1.00000000e-44           X  1.00000000          7.00000000               X -4.22980681e-9      -13.5720000               X  2.67916832e-34     -15.0000000               X  2.27316293e-16     
 43.0 -0.9999999999999879 12.999999999999988  7.94328235e-45           X  1.00000000          7.00000000               X -4.22980681e-9      -13.5678000               X  2.70520387e-34     -15.0000000               X  2.27316293e-16     
 44.0 -0.9999999999999878 12.999999999999988  6.30957344e-45           X  1.00000000          7.00000000               X -4.22980681e-9      -13.5636000               X  2.73149242e-34     -15.0000000               X  2.27316293e-16     
 45.0 -0.9999999999999877 12.999999999999988  5.01187234e-45           X  1.00000000          7.00000000               X -4.22980681e-9      -13.5594000               X  2.75803644e-34     -15.0000000               X  2.27316293e-16     
 46.0 -0.9999999999999876 12.999999999999988  3.98107171e-45           X  1.00000000          7.00000000               X -4.22980681e-9      -13.5552000               X  2.78483841e-34     -15.0000000               X  2.27316293e-16     
 47.0 -0.9999999999999875 12.999999999999988  3.16227766e-45           X  1.00000000          7.00000000               X -4.22980681e-9      -13.5510000               X  2.81190083e-34     -15.0000000               X  2.27316293e-16     
 48.0 -0.9999999999999873 12.999999999999988  2.51188643e-45           X  1.00000000          7.00000000               X -4.22980681e-9      -13.5468000               X  2.83922624e-34     -15.0000000               X  2.27316293e-16     
 49.0 -0.9999999999999872 12.999999999999988  1.99526231e-45           X  1.00000000          7.00000000               X -4.22980681e-9      -13.5426000               X  2.86681719e-34     -15.0000000               X  2.27316293e-16     
 50.0 -0.9999999999999871 12.999999999999988  1.58489319e-45           X  1.00000000          7.00000000               X -4.22980681e-9      -13.5384000               X  2.89467626e-34     -15.0000000               X  2.27316293e-16     
 51.0 -0.999999999999987  12.999999999999988  1.25892541e-45           X  1.00000000          7.00000000               X -4.22980681e-9      -13.5342000               X  2.92280607e-34     -15.0000000               X  2.27316293e-16     
 52.0 -0.9999999999999868 12.999999999999988  1.00000000e-45           X  1.00000000          7.00000000               X -4.22980681e-9      -13.5300000               X  2.95120923e-34     -15.0000000               X  2.27316293e-16     
 53.0 -0.9999999999999867 12.999999999999986  7.94328235e-46           X  1.00000000          7.00000000               X -4.22980681e-9      -13.5258000               X  2.97988840e-34     -15.0000000               X  2.27316293e-16     
 54.0 -0.9999999999999866 12.999999999999986  6.30957344e-46           X  1.00000000          7.00000000               X -4.22980681e-9      -13.5216000               X  3.00884628e-34     -15.0000000               X  2.27316293e-16     
 55.0 -0.9999999999999865 12.999999999999986  5.01187234e-46           X  1.00000000          7.00000000               X -4.22980681e-9      -13.5174000               X  3.03808556e-34     -15.0000000               X  2.27316293e-16     
 56.0 -0.9999999999999863 12.999999999999986  3.98107171e-46           X  1.00000000          7.00000000               X -4.22980681e-9      -13.5132000               X  3.06760898e-34     -15.0000000               X  2.27316293e-16     
 57.0 -0.9999999999999862 12.999999999999986  3.16227766e-46           X  1.00000000          7.00000000               X -4.22980681e-9      -13.5090000               X  3.09741930e-34     -15.0000000               X  2.27316293e-16     
 58.0 -0.9999999999999861 12.999999999999986  2.51188643e-46           X  1.00000000          7.00000000               X -4.22980681e-9      -13.5048000               X  3.12751931e-34     -15.0000000               X  2.27316293e-16     
 59.0 -0.9999999999999859 12.999999999999986  1.99526231e-46           X  1.00000000          7.00000000               X -4.22980681e-9      -13.5006000               X  3.15791183e-34     -15.0000000               X  2.27316293e-16     
 60.0 -0.9999999999999859 12.999999999999986  1.58489319e-46           X  1.00000000          7.00000000               X -4.22980681e-9      -13.4964000               X  3.18859969e-34     -15.0000000               X  2.27316293e-16     
 61.0 -0.9999999999999857 12.999999999999986  1.25892541e-46           X  1.00000000          7.00000000               X -4.22980681e-9      -13.4922000               X  3.21958578e-34     -15.0000000               X  2.27316293e-16     
 62.0 -0.9999999999999856 12.999999999999986  1.00000000e-46           X  1.00000000          7.00000000               X -4.22980681e-9      -13.4880000               X  3.25087297e-34     -15.0000000               X  2.27316293e-16     
 63.0 -0.9999999999999853 12.999999999999986  7.94328235e-47           X  1.00000000          7.00000000               X -4.22980681e-9      -13.4838000               X  3.28246421e-34     -15.0000000               X  2.27316293e-16     
 64.0 -0.9999999999999852 12.999999999999986  6.30957344e-47           X  1.00000000          7.00000000               X -4.22980681e-9      -13.4796000               X  3.31436245e-34     -15.0000000               X  2.27316293e-16     
 65.0 -0.9999999999999851 12.999999999999986  5.01187234e-47           X  1.00000000          7.00000000               X -4.22980681e-9      -13.4754000               X  3.34657067e-34     -15.0000000               X  2.27316293e-16     
 66.0 -0.999999999999985  12.999999999999986  3.98107171e-47           X  1.00000000          7.00000000               X -4.22980681e-9      -13.4712000               X  3.37909187e-34     -15.0000000               X  2.27316293e-16     
 67.0 -0.9999999999999849 12.999999999999984  3.16227766e-47           X  1.00000000          7.00000000               X -4.22980681e-9      -13.4670000               X  3.41192912e-34     -15.0000000               X  2.27316293e-16     
 68.0 -0.9999999999999847 12.999999999999984  2.51188643e-47           X  1.00000000          7.00000000               X -4.22980681e-9      -13.4628000               X  3.44508546e-34     -15.0000000               X  2.27316293e-16     
 69.0 -0.9999999999999846 12.999999999999984  1.99526231e-47           X  1.00000000          7.00000000               X -4.22980681e-9      -13.4586000               X  3.47856402e-34     -15.0000000               X  2.27316293e-16     
 70.0 -0.9999999999999845 12.999999999999984  1.58489319e-47           X  1.00000000          7.00000000               X -4.22980681e-9      -13.4544000               X  3.51236790e-34     -15.0000000               X  2.27316293e-16     
 71.0 -0.9999999999999843 12.999999999999984  1.25892541e-47           X  1.00000000          7.00000000               X -4.22980681e-9      -13.4502000               X  3.54650029e-34     -15.0000000               X  2.27316293e-16     
 72.0 -0.9999999999999842 12.999999999999984  1.00000000e-47           X  1.00000000          7.00000000               X -4.22980681e-9      -13.4460000               X  3.58096437e-34     -15.0000000               X  2.27316293e-16     
 73.0 -0.9999999999999839 12.999999999999984  7.94328235e-48           X  1.00000000          7.00000000               X -4.22980681e-9      -13.4418000               X  3.61576336e-34     -15.0000000               X  2.27316293e-16     
 74.0 -0.9999999999999838 12.999999999999984  6.30957344e-48           X  1.00000000          7.00000000               X -4.22980681e-9      -13.4376000               X  3.65090052e-34     -15.0000000               X  2.27316293e-16     
 75.0 -0.9999999999999837 12.999999999999984  5.01187234e-48           X  1.00000000          7.00000000               X -4.22980681e-9      -13.4334000               X  3.68637914e-34     -15.0000000               X  2.27316293e-16     
 76.0 -0.9999999999999836 12.999999999999984  3.98107171e-48           X  1.00000000          7.00000000               X -4.22980681e-9      -13.4292000               X  3.72220253e-34     -15.0000000               X  2.27316293e-16     
 77.0 -0.9999999999999833 12.999999999999984  3.16227766e-48           X  1.00000000          7.00000000               X -4.22980681e-9      -13.4250000               X  3.75837404e-34     -15.0000000               X  2.27316293e-16     
 78.0 -0.9999999999999832 12.999999999999982  2.51188643e-48           X  1.00000000          7.00000000               X -4.22980681e-9      -13.4208000               X  3.79489706e-34     -15.0000000               X  2.27316293e-16     
 79.0 -0.999999999999983  12.999999999999982  1.99526231e-48           X  1.00000000          7.00000000               X -4.22980681e-9      -13.4166000               X  3.83177500e-34     -15.0000000               X  2.27316293e-16     
 80.0 -0.9999999999999829 12.999999999999982  1.58489319e-48           X  1.00000000          7.00000000               X -4.22980681e-9      -13.4124000               X  3.86901132e-34     -15.0000000               X  2.27316293e-16     
 81.0 -0.9999999999999828 12.999999999999982  1.25892541e-48           X  1.00000000          7.00000000               X -4.22980681e-9      -13.4082000               X  3.90660948e-34     -15.0000000               X  2.27316293e-16     
 82.0 -0.9999999999999826 12.999999999999982  1.00000000e-48           X  1.00000000          7.00000000               X -4.22980681e-9      -13.4040000               X  3.94457302e-34     -15.0000000               X  2.27316293e-16     
 83.0 -0.9999999999999825 12.999999999999982  7.94328235e-49           X  1.00000000          7.00000000               X -4.22980681e-9      -13.3998000               X  3.98290548e-34     -15.0000000               X  2.27316293e-16     
 84.0 -0.9999999999999822 12.999999999999982  6.30957344e-49           X  1.00000000          7.00000000               X -4.22980681e-9      -13.3956000               X  4.02161044e-34     -15.0000000               X  2.27316293e-16     
 85.0 -0.9999999999999821 12.999999999999982  5.01187234e-49           X  1.00000000          7.00000000               X -4.22980681e-9      -13.3914000               X  4.06069153e-34     -15.0000000               X  2.27316293e-16     
 86.0 -0.9999999999999819 12.999999999999982  3.98107171e-49           X  1.00000000          7.00000000               X -4.22980681e-9      -13.3872000               X  4.10015241e-34     -15.0000000               X  2.27316293e-16     
 87.0 -0.9999999999999818 12.999999999999982  3.16227766e-49           X  1.00000000          7.00000000               X -4.22980681e-9      -13.3830000               X  4.13999675e-34     -15.0000000               X  2.27316293e-16     
 88.0 -0.9999999999999816 12.99999999999998   2.51188643e-49           X  1.00000000          7.00000000               X -4.22980681e-9      -13.3788000               X  4.18022829e-34     -15.0000000               X  2.27316293e-16     
 89.0 -0.9999999999999813 12.99999999999998   1.99526231e-49           X  1.00000000          7.00000000               X -4.22980681e-9      -13.3746000               X  4.22085079e-34     -15.0000000               X  2.27316293e-16     
 90.0 -0.9999999999999812 12.99999999999998   1.58489319e-49           X  1.00000000          7.00000000               X -4.22980681e-9      -13.3704000               X  4.26186805e-34     -15.0000000               X  2.27316293e-16     
 91.0 -0.999999999999981  12.99999999999998   1.25892541e-49           X  1.00000000          7.00000000               X -4.22980681e-9      -13.3662000               X  4.30328391e-34     -15.0000000               X  2.27316293e-16     
 92.0 -0.9999999999999808 12.99999999999998   1.00000000e-49           X  1.00000000          7.00000000               X -4.22980681e-9      -13.3620000               X  4.34510224e-34     -15.0000000               X  2.27316293e-16     
 93.0 -0.9999999999999807 12.99999999999998   7.94328235e-50           X  1.00000000          7.00000000               X -4.22980681e-9      -13.3578000               X  4.38732695e-34     -15.0000000               X  2.27316293e-16     
 94.0 -0.9999999999999805 12.99999999999998   6.30957344e-50           X  1.00000000          7.00000000               X -4.22980681e-9      -13.3536000               X  4.42996199e-34     -15.0000000               X  2.27316293e-16     
 95.0 -0.9999999999999803 12.99999999999998   5.01187234e-50           X  1.00000000          7.00000000               X -4.22980681e-9      -13.3494000               X  4.47301135e-34     -15.0000000               X  2.27316293e-16     
 96.0 -0.9999999999999801 12.99999999999998   3.98107171e-50           X  1.00000000          7.00000000               X -4.22980681e-9      -13.3452000               X  4.51647905e-34     -15.0000000               X  2.27316293e-16     
 97.0 -0.9999999999999799 12.99999999999998   3.16227766e-50           X  1.00000000          7.00000000               X -4.22980681e-9      -13.3410000               X  4.56036916e-34     -15.0000000               X  2.27316293e-16     
 98.0 -0.9999999999999797 12.999999999999979  2.51188643e-50           X  1.00000000          7.00000000               X -4.22980681e-9      -13.3368000               X  4.60468578e-34     -15.0000000               X  2.27316293e-16     
 99.0 -0.9999999999999796 12.999999999999979  1.99526231e-50           X  1.00000000          7.00000000               X -4.22980681e-9      -13.3326000               X  4.64943307e-34     -15.0000000               X  2.27316293e-16     
 100. -0.9999999999999793 12.999999999999979  1.58489319e-50           X  1.00000000          7.00000000               X -4.22980681e-9      -13.3284000               X  4.69461519e-34     -15.0000000               X  2.27316293e-16     
 101. -0.9999999999999791 12.999999999999979  1.25892541e-50           X  1.00000000          7.00000000               X -4.22980681e-9      -13.3242000               X  4.74023639e-34     -15.0000000               X  2.27316294e-16     
 102. -0.9999999999999789 12.999999999999979  1.00000000e-50           X  1.00000000          7.00000000               X -4.22980681e-9      -13.3200000               X  4.78630092e-34     -15.0000000               X  2.27316294e-16     
 103. -0.9999999999999788 12.999999999999979  7.94328235e-51           X  1.00000000          7.00000000               X -4.22980681e-9      -13.3158000               X  4.83281310e-34     -15.0000000               X  2.27316294e-16     
 104. -0.9999999999999786 12.999999999999979  6.30957344e-51           X  1.00000000          7.00000000               X -4.22980681e-9      -13.3116000               X  4.87977727e-34     -15.0000000               X  2.27316294e-16     
 105. -0.9999999999999784 12.999999999999979  5.01187234e-51           X  1.00000000          7.00000000               X -4.22980681e-9      -13.3074000               X  4.92719783e-34     -15.0000000               X  2.27316294e-16     
 106. -0.9999999999999781 12.999999999999979  3.98107171e-51           X  1.00000000          7.00000000               X -4.22980681e-9      -13.3032000               X  4.97507921e-34     -15.0000000               X  2.27316294e-16     
 107. -0.9999999999999779 12.999999999999977  3.16227766e-51           X  1.00000000          7.00000000               X -4.22980681e-9      -13.2990000               X  5.02342590e-34     -15.0000000               X  2.27316294e-16     
 108. -0.9999999999999777 12.999999999999977  2.51188643e-51           X  1.00000000          7.00000000               X -4.22980681e-9      -13.2948000               X  5.07224240e-34     -15.0000000               X  2.27316294e-16     
 109. -0.9999999999999775 12.999999999999977  1.99526231e-51           X  1.00000000          7.00000000               X -4.22980681e-9      -13.2906000               X  5.12153329e-34     -15.0000000               X  2.27316294e-16     
 110. -0.9999999999999774 12.999999999999977  1.58489319e-51           X  1.00000000          7.00000000               X -4.22980681e-9      -13.2864000               X  5.17130318e-34     -15.0000000               X  2.27316294e-16     
 111. -0.999999999999977  12.999999999999977  1.25892541e-51           X  1.00000000          7.00000000               X -4.22980681e-9      -13.2822000               X  5.22155672e-34     -15.0000000               X  2.27316294e-16     
 112. -0.9999999999999769 12.999999999999977  1.00000000e-51           X  1.00000000          7.00000000               X -4.22980681e-9      -13.2780000               X  5.27229861e-34     -15.0000000               X  2.27316294e-16     
 113. -0.9999999999999767 12.999999999999977  7.94328235e-52           X  1.00000000          7.00000000               X -4.22980681e-9      -13.2738000               X  5.32353361e-34     -15.0000000               X  2.27316294e-16     
 114. -0.9999999999999765 12.999999999999977  6.30957344e-52           X  1.00000000          7.00000000               X -4.22980681e-9      -13.2696000               X  5.37526649e-34     -15.0000000               X  2.27316294e-16     
 115. -0.9999999999999762 12.999999999999975  5.01187234e-52           X  1.00000000          7.00000000               X -4.22980681e-9      -13.2654000               X  5.42750210e-34     -15.0000000               X  2.27316294e-16     
 116. -0.999999999999976  12.999999999999975  3.98107171e-52           X  1.00000000          7.00000000               X -4.22980681e-9      -13.2612000               X  5.48024532e-34     -15.0000000               X  2.27316294e-16     
 117. -0.9999999999999758 12.999999999999975  3.16227766e-52           X  1.00000000          7.00000000               X -4.22980681e-9      -13.2570000               X  5.53350109e-34     -15.0000000               X  2.27316294e-16     
 118. -0.9999999999999755 12.999999999999975  2.51188643e-52           X  1.00000000          7.00000000               X -4.22980681e-9      -13.2528000               X  5.58727439e-34     -15.0000000               X  2.27316294e-16     
 119. -0.9999999999999752 12.999999999999975  1.99526231e-52           X  1.00000000          7.00000000               X -4.22980681e-9      -13.2486000               X  5.64157024e-34     -15.0000000               X  2.27316294e-16     
 120. -0.999999999999975  12.999999999999975  1.58489319e-52           X  1.00000000          7.00000000               X -4.22980681e-9      -13.2444000               X  5.69639373e-34     -15.0000000               X  2.27316294e-16     
 121. -0.9999999999999748 12.999999999999975  1.25892541e-52           X  1.00000000          7.00000000               X -4.22980681e-9      -13.2402000               X  5.75174998e-34     -15.0000000               X  2.27316294e-16     
 122. -0.9999999999999746 12.999999999999975  1.00000000e-52           X  1.00000000          7.00000000               X -4.22980681e-9      -13.2360000               X  5.80764418e-34     -15.0000000               X  2.27316294e-16     
 123. -0.9999999999999744 12.999999999999973  7.94328235e-53           X  1.00000000          7.00000000               X -4.22980681e-9      -13.2318000               X  5.86408153e-34     -15.0000000               X  2.27316294e-16     
 124. -0.999999999999974  12.999999999999973  6.30957344e-53           X  1.00000000          7.00000000               X -4.22980681e-9      -13.2276000               X  5.92106734e-34     -15.0000000               X  2.27316294e-16     
 125. -0.9999999999999738 12.999999999999973  5.01187234e-53           X  1.00000000          7.00000000               X -4.22980681e-9      -13.2234000               X  5.97860691e-34     -15.0000000               X  2.27316294e-16     
 126. -0.9999999999999736 12.999999999999973  3.98107171e-53           X  1.00000000          7.00000000               X -4.22980681e-9      -13.2192000               X  6.03670565e-34     -15.0000000               X  2.27316294e-16     
 127. -0.9999999999999734 12.999999999999973  3.16227766e-53           X  1.00000000          7.00000000               X -4.22980681e-9      -13.2150000               X  6.09536897e-34     -15.0000000               X  2.27316294e-16     
 128. -0.9999999999999731 12.999999999999973  2.51188643e-53           X  1.00000000          7.00000000               X -4.22980681e-9      -13.2108000               X  6.15460237e-34     -15.0000000               X  2.27316294e-16     
 129. -0.9999999999999728 12.999999999999973  1.99526231e-53           X  1.00000000          7.00000000               X -4.22980681e-9      -13.2066000               X  6.21441139e-34     -15.0000000               X  2.27316294e-16     
 130. -0.9999999999999726 12.999999999999972  1.58489319e-53           X  1.00000000          7.00000000               X -4.22980681e-9      -13.2024000               X  6.27480162e-34     -15.0000000               X  2.27316294e-16     
 131. -0.9999999999999724 12.999999999999972  1.25892541e-53           X  1.00000000          7.00000000               X -4.22980681e-9      -13.1982000               X  6.33577871e-34     -15.0000000               X  2.27316294e-16     
 132. -0.999999999999972  12.999999999999972  1.00000000e-53           X  1.00000000          7.00000000               X -4.22980681e-9      -13.1940000               X  6.39734835e-34     -15.0000000               X  2.27316294e-16     
 133. -0.9999999999999718 12.999999999999972  7.94328235e-54           X  1.00000000          7.00000000               X -4.22980681e-9      -13.1898000               X  6.45951632e-34     -15.0000000               X  2.27316294e-16     
 134. -0.9999999999999715 12.999999999999972  6.30957344e-54           X  1.00000000          7.00000000               X -4.22980681e-9      -13.1856000               X  6.52228842e-34     -15.0000000               X  2.27316294e-16     
 135. -0.9999999999999712 12.999999999999972  5.01187234e-54           X  1.00000000          7.00000000               X -4.22980681e-9      -13.1814000               X  6.58567053e-34     -15.0000000               X  2.27316294e-16     
 136. -0.9999999999999709 12.99999999999997   3.98107171e-54           X  1.00000000          7.00000000               X -4.22980681e-9      -13.1772000               X  6.64966857e-34     -15.0000000               X  2.27316294e-16     
 137. -0.9999999999999707 12.99999999999997   3.16227766e-54           X  1.00000000          7.00000000               X -4.22980681e-9      -13.1730000               X  6.71428853e-34     -15.0000000               X  2.27316294e-16     
 138. -0.9999999999999704 12.99999999999997   2.51188643e-54           X  1.00000000          7.00000000               X -4.22980681e-9      -13.1688000               X  6.77953645e-34     -15.0000000               X  2.27316294e-16     
 139. -0.9999999999999701 12.99999999999997   1.99526231e-54           X  1.00000000          7.00000000               X -4.22980681e-9      -13.1646000               X  6.84541843e-34     -15.0000000               X  2.27316294e-16     
 140. -0.9999999999999698 12.99999999999997   1.58489319e-54           X  1.00000000          7.00000000               X -4.22980681e-9      -13.1604000               X  6.91194064e-34     -15.0000000               X  2.27316294e-16     
 141. -0.9999999999999695 12.99999999999997   1.25892541e-54           X  1.00000000          7.00000000               X -4.22980681e-9      -13.1562000               X  6.97910930e-34     -15.0000000               X  2.27316294e-16     
 142. -0.9999999999999692 12.99999999999997   1.00000000e-54           X  1.00000000          7.00000000               X -4.22980681e-9      -13.1520000               X  7.04693069e-34     -15.0000000               X  2.27316294e-16     
 143. -0.9999999999999689 12.999999999999968  7.94328235e-55           X  1.00000000          7.00000000               X -4.22980681e-9      -13.1478000               X  7.11541115e-34     -15.0000000               X  2.27316294e-16     
 144. -0.9999999999999686 12.999999999999968  6.30957344e-55           X  1.00000000          7.00000000               X -4.22980681e-9      -13.1436000               X  7.18455709e-34     -15.0000000               X  2.27316294e-16     
 145. -0.9999999999999684 12.999999999999968  5.01187234e-55           X  1.00000000          7.00000000               X -4.22980681e-9      -13.1394000               X  7.25437497e-34     -15.0000000               X  2.27316294e-16     
 146. -0.999999999999968  12.999999999999968  3.98107171e-55           X  1.00000000          7.00000000               X -4.22980681e-9      -13.1352000               X  7.32487133e-34     -15.0000000               X  2.27316294e-16     
 147. -0.9999999999999677 12.999999999999968  3.16227766e-55           X  1.00000000          7.00000000               X -4.22980681e-9      -13.1310000               X  7.39605275e-34     -15.0000000               X  2.27316294e-16     
 148. -0.9999999999999675 12.999999999999966  2.51188643e-55           X  1.00000000          7.00000000               X -4.22980681e-9      -13.1268000               X  7.46792590e-34     -15.0000000               X  2.27316294e-16     
 149. -0.999999999999967  12.999999999999966  1.99526231e-55           X  1.00000000          7.00000000               X -4.22980681e-9      -13.1226000               X  7.54049749e-34     -15.0000000               X  2.27316294e-16     
 150. -0.9999999999999668 12.999999999999966  1.58489319e-55           X  1.00000000          7.00000000               X -4.22980681e-9      -13.1184000               X  7.61377432e-34     -15.0000000               X  2.27316294e-16     
 151. -0.9999999999999665 12.999999999999966  1.25892541e-55           X  1.00000000          7.00000000               X -4.22980681e-9      -13.1142000               X  7.68776324e-34     -15.0000000               X  2.27316294e-16     
 152. -0.9999999999999661 12.999999999999966  1.00000000e-55           X  1.00000000          7.00000000               X -4.22980681e-9      -13.1100000               X  7.76247117e-34     -15.0000000               X  2.27316294e-16     
 153. -0.9999999999999659 12.999999999999966  7.94328235e-56           X  1.00000000          7.00000000               X -4.22980681e-9      -13.1058000               X  7.83790509e-34     -15.0000000               X  2.27316294e-16     
 154. -0.9999999999999655 12.999999999999964  6.30957344e-56           X  1.00000000          7.00000000               X -4.22980681e-9      -13.1016000               X  7.91407205e-34     -15.0000000               X  2.27316294e-16     
 155. -0.9999999999999651 12.999999999999964  5.01187234e-56           X  1.00000000          7.00000000               X -4.22980681e-9      -13.0974000               X  7.99097920e-34     -15.0000000               X  2.27316294e-16     
 156. -0.9999999999999648 12.999999999999964  3.98107171e-56           X  1.00000000          7.00000000               X -4.22980681e-9      -13.0932000               X  8.06863370e-34     -15.0000000               X  2.27316294e-16     
 157. -0.9999999999999645 12.999999999999964  3.16227766e-56           X  1.00000000          7.00000000               X -4.22980681e-9      -13.0890000               X  8.14704284e-34     -15.0000000               X  2.27316294e-16     
 158. -0.9999999999999641 12.999999999999964  2.51188643e-56           X  1.00000000          7.00000000               X -4.22980681e-9      -13.0848000               X  8.22621394e-34     -15.0000000               X  2.27316294e-16     
 159. -0.9999999999999638 12.999999999999963  1.99526231e-56           X  1.00000000          7.00000000               X -4.22980681e-9      -13.0806000               X  8.30615440e-34     -15.0000000               X  2.27316294e-16     
 160. -0.9999999999999635 12.999999999999963  1.58489319e-56           X  1.00000000          7.00000000               X -4.22980681e-9      -13.0764000               X  8.38687171e-34     -15.0000000               X  2.27316294e-16     
 161. -0.9999999999999631 12.999999999999963  1.25892541e-56           X  1.00000000          7.00000000               X -4.22980681e-9      -13.0722000               X  8.46837341e-34     -15.0000000               X  2.27316294e-16     
 162. -0.9999999999999627 12.999999999999963  1.00000000e-56           X  1.00000000          7.00000000               X -4.22980681e-9      -13.0680000               X  8.55066713e-34     -15.0000000               X  2.27316294e-16     
 163. -0.9999999999999625 12.999999999999963  7.94328235e-57           X  1.00000000          7.00000000               X -4.22980681e-9      -13.0638000               X  8.63376056e-34     -15.0000000               X  2.27316294e-16     
 164. -0.999999999999962  12.999999999999961  6.30957344e-57           X  1.00000000          7.00000000               X -4.22980681e-9      -13.0596000               X  8.71766147e-34     -15.0000000               X  2.27316294e-16     
 165. -0.9999999999999617 12.999999999999961  5.01187234e-57           X  1.00000000          7.00000000               X -4.22980681e-9      -13.0554000               X  8.80237771e-34     -15.0000000               X  2.27316294e-16     
 166. -0.9999999999999613 12.999999999999961  3.98107171e-57           X  1.00000000          7.00000000               X -4.22980681e-9      -13.0512000               X  8.88791720e-34     -15.0000000               X  2.27316294e-16     
 167. -0.9999999999999609 12.999999999999961  3.16227766e-57           X  1.00000000          7.00000000               X -4.22980681e-9      -13.0470000               X  8.97428795e-34     -15.0000000               X  2.27316294e-16     
 168. -0.9999999999999606 12.999999999999961  2.51188643e-57           X  1.00000000          7.00000000               X -4.22980681e-9      -13.0428000               X  9.06149802e-34     -15.0000000               X  2.27316294e-16     
 169. -0.9999999999999601 12.99999999999996   1.99526231e-57           X  1.00000000          7.00000000               X -4.22980681e-9      -13.0386000               X  9.14955559e-34     -15.0000000               X  2.27316294e-16     
 170. -0.9999999999999598 12.99999999999996   1.58489319e-57           X  1.00000000          7.00000000               X -4.22980681e-9      -13.0344000               X  9.23846888e-34     -15.0000000               X  2.27316294e-16     
 171. -0.9999999999999594 12.99999999999996   1.25892541e-57           X  1.00000000          7.00000000               X -4.22980681e-9      -13.0302000               X  9.32824620e-34     -15.0000000               X  2.27316294e-16     
 172. -0.999999999999959  12.99999999999996   1.00000000e-57           X  1.00000000          7.00000000               X -4.22980681e-9      -13.0260000               X  9.41889597e-34     -15.0000000               X  2.27316294e-16     
 173. -0.9999999999999586 12.99999999999996   7.94328235e-58           X  1.00000000          7.00000000               X -4.22980681e-9      -13.0218000               X  9.51042664e-34     -15.0000000               X  2.27316294e-16     
 174. -0.9999999999999583 12.999999999999957  6.30957344e-58           X  1.00000000          7.00000000               X -4.22980681e-9      -13.0176000               X  9.60284679e-34     -15.0000000               X  2.27316294e-16     
 175. -0.9999999999999578 12.999999999999957  5.01187234e-58           X  1.00000000          7.00000000               X -4.22980681e-9      -13.0134000               X  9.69616506e-34     -15.0000000               X  2.27316294e-16     
 176. -0.9999999999999575 12.999999999999957  3.98107171e-58           X  1.00000000          7.00000000               X -4.22980681e-9      -13.0092000               X  9.79039017e-34     -15.0000000               X  2.27316294e-16     
 177. -0.999999999999957  12.999999999999957  3.16227766e-58           X  1.00000000          7.00000000               X -4.22980681e-9      -13.0050000               X  9.88553095e-34     -15.0000000               X  2.27316294e-16     
 178. -0.9999999999999566 12.999999999999956  2.51188643e-58           X  1.00000000          7.00000000               X -4.22980681e-9      -13.0008000               X  9.98159627e-34     -15.0000000               X  2.27316294e-16     
 179. -0.9999999999999563 12.999999999999956  1.99526231e-58           X  1.00000000          7.00000000               X -4.22980681e-9      -12.9966000               X  1.00785951e-33     -15.0000000               X  2.27316294e-16     
 180. -0.9999999999999557 12.999999999999956  1.58489319e-58           X  1.00000000          7.00000000               X -4.22980681e-9      -12.9924000               X  1.01765366e-33     -15.0000000               X  2.27316294e-16     
 181. -0.9999999999999554 12.999999999999956  1.25892541e-58           X  1.00000000          7.00000000               X -4.22980681e-9      -12.9882000               X  1.02754299e-33     -15.0000000               X  2.27316294e-16     
 182. -0.9999999999999549 12.999999999999954  1.00000000e-58           X  1.00000000          7.00000000               X -4.22980681e-9      -12.9840000               X  1.03752842e-33     -15.0000000               X  2.27316294e-16     
 183. -0.9999999999999545 12.999999999999954  7.94328235e-59           X  1.00000000          7.00000000               X -4.22980681e-9      -12.9798000               X  1.04761088e-33     -15.0000000               X  2.27316294e-16     
 184. -0.999999999999954  12.999999999999954  6.30957344e-59           X  1.00000000          7.00000000               X -4.22980681e-9      -12.9756000               X  1.05779132e-33     -15.0000000               X  2.27316294e-16     
 185. -0.9999999999999536 12.999999999999954  5.01187234e-59           X  1.00000000          7.00000000               X -4.22980681e-9      -12.9714000               X  1.06807070e-33     -15.0000000               X  2.27316294e-16     
 186. -0.9999999999999531 12.999999999999952  3.98107171e-59           X  1.00000000          7.00000000               X -4.22980681e-9      -12.9672000               X  1.07844996e-33     -15.0000000               X  2.27316294e-16     
 187. -0.9999999999999527 12.999999999999952  3.16227766e-59           X  1.00000000          7.00000000               X -4.22980681e-9      -12.9630000               X  1.08893009e-33     -15.0000000               X  2.27316294e-16     
 188. -0.9999999999999523 12.999999999999952  2.51188643e-59           X  1.00000000          7.00000000               X -4.22980681e-9      -12.9588000               X  1.09951207e-33     -15.0000000               X  2.27316294e-16     
 189. -0.9999999999999518 12.999999999999952  1.99526231e-59           X  1.00000000          7.00000000               X -4.22980681e-9      -12.9546000               X  1.11019687e-33     -15.0000000               X  2.27316294e-16     
 190. -0.9999999999999514 12.99999999999995   1.58489319e-59           X  1.00000000          7.00000000               X -4.22980681e-9      -12.9504000               X  1.12098551e-33     -15.0000000               X  2.27316294e-16     
 191. -0.9999999999999508 12.99999999999995   1.25892541e-59           X  1.00000000          7.00000000               X -4.22980681e-9      -12.9462000               X  1.13187899e-33     -15.0000000               X  2.27316294e-16     
 192. -0.9999999999999504 12.99999999999995   1.00000000e-59           X  1.00000000          7.00000000               X -4.22980681e-9      -12.9420000               X  1.14287833e-33     -15.0000000               X  2.27316294e-16     
 193. -0.9999999999999499 12.99999999999995   7.94328235e-60           X  1.00000000          7.00000000               X -4.22980681e-9      -12.9378000               X  1.15398457e-33     -15.0000000               X  2.27316294e-16     
 194. -0.9999999999999495 12.999999999999948  6.30957344e-60           X  1.00000000          7.00000000               X -4.22980681e-9      -12.9336000               X  1.16519872e-33     -15.0000000               X  2.27316294e-16     
 195. -0.9999999999999489 12.999999999999948  5.01187234e-60           X  1.00000000          7.00000000               X -4.22980681e-9      -12.9294000               X  1.17652186e-33     -15.0000000               X  2.27316294e-16     
 196. -0.9999999999999485 12.999999999999948  3.98107171e-60           X  1.00000000          7.00000000               X -4.22980681e-9      -12.9252000               X  1.18795503e-33     -15.0000000               X  2.27316294e-16     
 197. -0.9999999999999479 12.999999999999947  3.16227766e-60           X  1.00000000          7.00000000               X -4.22980681e-9      -12.9210000               X  1.19949930e-33     -15.0000000               X  2.27316294e-16     
 198. -0.9999999999999475 12.999999999999947  2.51188643e-60           X  1.00000000          7.00000000               X -4.22980681e-9      -12.9168000               X  1.21115576e-33     -15.0000000               X  2.27316294e-16     
 199. -0.9999999999999469 12.999999999999947  1.99526231e-60           X  1.00000000          7.00000000               X -4.22980681e-9      -12.9126000               X  1.22292550e-33     -15.0000000               X  2.27316294e-16     
 200. -0.9999999999999464 12.999999999999947  1.58489319e-60           X  1.00000000          7.00000000               X -4.22980681e-9      -12.9084000               X  1.23480961e-33     -15.0000000               X  2.27316294e-16     
 201. -0.9999999999999459 12.999999999999945  1.25892541e-60           X  1.00000000          7.00000000               X -4.22980681e-9      -12.9042000               X  1.24680921e-33     -15.0000000               X  2.27316294e-16     
 202. -0.9999999999999454 12.999999999999945  1.00000000e-60           X  1.00000000          7.00000000               X -4.22980681e-9      -12.9000000               X  1.25892541e-33     -15.0000000               X  2.27316294e-16     
 203. -0.9999999999999449 12.999999999999945  7.94328235e-61           X  1.00000000          7.00000000               X -4.22980681e-9      -12.8958000               X  1.27115936e-33     -15.0000000               X  2.27316294e-16     
 204. -0.9999999999999444 12.999999999999943  6.30957344e-61           X  1.00000000          7.00000000               X -4.22980681e-9      -12.8916000               X  1.28351220e-33     -15.0000000               X  2.27316294e-16     
 205. -0.9999999999999438 12.999999999999943  5.01187234e-61           X  1.00000000          7.00000000               X -4.22980681e-9      -12.8874000               X  1.29598507e-33     -15.0000000               X  2.27316294e-16     
 206. -0.9999999999999433 12.999999999999943  3.98107171e-61           X  1.00000000          7.00000000               X -4.22980681e-9      -12.8832000               X  1.30857916e-33     -15.0000000               X  2.27316294e-16     
 207. -0.9999999999999427 12.999999999999941  3.16227766e-61           X  1.00000000          7.00000000               X -4.22980681e-9      -12.8790000               X  1.32129563e-33     -15.0000000               X  2.27316294e-16     
 208. -0.9999999999999422 12.999999999999941  2.51188643e-61           X  1.00000000          7.00000000               X -4.22980681e-9      -12.8748000               X  1.33413568e-33     -15.0000000               X  2.27316294e-16     
 209. -0.9999999999999416 12.999999999999941  1.99526231e-61           X  1.00000000          7.00000000               X -4.22980681e-9      -12.8706000               X  1.34710051e-33     -15.0000000               X  2.27316294e-16     
 210. -0.999999999999941  12.99999999999994   1.58489319e-61           X  1.00000000          7.00000000               X -4.22980681e-9      -12.8664000               X  1.36019132e-33     -15.0000000               X  2.27316294e-16     
 211. -0.9999999999999405 12.99999999999994   1.25892541e-61           X  1.00000000          7.00000000               X -4.22980681e-9      -12.8622000               X  1.37340935e-33     -15.0000000               X  2.27316294e-16     
 212. -0.9999999999999399 12.99999999999994   1.00000000e-61           X  1.00000000          7.00000000               X -4.22980681e-9      -12.8580000               X  1.38675583e-33     -15.0000000               X  2.27316294e-16     
 213. -0.9999999999999394 12.99999999999994   7.94328235e-62           X  1.00000000          7.00000000               X -4.22980681e-9      -12.8538000               X  1.40023200e-33     -15.0000000               X  2.27316294e-16     
 214. -0.9999999999999387 12.999999999999938  6.30957344e-62           X  1.00000000          7.00000000               X -4.22980681e-9      -12.8496000               X  1.41383914e-33     -15.0000000               X  2.27316294e-16     
 215. -0.9999999999999382 12.999999999999938  5.01187234e-62           X  1.00000000          7.00000000               X -4.22980681e-9      -12.8454000               X  1.42757850e-33     -15.0000000               X  2.27316294e-16     
 216. -0.9999999999999375 12.999999999999938  3.98107171e-62           X  1.00000000          7.00000000               X -4.22980681e-9      -12.8412000               X  1.44145139e-33     -15.0000000               X  2.27316294e-16     
 217. -0.9999999999999369 12.999999999999936  3.16227766e-62           X  1.00000000          7.00000000               X -4.22980681e-9      -12.8370000               X  1.45545908e-33     -15.0000000               X  2.27316294e-16     
 218. -0.9999999999999364 12.999999999999936  2.51188643e-62           X  1.00000000          7.00000000               X -4.22980681e-9      -12.8328000               X  1.46960290e-33     -15.0000000               X  2.27316294e-16     
 219. -0.9999999999999357 12.999999999999934  1.99526231e-62           X  1.00000000          7.00000000               X -4.22980681e-9      -12.8286000               X  1.48388416e-33     -15.0000000               X  2.27316294e-16     
 220. -0.999999999999935  12.999999999999934  1.58489319e-62           X  1.00000000          7.00000000               X -4.22980681e-9      -12.8244000               X  1.49830421e-33     -15.0000000               X  2.27316294e-16     
 221. -0.9999999999999345 12.999999999999934  1.25892541e-62           X  1.00000000          7.00000000               X -4.22980681e-9      -12.8202000               X  1.51286439e-33     -15.0000000               X  2.27316294e-16     
 222. -0.9999999999999338 12.999999999999932  1.00000000e-62           X  1.00000000          7.00000000               X -4.22980681e-9      -12.8160000               X  1.52756606e-33     -15.0000000               X  2.27316294e-16     
 223. -0.9999999999999332 12.999999999999932  7.94328235e-63           X  1.00000000          7.00000000               X -4.22980681e-9      -12.8118000               X  1.54241060e-33     -15.0000000               X  2.27316294e-16     
 224. -0.9999999999999326 12.999999999999932  6.30957344e-63           X  1.00000000          7.00000000               X -4.22980681e-9      -12.8076000               X  1.55739939e-33     -15.0000000               X  2.27316294e-16     
 225. -0.9999999999999318 12.99999999999993   5.01187234e-63           X  1.00000000          7.00000000               X -4.22980681e-9      -12.8034000               X  1.57253384e-33     -15.0000000               X  2.27316294e-16     
 226. -0.9999999999999313 12.99999999999993   3.98107171e-63           X  1.00000000          7.00000000               X -4.22980681e-9      -12.7992000               X  1.58781536e-33     -15.0000000               X  2.27316294e-16     
 227. -0.9999999999999306 12.99999999999993   3.16227766e-63           X  1.00000000          7.00000000               X -4.22980681e-9      -12.7950000               X  1.60324539e-33     -15.0000000               X  2.27316294e-16     
 228. -0.99999999999993   12.999999999999929  2.51188643e-63           X  1.00000000          7.00000000               X -4.22980681e-9      -12.7908000               X  1.61882536e-33     -15.0000000               X  2.27316294e-16     
 229. -0.9999999999999292 12.999999999999929  1.99526231e-63           X  1.00000000          7.00000000               X -4.22980681e-9      -12.7866000               X  1.63455674e-33     -15.0000000               X  2.27316294e-16     
 230. -0.9999999999999285 12.999999999999927  1.58489319e-63           X  1.00000000          7.00000000               X -4.22980681e-9      -12.7824000               X  1.65044099e-33     -15.0000000               X  2.27316294e-16     
 231. -0.9999999999999278 12.999999999999927  1.25892541e-63           X  1.00000000          7.00000000               X -4.22980681e-9      -12.7782000               X  1.66647959e-33     -15.0000000               X  2.27316294e-16     
 232. -0.9999999999999272 12.999999999999927  1.00000000e-63           X  1.00000000          7.00000000               X -4.22980681e-9      -12.7740000               X  1.68267406e-33     -15.0000000               X  2.27316294e-16     
 233. -0.9999999999999264 12.999999999999925  7.94328235e-64           X  1.00000000          7.00000000               X -4.22980681e-9      -12.7698000               X  1.69902590e-33     -15.0000000               X  2.27316294e-16     
 234. -0.9999999999999258 12.999999999999925  6.30957344e-64           X  1.00000000          7.00000000               X -4.22980681e-9      -12.7656000               X  1.71553665e-33     -15.0000000               X  2.27316294e-16     
 235. -0.9999999999999251 12.999999999999924  5.01187234e-64           X  1.00000000          7.00000000               X -4.22980681e-9      -12.7614000               X  1.73220784e-33     -15.0000000               X  2.27316294e-16     
 236. -0.9999999999999243 12.999999999999924  3.98107171e-64           X  1.00000000          7.00000000               X -4.22980681e-9      -12.7572000               X  1.74904104e-33     -15.0000000               X  2.27316294e-16     
 237. -0.9999999999999236 12.999999999999924  3.16227766e-64           X  1.00000000          7.00000000               X -4.22980681e-9      -12.7530000               X  1.76603782e-33     -15.0000000               X  2.27316294e-16     
 238. -0.9999999999999228 12.999999999999922  2.51188643e-64           X  1.00000000          7.00000000               X -4.22980681e-9      -12.7488000               X  1.78319977e-33     -15.0000000               X  2.27316294e-16     
 239. -0.9999999999999221 12.999999999999922  1.99526231e-64           X  1.00000000          7.00000000               X -4.22980681e-9      -12.7446000               X  1.80052850e-33     -15.0000000               X  2.27316294e-16     
 240. -0.9999999999999213 12.99999999999992   1.58489319e-64           X  1.00000000          7.00000000               X -4.22980681e-9      -12.7404000               X  1.81802562e-33     -15.0000000               X  2.27316294e-16     
 241. -0.9999999999999205 12.99999999999992   1.25892541e-64           X  1.00000000          7.00000000               X -4.22980681e-9      -12.7362000               X  1.83569278e-33     -15.0000000               X  2.27316294e-16     
 242. -0.9999999999999198 12.999999999999918  1.00000000e-64           X  1.00000000          7.00000000               X -4.22980681e-9      -12.7320000               X  1.85353162e-33     -15.0000000               X  2.27316294e-16     
 243. -0.9999999999999191 12.999999999999918  7.94328235e-65           X  1.00000000          7.00000000               X -4.22980681e-9      -12.7278000               X  1.87154382e-33     -15.0000000               X  2.27316294e-16     
 244. -0.9999999999999183 12.999999999999918  6.30957344e-65           X  1.00000000          7.00000000               X -4.22980681e-9      -12.7236000               X  1.88973105e-33     -15.0000000               X  2.27316294e-16     
 245. -0.9999999999999175 12.999999999999917  5.01187234e-65           X  1.00000000          7.00000000               X -4.22980681e-9      -12.7194000               X  1.90809503e-33     -15.0000000               X  2.27316294e-16     
 246. -0.9999999999999167 12.999999999999917  3.98107171e-65           X  1.00000000          7.00000000               X -4.22980681e-9      -12.7152000               X  1.92663746e-33     -15.0000000               X  2.27316294e-16     
 247. -0.9999999999999158 12.999999999999915  3.16227766e-65           X  1.00000000          7.00000000               X -4.22980681e-9      -12.7110000               X  1.94536008e-33     -15.0000000               X  2.27316294e-16     
 248. -0.9999999999999151 12.999999999999915  2.51188643e-65           X  1.00000000          7.00000000               X -4.22980681e-9      -12.7068000               X  1.96426465e-33     -15.0000000               X  2.27316294e-16     
 249. -0.9999999999999143 12.999999999999913  1.99526231e-65           X  1.00000000          7.00000000               X -4.22980681e-9      -12.7026000               X  1.98335292e-33     -15.0000000               X  2.27316294e-16     
 250. -0.9999999999999134 12.999999999999913  1.58489319e-65           X  1.00000000          7.00000000               X -4.22980681e-9      -12.6984000               X  2.00262669e-33     -15.0000000               X  2.27316294e-16     
 251. -0.9999999999999126 12.999999999999911  1.25892541e-65           X  1.00000000          7.00000000               X -4.22980681e-9      -12.6942000               X  2.02208776e-33     -15.0000000               X  2.27316294e-16     
 252. -0.9999999999999117 12.999999999999911  1.00000000e-65           X  1.00000000          7.00000000               X -4.22980681e-9      -12.6900000               X  2.04173794e-33     -15.0000000               X  2.27316294e-16     
 253. -0.9999999999999108 12.99999999999991   7.94328235e-66           X  1.00000000          7.00000000               X -4.22980681e-9      -12.6858000               X  2.06157909e-33     -15.0000000               X  2.27316294e-16     
 254. -0.99999999999991   12.99999999999991   6.30957344e-66           X  1.00000000          7.00000000               X -4.22980681e-9      -12.6816000               X  2.08161304e-33     -15.0000000               X  2.27316294e-16     
 255. -0.9999999999999092 12.999999999999908  5.01187234e-66           X  1.00000000          7.00000000               X -4.22980681e-9      -12.6774000               X  2.10184168e-33     -15.0000000               X  2.27316294e-16     
 256. -0.9999999999999083 12.999999999999908  3.98107171e-66           X  1.00000000          7.00000000               X -4.22980681e-9      -12.6732000               X  2.12226690e-33     -15.0000000               X  2.27316294e-16     
 257. -0.9999999999999073 12.999999999999906  3.16227766e-66           X  1.00000000          7.00000000               X -4.22980681e-9      -12.6690000               X  2.14289060e-33     -15.0000000               X  2.27316294e-16     
 258. -0.9999999999999065 12.999999999999906  2.51188643e-66           X  1.00000000          7.00000000               X -4.22980681e-9      -12.6648000               X  2.16371472e-33     -15.0000000               X  2.27316294e-16     
 259. -0.9999999999999056 12.999999999999904  1.99526231e-66           X  1.00000000          7.00000000               X -4.22980681e-9      -12.6606000               X  2.18474121e-33     -15.0000000               X  2.27316294e-16     
 260. -0.9999999999999046 12.999999999999904  1.58489319e-66           X  1.00000000          7.00000000               X -4.22980681e-9      -12.6564000               X  2.20597202e-33     -15.0000000               X  2.27316294e-16     
 261. -0.9999999999999037 12.999999999999902  1.25892541e-66           X  1.00000000          7.00000000               X -4.22980681e-9      -12.6522000               X  2.22740915e-33     -15.0000000               X  2.27316294e-16     
 262. -0.9999999999999029 12.999999999999902  1.00000000e-66           X  1.00000000          7.00000000               X -4.22980681e-9      -12.6480000               X  2.24905461e-33     -15.0000000               X  2.27316294e-16     
 263. -0.9999999999999019 12.9999999999999    7.94328235e-67           X  1.00000000          7.00000000               X -4.22980681e-9      -12.6438000               X  2.27091040e-33     -15.0000000               X  2.27316294e-16     
 264. -0.999999999999901  12.9999999999999    6.30957344e-67           X  1.00000000          7.00000000               X -4.22980681e-9      -12.6396000               X  2.29297859e-33     -15.0000000               X  2.27316294e-16     
 265. -0.9999999999999    12.999999999999899  5.01187234e-67           X  1.00000000          7.00000000               X -4.22980681e-9      -12.6354000               X  2.31526123e-33     -15.0000000               X  2.27316294e-16     
 266. -0.999999999999899  12.999999999999899  3.98107171e-67           X  1.00000000          7.00000000               X -4.22980681e-9      -12.6312000               X  2.33776041e-33     -15.0000000               X  2.27316294e-16     
 267. -0.999999999999898  12.999999999999897  3.16227766e-67           X  1.00000000          7.00000000               X -4.22980681e-9      -12.6270000               X  2.36047823e-33     -15.0000000               X  2.27316294e-16     
 268. -0.9999999999998971 12.999999999999895  2.51188643e-67           X  1.00000000          7.00000000               X -4.22980681e-9      -12.6228000               X  2.38341682e-33     -15.0000000               X  2.27316294e-16     
 269. -0.999999999999896  12.999999999999895  1.99526231e-67           X  1.00000000          7.00000000               X -4.22980681e-9      -12.6186000               X  2.40657832e-33     -15.0000000               X  2.27316294e-16     
 270. -0.999999999999895  12.999999999999893  1.58489319e-67           X  1.00000000          7.00000000               X -4.22980681e-9      -12.6144000               X  2.42996490e-33     -15.0000000               X  2.27316294e-16     
 271. -0.999999999999894  12.999999999999893  1.25892541e-67           X  1.00000000          7.00000000               X -4.22980681e-9      -12.6102000               X  2.45357874e-33     -15.0000000               X  2.27316294e-16     
 272. -0.999999999999893  12.999999999999892  1.00000000e-67           X  1.00000000          7.00000000               X -4.22980681e-9      -12.6060000               X  2.47742206e-33     -15.0000000               X  2.27316294e-16     
 273. -0.999999999999892  12.999999999999892  7.94328235e-68           X  1.00000000          7.00000000               X -4.22980681e-9      -12.6018000               X  2.50149708e-33     -15.0000000               X  2.27316294e-16     
 274. -0.9999999999998909 12.99999999999989   6.30957344e-68           X  1.00000000          7.00000000               X -4.22980681e-9      -12.5976000               X  2.52580605e-33     -15.0000000               X  2.27316294e-16     
 275. -0.9999999999998899 12.999999999999888  5.01187234e-68           X  1.00000000          7.00000000               X -4.22980681e-9      -12.5934000               X  2.55035126e-33     -15.0000000               X  2.27316294e-16     
 276. -0.9999999999998888 12.999999999999888  3.98107171e-68           X  1.00000000          7.00000000               X -4.22980681e-9      -12.5892000               X  2.57513499e-33     -15.0000000               X  2.27316294e-16     
 277. -0.9999999999998878 12.999999999999886  3.16227766e-68           X  1.00000000          7.00000000               X -4.22980681e-9      -12.5850000               X  2.60015956e-33     -15.0000000               X  2.27316294e-16     
 278. -0.9999999999998866 12.999999999999886  2.51188643e-68           X  1.00000000          7.00000000               X -4.22980681e-9      -12.5808000               X  2.62542732e-33     -15.0000000               X  2.27316294e-16     
 279. -0.9999999999998855 12.999999999999885  1.99526231e-68           X  1.00000000          7.00000000               X -4.22980681e-9      -12.5766000               X  2.65094062e-33     -15.0000000               X  2.27316294e-16     
 280. -0.9999999999998844 12.999999999999883  1.58489319e-68           X  1.00000000          7.00000000               X -4.22980681e-9      -12.5724000               X  2.67670186e-33     -15.0000000               X  2.27316294e-16     
 281. -0.9999999999998833 12.999999999999883  1.25892541e-68           X  1.00000000          7.00000000               X -4.22980681e-9      -12.5682000               X  2.70271343e-33     -15.0000000               X  2.27316294e-16     
 282. -0.9999999999998822 12.999999999999881  1.00000000e-68           X  1.00000000          7.00000000               X -4.22980681e-9      -12.5640000               X  2.72897778e-33     -15.0000000               X  2.27316294e-16     
 283. -0.999999999999881  12.99999999999988   7.94328235e-69           X  1.00000000          7.00000000               X -4.22980681e-9      -12.5598000               X  2.75549736e-33     -15.0000000               X  2.27316294e-16     
 284. -0.9999999999998799 12.99999999999988   6.30957344e-69           X  1.00000000          7.00000000               X -4.22980681e-9      -12.5556000               X  2.78227466e-33     -15.0000000               X  2.27316294e-16     
 285. -0.9999999999998788 12.999999999999877  5.01187234e-69           X  1.00000000          7.00000000               X -4.22980681e-9      -12.5514000               X  2.80931217e-33     -15.0000000               X  2.27316294e-16     
 286. -0.9999999999998775 12.999999999999876  3.98107171e-69           X  1.00000000          7.00000000               X -4.22980681e-9      -12.5472000               X  2.83661242e-33     -15.0000000               X  2.27316294e-16     
 287. -0.9999999999998763 12.999999999999876  3.16227766e-69           X  1.00000000          7.00000000               X -4.22980681e-9      -12.5430000               X  2.86417797e-33     -15.0000000               X  2.27316294e-16     
 288. -0.9999999999998752 12.999999999999874  2.51188643e-69           X  1.00000000          7.00000000               X -4.22980681e-9      -12.5388000               X  2.89201140e-33     -15.0000000               X  2.27316294e-16     
 289. -0.999999999999874  12.999999999999872  1.99526231e-69           X  1.00000000          7.00000000               X -4.22980681e-9      -12.5346000               X  2.92011530e-33     -15.0000000               X  2.27316294e-16     
 290. -0.9999999999998728 12.999999999999872  1.58489319e-69           X  1.00000000          7.00000000               X -4.22980681e-9      -12.5304000               X  2.94849231e-33     -15.0000000               X  2.27316294e-16     
 291. -0.9999999999998714 12.99999999999987   1.25892541e-69           X  1.00000000          7.00000000               X -4.22980681e-9      -12.5262000               X  2.97714509e-33     -15.0000000               X  2.27316294e-16     
 292. -0.9999999999998702 12.999999999999869  1.00000000e-69           X  1.00000000          7.00000000               X -4.22980681e-9      -12.5220000               X  3.00607630e-33     -15.0000000               X  2.27316295e-16     
 293. -0.999999999999869  12.999999999999869  7.94328235e-70           X  1.00000000          7.00000000               X -4.22980681e-9      -12.5178000               X  3.03528866e-33     -15.0000000               X  2.27316295e-16     
 294. -0.9999999999998678 12.999999999999867  6.30957344e-70           X  1.00000000          7.00000000               X -4.22980681e-9      -12.5136000               X  3.06478491e-33     -15.0000000               X  2.27316295e-16     
 295. -0.9999999999998664 12.999999999999865  5.01187234e-70           X  1.00000000          7.00000000               X -4.22980681e-9      -12.5094000               X  3.09456778e-33     -15.0000000               X  2.27316295e-16     
 296. -0.9999999999998651 12.999999999999863  3.98107171e-70           X  1.00000000          7.00000000               X -4.22980681e-9      -12.5052000               X  3.12464009e-33     -15.0000000               X  2.27316295e-16     
 297. -0.9999999999998639 12.999999999999863  3.16227766e-70           X  1.00000000          7.00000000               X -4.22980681e-9      -12.5010000               X  3.15500462e-33     -15.0000000               X  2.27316295e-16     
 298. -0.9999999999998626 12.999999999999861  2.51188643e-70           X  1.00000000          7.00000000               X -4.22980681e-9      -12.4968000               X  3.18566424e-33     -15.0000000               X  2.27316295e-16     
 299. -0.9999999999998612 12.99999999999986   1.99526231e-70           X  1.00000000          7.00000000               X -4.22980681e-9      -12.4926000               X  3.21662179e-33     -15.0000000               X  2.27316295e-16     
