NodeID: 0.0
 nr   logfactor           convergence         gas_u                       gas_eq              I                           I.eq                charge_unknown              chargebalance       pH                          H.tot               Halite[s].un                Halite[s].eq        Natron[s].un                Natron[s].eq        Thermonatrite[s].un         Thermonatrite[s].eq
                                                                          1.00000000e-20                                  0.0                                             0.0                                             1.00000000e-9                                   0.0                                             0.0                                             0.0                

 1.0  -1.0                20.10722906740954   1.00000000                  0.0                 1.00000000e-1            X -6.40028134e6       -1.00000000e-3            X  1.28005629e7       -7.00000000               X  1.28005629e7       -1.00000000e-3              -7.30047000         -1.00000000e-3              -56.8350000         -1.00000000e-3              -58.7830000         
 2.0  0.0                 20.20722906740954   1.00000000                  0.0                 1.00000000e-1            X -8.05747691e6       -1.01000000e-1            X  1.61149538e7       -7.10000000               X  1.61149539e7       -1.00000000e-3              -5.59289983         -1.00000000e-3              -57.0350000         -1.00000000e-3              -58.9830000         
 3.0  0.0                 20.30722906740954   1.00000000                  0.0                 1.00000000e-1            X -1.01437625e7       -2.01000000e-1            X  2.02875247e7       -7.20000000               X  2.02875250e7       -1.00000000e-3              -5.29614863         -1.00000000e-3              -57.2350000         -1.00000000e-3              -59.1830000         
 4.0  0.0                 20.407229067409542  1.00000000                  0.0                 1.00000000e-1            X -1.27702405e7       -3.01000000e-1            X  2.55404803e7       -7.30000000               X  2.55404807e7       -1.00000000e-3              -5.12149306         -1.00000000e-3              -57.4350000         -1.00000000e-3              -59.3830000         
 5.0  0.0                 20.50722906740954   1.00000000                  0.0                 1.00000000e-1            X -1.60767803e7       -4.01000000e-1            X  3.21535597e7       -7.40000000               X  3.21535602e7       -1.00000000e-3              -4.99727395         -1.00000000e-3              -57.6350000         -1.00000000e-3              -59.5830000         
 6.0  0.0                 20.607229067409538  1.00000000                  0.0                 1.00000000e-1            X -2.02394672e7       -5.01000000e-1            X  4.04789334e7       -7.50000000               X  4.04789340e7       -1.00000000e-3              -4.90079628         -1.00000000e-3              -57.8350000         -1.00000000e-3              -59.7830000         
 7.0  0.0                 20.70722906740954   1.00000000                  0.0                 1.00000000e-1            X -2.54799796e7       -6.01000000e-1            X  5.09599579e7       -7.60000000               X  5.09599587e7       -1.00000000e-3              -4.82190351         -1.00000000e-3              -58.0350000         -1.00000000e-3              -59.9830000         
 8.0  0.0                 20.807229067409537  1.00000000                  0.0                 1.00000000e-1            X -3.20773938e7       -7.01000000e-1            X  6.41547861e7       -7.70000000               X  6.41547870e7       -1.00000000e-3              -4.75516289         -1.00000000e-3              -58.2350000         -1.00000000e-3              -60.1830000         
 9.0  0.0                 20.90722906740954   1.00000000                  0.0                 1.00000000e-1            X -4.03830462e7       -8.01000000e-1            X  8.07660906e7       -7.80000000               X  8.07660916e7       -1.00000000e-3              -4.69732563         -1.00000000e-3              -58.4350000         -1.00000000e-3              -60.3830000         
 10.0 0.0                 21.007229067409536  1.00000000                  0.0                 1.00000000e-1            X -5.08392431e7       -9.01000000e-1            X  1.01678484e8       -7.90000000               X  1.01678485e8       -1.00000000e-3              -4.64629346         -1.00000000e-3              -58.6350000         -1.00000000e-3              -60.5830000         
 11.0 0.0                 21.107229067409538  1.00000000                  0.0                 1.00000000e-1            X -6.40028150e7       -1.00100000               X  1.28005628e8       -8.00000000               X  1.28005629e8       -1.00000000e-3              -4.60063228         -1.00000000e-3              -58.8350000         -1.00000000e-3              -60.7830000         
 12.0 0.0                 21.207229067409536  1.00000000                  0.0                 1.00000000e-1            X -8.05747701e7       -1.10100000               X  1.61149538e8       -8.10000000               X  1.61149539e8       -1.00000000e-3              -4.55931841         -1.00000000e-3              -59.0350000         -1.00000000e-3              -60.9830000         
 13.0 0.0                 21.307229067409537  1.00000000                  0.0                 1.00000000e-1            X -1.01437626e8       -1.20100000               X  2.02875248e8       -8.20000000               X  2.02875250e8       -1.00000000e-3              -4.52159553         -1.00000000e-3              -59.2350000         -1.00000000e-3              -61.1830000         
 14.0 0.0                 21.40722906740954   1.00000000                  0.0                 1.00000000e-1            X -1.27702404e8       -1.30100000               X  2.55404806e8       -8.30000000               X  2.55404807e8       -1.00000000e-3              -4.48688902         -1.00000000e-3              -59.4350000         -1.00000000e-3              -61.3830000         
 15.0 0.0                 21.507229067409536  1.00000000                  0.0                 1.00000000e-1            X -1.60767802e8       -1.40100000               X  3.21535600e8       -8.40000000               X  3.21535602e8       -1.00000000e-3              -4.45475199         -1.00000000e-3              -59.6350000         -1.00000000e-3              -61.5830000         
 16.0 0.0                 21.607229067409538  1.00000000                  0.0                 1.00000000e-1            X -2.02394671e8       -1.50100000               X  4.04789338e8       -8.50000000               X  4.04789340e8       -1.00000000e-3              -4.42483007         -1.00000000e-3              -59.8350000         -1.00000000e-3              -61.7830000         
 17.0 0.0                 21.707229067409536  1.00000000                  0.0                 1.00000000e-1            X -2.54799794e8       -1.60100000               X  5.09599585e8       -8.60000000               X  5.09599587e8       -1.00000000e-3              -4.39683749         -1.00000000e-3              -60.0350000         -1.00000000e-3              -61.9830000         
 18.0 0.0                 21.807229067409533  1.00000000                  0.0                 1.00000000e-1            X -3.20773936e8       -1.70100000               X  6.41547868e8       -8.70000000               X  6.41547870e8       -1.00000000e-3              -4.37054044         -1.00000000e-3              -60.2350000         -1.00000000e-3              -62.1830000         
 19.0 0.0                 21.907229067409535  1.00000000                  0.0                 1.00000000e-1            X -4.03830459e8       -1.80100000               X  8.07660914e8       -8.80000000               X  8.07660916e8       -1.00000000e-3              -4.34574521         -1.00000000e-3              -60.4350000         -1.00000000e-3              -62.3830000         
 20.0 0.0                 22.007229067409533  1.00000000                  0.0                 1.00000000e-1            X -5.08392427e8       -1.90100000               X  1.01678485e9       -8.90000000               X  1.01678485e9       -1.00000000e-3              -4.32228949         -1.00000000e-3              -60.6350000         -1.00000000e-3              -62.5830000         
 21.0 0.0                 22.107229067409534  1.00000000                  0.0                 1.00000000e-1            X -6.40028145e8       -2.00100000               X  1.28005629e9       -9.00000000               X  1.28005629e9       -1.00000000e-3              -4.30003593         -1.00000000e-3              -60.8350000         -1.00000000e-3              -62.7830000         
 22.0 0.0                 22.207229067409532  1.00000000                  0.0                 1.00000000e-1            X -8.05747696e8       -2.10100000               X  1.61149539e9       -9.10000000               X  1.61149539e9       -1.00000000e-3              -4.27886729         -1.00000000e-3              -61.0350000         -1.00000000e-3              -62.9830000         
 23.0 0.0                 22.307229067409533  1.00000000                  0.0                 1.00000000e-1            X -1.01437625e9       -2.20100000               X  2.02875249e9       -9.20000000               X  2.02875250e9       -1.00000000e-3              -4.25868269         -1.00000000e-3              -61.2350000         -1.00000000e-3              -63.1830000         
 24.0 0.0                 22.40722906740953   1.00000000                  0.0                 1.00000000e-1            X -1.27702404e9       -2.30100000               X  2.55404807e9       -9.30000000               X  2.55404807e9       -1.00000000e-3              -4.23939468         -1.00000000e-3              -61.4350000         -1.00000000e-3              -63.3830000         
 25.0 0.0                 22.507229067409533  1.00000000                  0.0                 1.00000000e-1            X -1.60767801e9       -2.40100000               X  3.21535602e9       -9.40000000               X  3.21535602e9       -1.00000000e-3              -4.22092700         -1.00000000e-3              -61.6350000         -1.00000000e-3              -63.5830000         
 26.0 0.0                 22.60722906740953   1.00000000                  0.0                 1.00000000e-1            X -2.02394670e9       -2.50100000               X  4.04789340e9       -9.50000000               X  4.04789340e9       -1.00000000e-3              -4.20321269         -1.00000000e-3              -61.8350000         -1.00000000e-3              -63.7830000         
 27.0 0.0                 22.707229067409532  1.00000000                  0.0                 1.00000000e-1            X -2.54799794e9       -2.60100000               X  5.09599587e9       -9.60000000               X  5.09599587e9       -1.00000000e-3              -4.18619271         -1.00000000e-3              -62.0350000         -1.00000000e-3              -63.9830000         
 28.0 0.0                 22.80722906740953   1.00000000                  0.0                 1.00000000e-1            X -3.20773935e9       -2.70100000               X  6.41547870e9       -9.70000000               X  6.41547870e9       -1.00000000e-3              -4.16981466         -1.00000000e-3              -62.2350000         -1.00000000e-3              -64.1830000         
 29.0 0.0                 22.90722906740953   1.00000000                  0.0                 1.00000000e-1            X -4.03830458e9       -2.80100000               X  8.07660916e9       -9.80000000               X  8.07660916e9       -1.00000000e-3              -4.15403187         -1.00000000e-3              -62.4350000         -1.00000000e-3              -64.3830000         
 30.0 0.0                 23.00722906740953   1.00000000                  0.0                 1.00000000e-1            X -5.08392426e9       -2.90100000               X  1.01678485e10      -9.90000000               X  1.01678485e10      -1.00000000e-3              -4.13880259         -1.00000000e-3              -62.6350000         -1.00000000e-3              -64.5830000         
 31.0 0.0                 23.10722906740953   1.00000000                  0.0                 1.00000000e-1            X -6.40028144e9       -3.00100000               X  1.28005629e10      -10.0000000               X  1.28005629e10      -1.00000000e-3              -4.12408931         -1.00000000e-3              -62.8350000         -1.00000000e-3              -64.7830000         
 32.0 0.0                 23.207229067409532  1.00000000                  0.0                 1.00000000e-1            X -8.05747695e9       -3.10100000               X  1.61149539e10      -10.1000000               X  1.61149539e10      -1.00000000e-3              -4.10985821         -1.00000000e-3              -63.0350000         -1.00000000e-3              -64.9830000         
 33.0 0.0                 23.30722906740953   1.00000000                  0.0                 1.00000000e-1            X -1.01437625e10      -3.20100000               X  2.02875250e10      -10.2000000               X  2.02875250e10      -1.00000000e-3              -4.09607867         -1.00000000e-3              -63.2350000         -1.00000000e-3              -65.1830000         
 34.0 0.0                 23.407229067409528  1.00000000                  0.0                 1.00000000e-1            X -1.27702404e10      -3.30100000               X  2.55404807e10      -10.3000000               X  2.55404807e10      -1.00000000e-3              -4.08272293         -1.00000000e-3              -63.4350000         -1.00000000e-3              -65.3830000         
 35.0 0.0                 23.50722906740953   1.00000000                  0.0                 1.00000000e-1            X -1.60767801e10      -3.40100000               X  3.21535602e10      -10.4000000               X  3.21535602e10      -1.00000000e-3              -4.06976569         -1.00000000e-3              -63.6350000         -1.00000000e-3              -65.5830000         
 36.0 0.0                 23.607229067409527  1.00000000                  0.0                 1.00000000e-1            X -2.02394670e10      -3.50100000               X  4.04789340e10      -10.5000000               X  4.04789340e10      -1.00000000e-3              -4.05718386         -1.00000000e-3              -63.8350000         -1.00000000e-3              -65.7830000         
 37.0 0.0                 23.70722906740953   1.00000000                  0.0                 1.00000000e-1            X -2.54799794e10      -3.60100000               X  5.09599587e10      -10.6000000               X  5.09599587e10      -1.00000000e-3              -4.04495629         -1.00000000e-3              -64.0350000         -1.00000000e-3              -65.9830000         
 38.0 0.0                 23.80722906740953   1.00000000                  0.0                 1.00000000e-1            X -3.20773935e10      -3.70100000               X  6.41547870e10      -10.7000000               X  6.41547870e10      -1.00000000e-3              -4.03306359         -1.00000000e-3              -64.2350000         -1.00000000e-3              -66.1830000         
 39.0 0.0                 23.907229067409528  1.00000000                  0.0                 1.00000000e-1            X -4.03830458e10      -3.80100000               X  8.07660916e10      -10.8000000               X  8.07660916e10      -1.00000000e-3              -4.02148789         -1.00000000e-3              -64.4350000         -1.00000000e-3              -66.3830000         
 40.0 0.0                 24.007229067409526  1.00000000                  0.0                 1.00000000e-1            X -5.08392426e10      -3.90100000               X  1.01678485e11      -10.9000000               X  1.01678485e11      -1.00000000e-3              -4.01021273         -1.00000000e-3              -64.6350000         -1.00000000e-3              -66.5830000         
 41.0 0.0                 24.107229067409527  1.00000000                  0.0                 1.00000000e-1            X -6.40028144e10      -4.00100000               X  1.28005629e11      -11.0000000               X  1.28005629e11      -1.00000000e-3              -3.99922292         -1.00000000e-3              -64.8350000         -1.00000000e-3              -66.7830000         
 42.0 0.0                 24.207229067409525  1.00000000                  0.0                 1.00000000e-1            X -8.05747695e10      -4.10100000               X  1.61149539e11      -11.1000000               X  1.61149539e11      -1.00000000e-3              -3.98850434         -1.00000000e-3              -65.0350000         -1.00000000e-3              -66.9830000         
 43.0 0.0                 24.307229067409526  1.00000000                  0.0                 1.00000000e-1            X -1.01437625e11      -4.20100000               X  2.02875250e11      -11.2000000               X  2.02875250e11      -1.00000000e-3              -3.97804395         -1.00000000e-3              -65.2350000         -1.00000000e-3              -67.1830000         
 44.0 0.0                 24.407229067409524  1.00000000                  0.0                 1.00000000e-1            X -1.27702404e11      -4.30100000               X  2.55404807e11      -11.3000000               X  2.55404807e11      -1.00000000e-3              -3.96782959         -1.00000000e-3              -65.4350000         -1.00000000e-3              -67.3830000         
 45.0 0.0                 24.507229067409526  1.00000000                  0.0                 1.00000000e-1            X -1.60767801e11      -4.40100000               X  3.21535602e11      -11.4000000               X  3.21535602e11      -1.00000000e-3              -3.95784996         -1.00000000e-3              -65.6350000         -1.00000000e-3              -67.5830000         
 46.0 0.0                 24.607229067409524  1.00000000                  0.0                 1.00000000e-1            X -2.02394670e11      -4.50100000               X  4.04789340e11      -11.5000000               X  4.04789340e11      -1.00000000e-3              -3.94809451         -1.00000000e-3              -65.8350000         -1.00000000e-3              -67.7830000         
 47.0 0.0                 24.707229067409525  1.00000000                  0.0                 1.00000000e-1            X -2.54799794e11      -4.60100000               X  5.09599587e11      -11.6000000               X  5.09599587e11      -1.00000000e-3              -3.93855339         -1.00000000e-3              -66.0350000         -1.00000000e-3              -67.9830000         
 48.0 0.0                 24.807229067409523  1.00000000                  0.0                 1.00000000e-1            X -3.20773935e11      -4.70100000               X  6.41547870e11      -11.7000000               X  6.41547870e11      -1.00000000e-3              -3.92921738         -1.00000000e-3              -66.2350000         -1.00000000e-3              -68.1830000         
 49.0 0.0                 24.907229067409524  1.00000000                  0.0                 1.00000000e-1            X -4.03830458e11      -4.80100000               X  8.07660916e11      -11.8000000               X  8.07660916e11      -1.00000000e-3              -3.92007784         -1.00000000e-3              -66.4350000         -1.00000000e-3              -68.3830000         
 50.0 0.0                 25.007229067409522  1.00000000                  0.0                 1.00000000e-1            X -5.08392426e11      -4.90100000               X  1.01678485e12      -11.9000000               X  1.01678485e12      -1.00000000e-3              -3.91112669         -1.00000000e-3              -66.6350000         -1.00000000e-3              -68.5830000         
 51.0 0.0                 25.107229067409524  1.00000000                  0.0                 1.00000000e-1            X -6.40028144e11      -5.00100000               X  1.28005629e12      -12.0000000               X  1.28005629e12      -1.00000000e-3              -3.90235631         -1.00000000e-3              -66.8350000         -1.00000000e-3              -68.7830000         
 52.0 0.0                 25.20722906740952   1.00000000                  0.0                 1.00000000e-1            X -8.05747695e11      -5.10100000               X  1.61149539e12      -12.1000000               X  1.61149539e12      -1.00000000e-3              -3.89375955         -1.00000000e-3              -67.0350000         -1.00000000e-3              -68.9830000         
 53.0 0.0                 25.307229067409523  1.00000000                  0.0                 1.00000000e-1            X -1.01437625e12      -5.20100000               X  2.02875250e12      -12.2000000               X  2.02875250e12      -1.00000000e-3              -3.88532965         -1.00000000e-3              -67.2350000         -1.00000000e-3              -69.1830000         
 54.0 0.0                 25.407229067409524  1.00000000                  0.0                 1.00000000e-1            X -1.27702404e12      -5.30100000               X  2.55404807e12      -12.3000000               X  2.55404807e12      -1.00000000e-3              -3.87706028         -1.00000000e-3              -67.4350000         -1.00000000e-3              -69.3830000         
 55.0 0.0                 25.507229067409522  1.00000000                  0.0                 1.00000000e-1            X -1.60767801e12      -5.40100000               X  3.21535602e12      -12.4000000               X  3.21535602e12      -1.00000000e-3              -3.86894542         -1.00000000e-3              -67.6350000         -1.00000000e-3              -69.5830000         
 56.0 0.0                 25.60722906740952   1.00000000                  0.0                 1.00000000e-1            X -2.02394670e12      -5.50100000               X  4.04789340e12      -12.5000000               X  4.04789340e12      -1.00000000e-3              -3.86097941         -1.00000000e-3              -67.8350000         -1.00000000e-3              -69.7830000         
 57.0 0.0                 25.70722906740952   1.00000000                  0.0                 1.00000000e-1            X -2.54799794e12      -5.60100000               X  5.09599587e12      -12.6000000               X  5.09599587e12      -1.00000000e-3              -3.85315690         -1.00000000e-3              -68.0350000         -1.00000000e-3              -69.9830000         
 58.0 0.0                 25.80722906740952   1.00000000                  0.0                 1.00000000e-1            X -3.20773935e12      -5.70100000               X  6.41547870e12      -12.7000000               X  6.41547870e12      -1.00000000e-3              -3.84547279         -1.00000000e-3              -68.2350000         -1.00000000e-3              -70.1830000         
 59.0 0.0                 25.90722906740952   1.00000000                  0.0                 1.00000000e-1            X -4.03830458e12      -5.80100000               X  8.07660916e12      -12.8000000               X  8.07660916e12      -1.00000000e-3              -3.83792228         -1.00000000e-3              -68.4350000         -1.00000000e-3              -70.3830000         
 60.0 0.0                 26.007229067409522  1.00000000                  0.0                 1.00000000e-1            X -5.08392426e12      -5.90100000               X  1.01678485e13      -12.9000000               X  1.01678485e13      -1.00000000e-3              -3.83050079         -1.00000000e-3              -68.6350000         -1.00000000e-3              -70.5830000         
 61.0 0.0                 26.10722906740952   1.00000000                  0.0                 1.00000000e-1            X -6.40028144e12      -6.00100000               X  1.28005629e13      -13.0000000               X  1.28005629e13      -1.00000000e-3              -3.82320401         -1.00000000e-3              -68.8350000         -1.00000000e-3              -70.7830000         
 62.0 0.0                 26.20722906740952   1.00000000                  0.0                 1.00000000e-1            X -8.05747695e12      -6.10100000               X  1.61149539e13      -13.1000000               X  1.61149539e13      -1.00000000e-3              -3.81602780         -1.00000000e-3              -69.0350000         -1.00000000e-3              -70.9830000         
 63.0 0.0                 26.30722906740952   1.00000000                  0.0                 1.00000000e-1            X -1.01437625e13      -6.20100000               X  2.02875250e13      -13.2000000               X  2.02875250e13      -1.00000000e-3              -3.80896824         -1.00000000e-3              -69.2350000         -1.00000000e-3              -71.1830000         
 64.0 0.0                 26.407229067409517  1.00000000                  0.0                 1.00000000e-1            X -1.27702404e13      -6.30100000               X  2.55404807e13      -13.3000000               X  2.55404807e13      -1.00000000e-3              -3.80202160         -1.00000000e-3              -69.4350000         -1.00000000e-3              -71.3830000         
 65.0 0.0                 26.50722906740952   1.00000000                  0.0                 1.00000000e-1            X -1.60767801e13      -6.40100000               X  3.21535602e13      -13.4000000               X  3.21535602e13      -1.00000000e-3              -3.79518433         -1.00000000e-3              -69.6350000         -1.00000000e-3              -71.5830000         
 66.0 0.0                 26.607229067409516  1.00000000                  0.0                 1.00000000e-1            X -2.02394670e13      -6.50100000               X  4.04789340e13      -13.5000000               X  4.04789340e13      -1.00000000e-3              -3.78845303         -1.00000000e-3              -69.8350000         -1.00000000e-3              -71.7830000         
 67.0 0.0                 26.707229067409518  1.00000000                  0.0                 1.00000000e-1            X -2.54799794e13      -6.60100000               X  5.09599587e13      -13.6000000               X  5.09599587e13      -1.00000000e-3              -3.78182448         -1.00000000e-3              -70.0350000         -1.00000000e-3              -71.9830000         
 68.0 0.0                 26.807229067409516  1.00000000                  0.0                 1.00000000e-1            X -3.20773935e13      -6.70100000               X  6.41547870e13      -13.7000000               X  6.41547870e13      -1.00000000e-3              -3.77529558         -1.00000000e-3              -70.2350000         -1.00000000e-3              -72.1830000         
 69.0 0.0                 26.907229067409517  1.00000000                  0.0                 1.00000000e-1            X -4.03830458e13      -6.80100000               X  8.07660916e13      -13.8000000               X  8.07660916e13      -1.00000000e-3              -3.76886337         -1.00000000e-3              -70.4350000         -1.00000000e-3              -72.3830000         
 70.0 0.0                 27.007229067409515  1.00000000                  0.0                 1.00000000e-1            X -5.08392426e13      -6.90100000               X  1.01678485e14      -13.9000000               X  1.01678485e14      -1.00000000e-3              -3.76252505         -1.00000000e-3              -70.6350000         -1.00000000e-3              -72.5830000         
 71.0 0.0                 27.107229067409516  1.00000000                  0.0                 1.00000000e-1            X -6.40028144e13      -7.00100000               X  1.28005629e14      -14.0000000               X  1.28005629e14      -1.00000000e-3              -3.75627789         -1.00000000e-3              -70.8350000         -1.00000000e-3              -72.7830000         
 72.0 0.0                 27.207229067409514  1.00000000                  0.0                 1.00000000e-1            X -8.05747695e13      -7.10100000               X  1.61149539e14      -14.1000000               X  1.61149539e14      -1.00000000e-3              -3.75011933         -1.00000000e-3              -71.0350000         -1.00000000e-3              -72.9830000         
 73.0 0.0                 27.307229067409516  1.00000000                  0.0                 1.00000000e-1            X -1.01437625e14      -7.20100000               X  2.02875250e14      -14.2000000               X  2.02875250e14      -1.00000000e-3              -3.74404688         -1.00000000e-3              -71.2350000         -1.00000000e-3              -73.1830000         
 74.0 0.0                 27.407229067409514  1.00000000                  0.0                 1.00000000e-1            X -1.27702404e14      -7.30100000               X  2.55404807e14      -14.3000000               X  2.55404807e14      -1.00000000e-3              -3.73805817         -1.00000000e-3              -71.4350000         -1.00000000e-3              -73.3830000         
 75.0 0.0                 27.507229067409515  1.00000000                  0.0                 1.00000000e-1            X -1.60767801e14      -7.40100000               X  3.21535602e14      -14.4000000               X  3.21535602e14      -1.00000000e-3              -3.73215092         -1.00000000e-3              -71.6350000         -1.00000000e-3              -73.5830000         
 76.0 0.0                 27.607229067409513  1.00000000                  0.0                 1.00000000e-1            X -2.02394670e14      -7.50100000               X  4.04789340e14      -14.5000000               X  4.04789340e14      -1.00000000e-3              -3.72632294         -1.00000000e-3              -71.8350000         -1.00000000e-3              -73.7830000         
 77.0 0.0                 27.707229067409514  1.00000000                  0.0                 1.00000000e-1            X -2.54799794e14      -7.60100000               X  5.09599587e14      -14.6000000               X  5.09599587e14      -1.00000000e-3              -3.72057213         -1.00000000e-3              -72.0350000         -1.00000000e-3              -73.9830000         
 78.0 0.0                 27.807229067409516  1.00000000                  0.0                 1.00000000e-1            X -3.20773935e14      -7.70100000               X  6.41547870e14      -14.7000000               X  6.41547870e14      -1.00000000e-3              -3.71489649         -1.00000000e-3              -72.2350000         -1.00000000e-3              -74.1830000         
 79.0 0.0                 27.907229067409514  1.00000000                  0.0                 1.00000000e-1            X -4.03830458e14      -7.80100000               X  8.07660916e14      -14.8000000               X  8.07660916e14      -1.00000000e-3              -3.70929405         -1.00000000e-3              -72.4350000         -1.00000000e-3              -74.3830000         
 80.0 0.0                 28.007229067409515  1.00000000                  0.0                 1.00000000e-1            X -5.08392426e14      -7.90100000               X  1.01678485e15      -14.9000000               X  1.01678485e15      -1.00000000e-3              -3.70376297         -1.00000000e-3              -72.6350000         -1.00000000e-3              -74.5830000         
 81.0 0.0                 28.107229067409513  1.00000000                  0.0                 1.00000000e-1            X -6.40028144e14      -8.00100000               X  1.28005629e15      -15.0000000               X  1.28005629e15      -1.00000000e-3              -3.69830145         -1.00000000e-3              -72.8350000         -1.00000000e-3              -74.7830000         
 82.0 0.0                 28.20722906740951   1.00000000                  0.0                 1.00000000e-1            X -8.05747695e14      -8.10100000               X  1.61149539e15      -15.1000000               X  1.61149539e15      -1.00000000e-3              -3.69290776         -1.00000000e-3              -73.0350000         -1.00000000e-3              -74.9830000         
 83.0 0.0                 28.307229067409512  1.00000000                  0.0                 1.00000000e-1            X -1.01437625e15      -8.20100000               X  2.02875250e15      -15.2000000               X  2.02875250e15      -1.00000000e-3              -3.68758024         -1.00000000e-3              -73.2350000         -1.00000000e-3              -75.1830000         
 84.0 0.0                 28.407229067409514  1.00000000                  0.0                 1.00000000e-1            X -1.27702404e15      -8.30100000               X  2.55404807e15      -15.3000000               X  2.55404807e15      -1.00000000e-3              -3.68231727         -1.00000000e-3              -73.4350000         -1.00000000e-3              -75.3830000         
 85.0 0.0                 28.50722906740951   1.00000000                  0.0                 1.00000000e-1            X -1.60767801e15      -8.40100000               X  3.21535602e15      -15.4000000               X  3.21535602e15      -1.00000000e-3              -3.67711732         -1.00000000e-3              -73.6350000         -1.00000000e-3              -75.5830000         
 86.0 0.0                 28.60722906740951   1.00000000                  0.0                 1.00000000e-1            X -2.02394670e15      -8.50100000               X  4.04789340e15      -15.5000000               X  4.04789340e15      -1.00000000e-3              -3.67197890         -1.00000000e-3              -73.8350000         -1.00000000e-3              -75.7830000         
 87.0 0.0                 28.70722906740951   1.00000000                  0.0                 1.00000000e-1            X -2.54799794e15      -8.60100000               X  5.09599587e15      -15.6000000               X  5.09599587e15      -1.00000000e-3              -3.66690056         -1.00000000e-3              -74.0350000         -1.00000000e-3              -75.9830000         
 88.0 0.0                 28.807229067409512  1.00000000                  0.0                 1.00000000e-1            X -3.20773935e15      -8.70100000               X  6.41547870e15      -15.7000000               X  6.41547870e15      -1.00000000e-3              -3.66188092         -1.00000000e-3              -74.2350000         -1.00000000e-3              -76.1830000         
 89.0 0.0                 28.90722906740951   1.00000000                  0.0                 1.00000000e-1            X -4.03830458e15      -8.80100000               X  8.07660916e15      -15.8000000               X  8.07660916e15      -1.00000000e-3              -3.65691864         -1.00000000e-3              -74.4350000         -1.00000000e-3              -76.3830000         
 90.0 0.0                 29.00722906740951   1.00000000                  0.0                 1.00000000e-1            X -5.08392426e15      -8.90100000               X  1.01678485e16      -15.9000000               X  1.01678485e16      -1.00000000e-3              -3.65201241         -1.00000000e-3              -74.6350000         -1.00000000e-3              -76.5830000         
 91.0 0.0                 29.10722906740951   1.00000000                  0.0                 1.00000000e-1            X -6.40028144e15      -9.00100000               X  1.28005629e16      -16.0000000               X  1.28005629e16      -1.00000000e-3              -3.64716099         -1.00000000e-3              -74.8350000         -1.00000000e-3              -76.7830000         
 92.0 0.0                 29.20722906740951   1.00000000                  0.0                 1.00000000e-1            X -8.05747695e15      -9.10100000               X  1.61149539e16      -16.1000000               X  1.61149539e16      -1.00000000e-3              -3.64236317         -1.00000000e-3              -75.0350000         -1.00000000e-3              -76.9830000         
 93.0 0.0                 29.307229067409512  1.00000000                  0.0                 1.00000000e-1            X -1.01437625e16      -9.20100000               X  2.02875250e16      -16.2000000               X  2.02875250e16      -1.00000000e-3              -3.63761777         -1.00000000e-3              -75.2350000         -1.00000000e-3              -77.1830000         
 94.0 0.0                 29.407229067409514  1.00000000                  0.0                 1.00000000e-1            X -1.27702404e16      -9.30100000               X  2.55404807e16      -16.3000000               X  2.55404807e16      -1.00000000e-3              -3.63292366         -1.00000000e-3              -75.4350000         -1.00000000e-3              -77.3830000         
 95.0 0.0                 29.507229067409515  1.00000000                  0.0                 1.00000000e-1            X -1.60767801e16      -9.40100000               X  3.21535602e16      -16.4000000               X  3.21535602e16      -1.00000000e-3              -3.62827975         -1.00000000e-3              -75.6350000         -1.00000000e-3              -77.5830000         
 96.0 0.0                 29.607229067409516  1.00000000                  0.0                 1.00000000e-1            X -2.02394670e16      -9.50100000               X  4.04789340e16      -16.5000000               X  4.04789340e16      -1.00000000e-3              -3.62368497         -1.00000000e-3              -75.8350000         -1.00000000e-3              -77.7830000         
 97.0 0.0                 29.707229067409518  1.00000000                  0.0                 1.00000000e-1            X -2.54799794e16      -9.60100000               X  5.09599587e16      -16.6000000               X  5.09599587e16      -1.00000000e-3              -3.61913830         -1.00000000e-3              -76.0350000         -1.00000000e-3              -77.9830000         
 98.0 0.0                 29.80722906740952   1.00000000                  0.0                 1.00000000e-1            X -3.20773935e16      -9.70100000               X  6.41547870e16      -16.7000000               X  6.41547870e16      -1.00000000e-3              -3.61463873         -1.00000000e-3              -76.2350000         -1.00000000e-3              -78.1830000         
 99.0 0.0                 29.90722906740952   1.00000000                  0.0                 1.00000000e-1            X -4.03830458e16      -9.80100000               X  8.07660916e16      -16.8000000               X  8.07660916e16      -1.00000000e-3              -3.61018530         -1.00000000e-3              -76.4350000         -1.00000000e-3              -78.3830000         
 100. 0.0                 30.007229067409522  1.00000000                  0.0                 1.00000000e-1            X -5.08392426e16      -9.90100000               X  1.01678485e17      -16.9000000               X  1.01678485e17      -1.00000000e-3              -3.60577708         -1.00000000e-3              -76.6350000         -1.00000000e-3              -78.5830000         
 101. 0.0                 30.107229067409524  1.00000000                  0.0                 1.00000000e-1            X -6.40028144e16      -10.0010000               X  1.28005629e17      -17.0000000               X  1.28005629e17      -1.00000000e-3              -3.60141315         -1.00000000e-3              -76.8350000         -1.00000000e-3              -78.7830000         
 102. 0.0                 30.207229067409525  1.00000000                  0.0                 1.00000000e-1            X -8.05747695e16      -10.1010000               X  1.61149539e17      -17.1000000               X  1.61149539e17      -1.00000000e-3              -3.59709264         -1.00000000e-3              -77.0350000         -1.00000000e-3              -78.9830000         
 103. 0.0                 30.307229067409526  1.00000000                  0.0                 1.00000000e-1            X -1.01437625e17      -10.2010000               X  2.02875250e17      -17.2000000               X  2.02875250e17      -1.00000000e-3              -3.59281468         -1.00000000e-3              -77.2350000         -1.00000000e-3              -79.1830000         
 104. 0.0                 30.407229067409528  1.00000000                  0.0                 1.00000000e-1            X -1.27702404e17      -10.3010000               X  2.55404807e17      -17.3000000               X  2.55404807e17      -1.00000000e-3              -3.58857845         -1.00000000e-3              -77.4350000         -1.00000000e-3              -79.3830000         
 105. 0.0                 30.50722906740953   1.00000000                  0.0                 1.00000000e-1            X -1.60767801e17      -10.4010000               X  3.21535602e17      -17.4000000               X  3.21535602e17      -1.00000000e-3              -3.58438315         -1.00000000e-3              -77.6350000         -1.00000000e-3              -79.5830000         
 106. 0.0                 30.60722906740953   1.00000000                  0.0                 1.00000000e-1            X -2.02394670e17      -10.5010000               X  4.04789340e17      -17.5000000               X  4.04789340e17      -1.00000000e-3              -3.58022799         -1.00000000e-3              -77.8350000         -1.00000000e-3              -79.7830000         
 107. 0.0                 30.707229067409532  1.00000000                  0.0                 1.00000000e-1            X -2.54799794e17      -10.6010000               X  5.09599587e17      -17.6000000               X  5.09599587e17      -1.00000000e-3              -3.57611220         -1.00000000e-3              -78.0350000         -1.00000000e-3              -79.9830000         
 108. 0.0                 30.807229067409533  1.00000000                  0.0                 1.00000000e-1            X -3.20773935e17      -10.7010000               X  6.41547870e17      -17.7000000               X  6.41547870e17      -1.00000000e-3              -3.57203505         -1.00000000e-3              -78.2350000         -1.00000000e-3              -80.1830000         
 109. 0.0                 30.907229067409535  1.00000000                  0.0                 1.00000000e-1            X -4.03830458e17      -10.8010000               X  8.07660916e17      -17.8000000               X  8.07660916e17      -1.00000000e-3              -3.56799583         -1.00000000e-3              -78.4350000         -1.00000000e-3              -80.3830000         
 110. 0.0                 31.007229067409536  1.00000000                  0.0                 1.00000000e-1            X -5.08392426e17      -10.9010000               X  1.01678485e18      -17.9000000               X  1.01678485e18      -1.00000000e-3              -3.56399382         -1.00000000e-3              -78.6350000         -1.00000000e-3              -80.5830000         
 111. 0.0                 31.107229067409538  1.00000000                  0.0                 1.00000000e-1            X -6.40028144e17      -11.0010000               X  1.28005629e18      -18.0000000               X  1.28005629e18      -1.00000000e-3              -3.56002836         -1.00000000e-3              -78.8350000         -1.00000000e-3              -80.7830000         
 112. 0.0                 31.20722906740954   1.00000000                  0.0                 1.00000000e-1            X -8.05747695e17      -11.1010000               X  1.61149539e18      -18.1000000               X  1.61149539e18      -1.00000000e-3              -3.55609878         -1.00000000e-3              -79.0350000         -1.00000000e-3              -80.9830000         
 113. 0.0                 31.30722906740954   1.00000000                  0.0                 1.00000000e-1            X -1.01437625e18      -11.2010000               X  2.02875250e18      -18.2000000               X  2.02875250e18      -1.00000000e-3              -3.55220443         -1.00000000e-3              -79.2350000         -1.00000000e-3              -81.1830000         
 114. 0.0                 31.407229067409542  1.00000000                  0.0                 1.00000000e-1            X -1.27702404e18      -11.3010000               X  2.55404807e18      -18.3000000               X  2.55404807e18      -1.00000000e-3              -3.54834470         -1.00000000e-3              -79.4350000         -1.00000000e-3              -81.3830000         
 115. 0.0                 31.507229067409543  1.00000000                  0.0                 1.00000000e-1            X -1.60767801e18      -11.4010000               X  3.21535602e18      -18.4000000               X  3.21535602e18      -1.00000000e-3              -3.54451896         -1.00000000e-3              -79.6350000         -1.00000000e-3              -81.5830000         
 116. 0.0                 31.607229067409545  1.00000000                  0.0                 1.00000000e-1            X -2.02394670e18      -11.5010000               X  4.04789340e18      -18.5000000               X  4.04789340e18      -1.00000000e-3              -3.54072664         -1.00000000e-3              -79.8350000         -1.00000000e-3              -81.7830000         
 117. 0.0                 31.707229067409546  1.00000000                  0.0                 1.00000000e-1            X -2.54799794e18      -11.6010000               X  5.09599587e18      -18.6000000               X  5.09599587e18      -1.00000000e-3              -3.53696714         -1.00000000e-3              -80.0350000         -1.00000000e-3              -81.9830000         
 118. 0.0                 31.807229067409548  1.00000000                  0.0                 1.00000000e-1            X -3.20773935e18      -11.7010000               X  6.41547870e18      -18.7000000               X  6.41547870e18      -1.00000000e-3              -3.53323991         -1.00000000e-3              -80.2350000         -1.00000000e-3              -82.1830000         
 119. 0.0                 31.90722906740955   1.00000000                  0.0                 1.00000000e-1            X -4.03830458e18      -11.8010000               X  8.07660916e18      -18.8000000               X  8.07660916e18      -1.00000000e-3              -3.52954439         -1.00000000e-3              -80.4350000         -1.00000000e-3              -82.3830000         
 120. 0.0                 32.00722906740955   1.00000000                  0.0                 1.00000000e-1            X -5.08392426e18      -11.9010000               X  1.01678485e19      -18.9000000               X  1.01678485e19      -1.00000000e-3              -3.52588005         -1.00000000e-3              -80.6350000         -1.00000000e-3              -82.5830000         
 121. 0.0                 32.10722906740955   1.00000000                  0.0                 1.00000000e-1            X -6.40028144e18      -12.0010000               X  1.28005629e19      -19.0000000               X  1.28005629e19      -1.00000000e-3              -3.52224638         -1.00000000e-3              -80.8350000         -1.00000000e-3              -82.7830000         
 122. 0.0                 32.20722906740956   1.00000000                  0.0                 1.00000000e-1            X -8.05747695e18      -12.1010000               X  1.61149539e19      -19.1000000               X  1.61149539e19      -1.00000000e-3              -3.51864285         -1.00000000e-3              -81.0350000         -1.00000000e-3              -82.9830000         
 123. 0.0                 32.30722906740955   1.00000000                  0.0                 1.00000000e-1            X -1.01437625e19      -12.2010000               X  2.02875250e19      -19.2000000               X  2.02875250e19      -1.00000000e-3              -3.51506898         -1.00000000e-3              -81.2350000         -1.00000000e-3              -83.1830000         
 124. 0.0                 32.40722906740955   1.00000000                  0.0                 1.00000000e-1            X -1.27702404e19      -12.3010000               X  2.55404807e19      -19.3000000               X  2.55404807e19      -1.00000000e-3              -3.51152428         -1.00000000e-3              -81.4350000         -1.00000000e-3              -83.3830000         
 125. 0.0                 32.507229067409554  1.00000000                  0.0                 1.00000000e-1            X -1.60767801e19      -12.4010000               X  3.21535602e19      -19.4000000               X  3.21535602e19      -1.00000000e-3              -3.50800827         -1.00000000e-3              -81.6350000         -1.00000000e-3              -83.5830000         
 126. 0.0                 32.607229067409556  1.00000000                  0.0                 1.00000000e-1            X -2.02394670e19      -12.5010000               X  4.04789340e19      -19.5000000               X  4.04789340e19      -1.00000000e-3              -3.50452051         -1.00000000e-3              -81.8350000         -1.00000000e-3              -83.7830000         
 127. 0.0                 32.707229067409564  1.00000000                  0.0                 1.00000000e-1            X -2.54799794e19      -12.6010000               X  5.09599587e19      -19.6000000               X  5.09599587e19      -1.00000000e-3              -3.50106052         -1.00000000e-3              -82.0350000         -1.00000000e-3              -83.9830000         
 128. 0.0                 32.80722906740956   1.00000000                  0.0                 1.00000000e-1            X -3.20773935e19      -12.7010000               X  6.41547870e19      -19.7000000               X  6.41547870e19      -1.00000000e-3              -3.49762789         -1.00000000e-3              -82.2350000         -1.00000000e-3              -84.1830000         
 129. 0.0                 32.90722906740956   1.00000000                  0.0                 1.00000000e-1            X -4.03830458e19      -12.8010000               X  8.07660916e19      -19.8000000               X  8.07660916e19      -1.00000000e-3              -3.49422218         -1.00000000e-3              -82.4350000         -1.00000000e-3              -84.3830000         
 130. 0.0                 33.00722906740956   1.00000000                  0.0                 1.00000000e-1            X -5.08392426e19      -12.9010000               X  1.01678485e20      -19.9000000               X  1.01678485e20      -1.00000000e-3              -3.49084296         -1.00000000e-3              -82.6350000         -1.00000000e-3              -84.5830000         
 131. 0.0                 33.10722906740957   1.00000000                  0.0                 1.00000000e-1            X -6.40028144e19      -13.0010000               X  1.28005629e20      -20.0000000               X  1.28005629e20      -1.00000000e-3              -3.48748984         -1.00000000e-3              -82.8350000         -1.00000000e-3              -84.7830000         
 132. 0.0                 33.207229067409564  1.00000000                  0.0                 1.00000000e-1            X -8.05747695e19      -13.1010000               X  1.61149539e20      -20.1000000               X  1.61149539e20      -1.00000000e-3              -3.48416240         -1.00000000e-3              -83.0350000         -1.00000000e-3              -84.9830000         
 133. 0.0                 33.307229067409565  1.00000000                  0.0                 1.00000000e-1            X -1.01437625e20      -13.2010000               X  2.02875250e20      -20.2000000               X  2.02875250e20      -1.00000000e-3              -3.48086027         -1.00000000e-3              -83.2350000         -1.00000000e-3              -85.1830000         
 134. 0.0                 33.40722906740957   1.00000000                  0.0                 1.00000000e-1            X -1.27702404e20      -13.3010000               X  2.55404807e20      -20.3000000               X  2.55404807e20      -1.00000000e-3              -3.47758306         -1.00000000e-3              -83.4350000         -1.00000000e-3              -85.3830000         
 135. 0.0                 33.50722906740957   1.00000000                  0.0                 1.00000000e-1            X -1.60767801e20      -13.4010000               X  3.21535602e20      -20.4000000               X  3.21535602e20      -1.00000000e-3              -3.47433039         -1.00000000e-3              -83.6350000         -1.00000000e-3              -85.5830000         
 136. 0.0                 33.60722906740957   1.00000000                  0.0                 1.00000000e-1            X -2.02394670e20      -13.5010000               X  4.04789340e20      -20.5000000               X  4.04789340e20      -1.00000000e-3              -3.47110190         -1.00000000e-3              -83.8350000         -1.00000000e-3              -85.7830000         
 137. 0.0                 33.70722906740958   1.00000000                  0.0                 1.00000000e-1            X -2.54799794e20      -13.6010000               X  5.09599587e20      -20.6000000               X  5.09599587e20      -1.00000000e-3              -3.46789723         -1.00000000e-3              -84.0350000         -1.00000000e-3              -85.9830000         
 138. 0.0                 33.80722906740958   1.00000000                  0.0                 1.00000000e-1            X -3.20773935e20      -13.7010000               X  6.41547870e20      -20.7000000               X  6.41547870e20      -1.00000000e-3              -3.46471604         -1.00000000e-3              -84.2350000         -1.00000000e-3              -86.1830000         
 139. 0.0                 33.907229067409574  1.00000000                  0.0                 1.00000000e-1            X -4.03830458e20      -13.8010000               X  8.07660916e20      -20.8000000               X  8.07660916e20      -1.00000000e-3              -3.46155798         -1.00000000e-3              -84.4350000         -1.00000000e-3              -86.3830000         
 140. 0.0                 34.007229067409575  1.00000000                  0.0                 1.00000000e-1            X -5.08392426e20      -13.9010000               X  1.01678485e21      -20.9000000               X  1.01678485e21      -1.00000000e-3              -3.45842272         -1.00000000e-3              -84.6350000         -1.00000000e-3              -86.5830000         
 141. 0.0                 34.107229067409584  1.00000000                  0.0                 1.00000000e-1            X -6.40028144e20      -14.0010000               X  1.28005629e21      -21.0000000               X  1.28005629e21      -1.00000000e-3              -3.45530993         -1.00000000e-3              -84.8350000         -1.00000000e-3              -86.7830000         
 142. 0.0                 34.20722906740958   1.00000000                  0.0                 1.00000000e-1            X -8.05747695e20      -14.1010000               X  1.61149539e21      -21.1000000               X  1.61149539e21      -1.00000000e-3              -3.45221929         -1.00000000e-3              -85.0350000         -1.00000000e-3              -86.9830000         
 143. 0.0                 34.30722906740959   1.00000000                  0.0                 1.00000000e-1            X -1.01437625e21      -14.2010000               X  2.02875250e21      -21.2000000               X  2.02875250e21      -1.00000000e-3              -3.44915049         -1.00000000e-3              -85.2350000         -1.00000000e-3              -87.1830000         
 144. 0.0                 34.40722906740959   1.00000000                  0.0                 1.00000000e-1            X -1.27702404e21      -14.3010000               X  2.55404807e21      -21.3000000               X  2.55404807e21      -1.00000000e-3              -3.44610323         -1.00000000e-3              -85.4350000         -1.00000000e-3              -87.3830000         
 145. 0.0                 34.50722906740958   1.00000000                  0.0                 1.00000000e-1            X -1.60767801e21      -14.4010000               X  3.21535602e21      -21.4000000               X  3.21535602e21      -1.00000000e-3              -3.44307719         -1.00000000e-3              -85.6350000         -1.00000000e-3              -87.5830000         
 146. 0.0                 34.60722906740959   1.00000000                  0.0                 1.00000000e-1            X -2.02394670e21      -14.5010000               X  4.04789340e21      -21.5000000               X  4.04789340e21      -1.00000000e-3              -3.44007210         -1.00000000e-3              -85.8350000         -1.00000000e-3              -87.7830000         
 147. 0.0                 34.707229067409585  1.00000000                  0.0                 1.00000000e-1            X -2.54799794e21      -14.6010000               X  5.09599587e21      -21.6000000               X  5.09599587e21      -1.00000000e-3              -3.43708766         -1.00000000e-3              -86.0350000         -1.00000000e-3              -87.9830000         
 148. 0.0                 34.80722906740959   1.00000000                  0.0                 1.00000000e-1            X -3.20773935e21      -14.7010000               X  6.41547870e21      -21.7000000               X  6.41547870e21      -1.00000000e-3              -3.43412358         -1.00000000e-3              -86.2350000         -1.00000000e-3              -88.1830000         
 149. 0.0                 34.907229067409595  1.00000000                  0.0                 1.00000000e-1            X -4.03830458e21      -14.8010000               X  8.07660916e21      -21.8000000               X  8.07660916e21      -1.00000000e-3              -3.43117960         -1.00000000e-3              -86.4350000         -1.00000000e-3              -88.3830000         
 150. 0.0                 35.00722906740959   1.00000000                  0.0                 1.00000000e-1            X -5.08392426e21      -14.9010000               X  1.01678485e22      -21.9000000               X  1.01678485e22      -1.00000000e-3              -3.42825544         -1.00000000e-3              -86.6350000         -1.00000000e-3              -88.5830000         
 151. 0.0                 35.10722906740959   1.00000000                  0.0                 1.00000000e-1            X -6.40028144e21      -15.0010000               X  1.28005629e22      -22.0000000               X  1.28005629e22      -1.00000000e-3              -3.42535084         -1.00000000e-3              -86.8350000         -1.00000000e-3              -88.7830000         
 152. 0.0                 35.20722906740959   1.00000000                  0.0                 1.00000000e-1            X -8.05747695e21      -15.1010000               X  1.61149539e22      -22.1000000               X  1.61149539e22      -1.00000000e-3              -3.42246553         -1.00000000e-3              -87.0350000         -1.00000000e-3              -88.9830000         
 153. 0.0                 35.307229067409594  1.00000000                  0.0                 1.00000000e-1            X -1.01437625e22      -15.2010000               X  2.02875250e22      -22.2000000               X  2.02875250e22      -1.00000000e-3              -3.41959927         -1.00000000e-3              -87.2350000         -1.00000000e-3              -89.1830000         
 154. 0.0                 35.4072290674096    1.00000000                  0.0                 1.00000000e-1            X -1.27702404e22      -15.3010000               X  2.55404807e22      -22.3000000               X  2.55404807e22      -1.00000000e-3              -3.41675180         -1.00000000e-3              -87.4350000         -1.00000000e-3              -89.3830000         
 155. 0.0                 35.507229067409604  1.00000000                  0.0                 1.00000000e-1            X -1.60767801e22      -15.4010000               X  3.21535602e22      -22.4000000               X  3.21535602e22      -1.00000000e-3              -3.41392288         -1.00000000e-3              -87.6350000         -1.00000000e-3              -89.5830000         
 156. 0.0                 35.6072290674096    1.00000000                  0.0                 1.00000000e-1            X -2.02394670e22      -15.5010000               X  4.04789340e22      -22.5000000               X  4.04789340e22      -1.00000000e-3              -3.41111227         -1.00000000e-3              -87.8350000         -1.00000000e-3              -89.7830000         
 157. 0.0                 35.70722906740961   1.00000000                  0.0                 1.00000000e-1            X -2.54799794e22      -15.6010000               X  5.09599587e22      -22.6000000               X  5.09599587e22      -1.00000000e-3              -3.40831973         -1.00000000e-3              -88.0350000         -1.00000000e-3              -89.9830000         
 158. 0.0                 35.80722906740961   1.00000000                  0.0                 1.00000000e-1            X -3.20773935e22      -15.7010000               X  6.41547870e22      -22.7000000               X  6.41547870e22      -1.00000000e-3              -3.40554503         -1.00000000e-3              -88.2350000         -1.00000000e-3              -90.1830000         
 159. 0.0                 35.9072290674096    1.00000000                  0.0                 1.00000000e-1            X -4.03830458e22      -15.8010000               X  8.07660916e22      -22.8000000               X  8.07660916e22      -1.00000000e-3              -3.40278794         -1.00000000e-3              -88.4350000         -1.00000000e-3              -90.3830000         
 160. 0.0                 36.00722906740961   1.00000000                  0.0                 1.00000000e-1            X -5.08392426e22      -15.9010000               X  1.01678485e23      -22.9000000               X  1.01678485e23      -1.00000000e-3              -3.40004825         -1.00000000e-3              -88.6350000         -1.00000000e-3              -90.5830000         
 161. 0.0                 36.107229067409605  1.00000000                  0.0                 1.00000000e-1            X -6.40028144e22      -16.0010000               X  1.28005629e23      -23.0000000               X  1.28005629e23      -1.00000000e-3              -3.39732573         -1.00000000e-3              -88.8350000         -1.00000000e-3              -90.7830000         
 162. 0.0                 36.207229067409614  1.00000000                  0.0                 1.00000000e-1            X -8.05747695e22      -16.1010000               X  1.61149539e23      -23.1000000               X  1.61149539e23      -1.00000000e-3              -3.39462018         -1.00000000e-3              -89.0350000         -1.00000000e-3              -90.9830000         
 163. 0.0                 36.30722906740961   1.00000000                  0.0                 1.00000000e-1            X -1.01437625e23      -16.2010000               X  2.02875250e23      -23.2000000               X  2.02875250e23      -1.00000000e-3              -3.39193137         -1.00000000e-3              -89.2350000         -1.00000000e-3              -91.1830000         
 164. 0.0                 36.40722906740961   1.00000000                  0.0                 1.00000000e-1            X -1.27702404e23      -16.3010000               X  2.55404807e23      -23.3000000               X  2.55404807e23      -1.00000000e-3              -3.38925911         -1.00000000e-3              -89.4350000         -1.00000000e-3              -91.3830000         
 165. 0.0                 36.50722906740961   1.00000000                  0.0                 1.00000000e-1            X -1.60767801e23      -16.4010000               X  3.21535602e23      -23.4000000               X  3.21535602e23      -1.00000000e-3              -3.38660319         -1.00000000e-3              -89.6350000         -1.00000000e-3              -91.5830000         
 166. 0.0                 36.60722906740962   1.00000000                  0.0                 1.00000000e-1            X -2.02394670e23      -16.5010000               X  4.04789340e23      -23.5000000               X  4.04789340e23      -1.00000000e-3              -3.38396342         -1.00000000e-3              -89.8350000         -1.00000000e-3              -91.7830000         
 167. 0.0                 36.707229067409614  1.00000000                  0.0                 1.00000000e-1            X -2.54799794e23      -16.6010000               X  5.09599587e23      -23.6000000               X  5.09599587e23      -1.00000000e-3              -3.38133959         -1.00000000e-3              -90.0350000         -1.00000000e-3              -91.9830000         
 168. 0.0                 36.807229067409615  1.00000000                  0.0                 1.00000000e-1            X -3.20773935e23      -16.7010000               X  6.41547870e23      -23.7000000               X  6.41547870e23      -1.00000000e-3              -3.37873152         -1.00000000e-3              -90.2350000         -1.00000000e-3              -92.1830000         
 169. 0.0                 36.90722906740962   1.00000000                  0.0                 1.00000000e-1            X -4.03830458e23      -16.8010000               X  8.07660916e23      -23.8000000               X  8.07660916e23      -1.00000000e-3              -3.37613902         -1.00000000e-3              -90.4350000         -1.00000000e-3              -92.3830000         
 170. 0.0                 37.00722906740962   1.00000000                  0.0                 1.00000000e-1            X -5.08392426e23      -16.9010000               X  1.01678485e24      -23.9000000               X  1.01678485e24      -1.00000000e-3              -3.37356190         -1.00000000e-3              -90.6350000         -1.00000000e-3              -92.5830000         
 171. 0.0                 37.10722906740963   1.00000000                  0.0                 1.00000000e-1            X -6.40028144e23      -17.0010000               X  1.28005629e24      -24.0000000               X  1.28005629e24      -1.00000000e-3              -3.37099999         -1.00000000e-3              -90.8350000         -1.00000000e-3              -92.7830000         
 172. 0.0                 37.20722906740962   1.00000000                  0.0                 1.00000000e-1            X -8.05747695e23      -17.1010000               X  1.61149539e24      -24.1000000               X  1.61149539e24      -1.00000000e-3              -3.36845310         -1.00000000e-3              -91.0350000         -1.00000000e-3              -92.9830000         
 173. 0.0                 37.30722906740963   1.00000000                  0.0                 1.00000000e-1            X -1.01437625e24      -17.2010000               X  2.02875250e24      -24.2000000               X  2.02875250e24      -1.00000000e-3              -3.36592106         -1.00000000e-3              -91.2350000         -1.00000000e-3              -93.1830000         
 174. 0.0                 37.407229067409624  1.00000000                  0.0                 1.00000000e-1            X -1.27702404e24      -17.3010000               X  2.55404807e24      -24.3000000               X  2.55404807e24      -1.00000000e-3              -3.36340369         -1.00000000e-3              -91.4350000         -1.00000000e-3              -93.3830000         
 175. 0.0                 37.507229067409625  1.00000000                  0.0                 1.00000000e-1            X -1.60767801e24      -17.4010000               X  3.21535602e24      -24.4000000               X  3.21535602e24      -1.00000000e-3              -3.36090084         -1.00000000e-3              -91.6350000         -1.00000000e-3              -93.5830000         
 176. 0.0                 37.607229067409634  1.00000000                  0.0                 1.00000000e-1            X -2.02394670e24      -17.5010000               X  4.04789340e24      -24.5000000               X  4.04789340e24      -1.00000000e-3              -3.35841232         -1.00000000e-3              -91.8350000         -1.00000000e-3              -93.7830000         
 177. 0.0                 37.707229067409635  1.00000000                  0.0                 1.00000000e-1            X -2.54799794e24      -17.6010000               X  5.09599587e24      -24.6000000               X  5.09599587e24      -1.00000000e-3              -3.35593798         -1.00000000e-3              -92.0350000         -1.00000000e-3              -93.9830000         
 178. 0.0                 37.80722906740963   1.00000000                  0.0                 1.00000000e-1            X -3.20773935e24      -17.7010000               X  6.41547870e24      -24.7000000               X  6.41547870e24      -1.00000000e-3              -3.35347766         -1.00000000e-3              -92.2350000         -1.00000000e-3              -94.1830000         
 179. 0.0                 37.90722906740963   1.00000000                  0.0                 1.00000000e-1            X -4.03830458e24      -17.8010000               X  8.07660916e24      -24.8000000               X  8.07660916e24      -1.00000000e-3              -3.35103120         -1.00000000e-3              -92.4350000         -1.00000000e-3              -94.3830000         
 180. 0.0                 38.00722906740963   1.00000000                  0.0                 1.00000000e-1            X -5.08392426e24      -17.9010000               X  1.01678485e25      -24.9000000               X  1.01678485e25      -1.00000000e-3              -3.34859845         -1.00000000e-3              -92.6350000         -1.00000000e-3              -94.5830000         
 181. 0.0                 38.107229067409634  1.00000000                  0.0                 1.00000000e-1            X -6.40028144e24      -18.0010000               X  1.28005629e25      -25.0000000               X  1.28005629e25      -1.00000000e-3              -3.34617924         -1.00000000e-3              -92.8350000         -1.00000000e-3              -94.7830000         
 182. 0.0                 38.207229067409635  1.00000000                  0.0                 1.00000000e-1            X -8.05747695e24      -18.1010000               X  1.61149539e25      -25.1000000               X  1.61149539e25      -1.00000000e-3              -3.34377344         -1.00000000e-3              -93.0350000         -1.00000000e-3              -94.9830000         
 183. 0.0                 38.307229067409644  1.00000000                  0.0                 1.00000000e-1            X -1.01437625e25      -18.2010000               X  2.02875250e25      -25.2000000               X  2.02875250e25      -1.00000000e-3              -3.34138089         -1.00000000e-3              -93.2350000         -1.00000000e-3              -95.1830000         
 184. 0.0                 38.407229067409645  1.00000000                  0.0                 1.00000000e-1            X -1.27702404e25      -18.3010000               X  2.55404807e25      -25.3000000               X  2.55404807e25      -1.00000000e-3              -3.33900145         -1.00000000e-3              -93.4350000         -1.00000000e-3              -95.3830000         
 185. 0.0                 38.50722906740964   1.00000000                  0.0                 1.00000000e-1            X -1.60767801e25      -18.4010000               X  3.21535602e25      -25.4000000               X  3.21535602e25      -1.00000000e-3              -3.33663497         -1.00000000e-3              -93.6350000         -1.00000000e-3              -95.5830000         
 186. 0.0                 38.60722906740964   1.00000000                  0.0                 1.00000000e-1            X -2.02394670e25      -18.5010000               X  4.04789340e25      -25.5000000               X  4.04789340e25      -1.00000000e-3              -3.33428132         -1.00000000e-3              -93.8350000         -1.00000000e-3              -95.7830000         
 187. 0.0                 38.70722906740965   1.00000000                  0.0                 1.00000000e-1            X -2.54799794e25      -18.6010000               X  5.09599587e25      -25.6000000               X  5.09599587e25      -1.00000000e-3              -3.33194036         -1.00000000e-3              -94.0350000         -1.00000000e-3              -95.9830000         
 188. 0.0                 38.807229067409644  1.00000000                  0.0                 1.00000000e-1            X -3.20773935e25      -18.7010000               X  6.41547870e25      -25.7000000               X  6.41547870e25      -1.00000000e-3              -3.32961195         -1.00000000e-3              -94.2350000         -1.00000000e-3              -96.1830000         
 189. 0.0                 38.907229067409645  1.00000000                  0.0                 1.00000000e-1            X -4.03830458e25      -18.8010000               X  8.07660916e25      -25.8000000               X  8.07660916e25      -1.00000000e-3              -3.32729595         -1.00000000e-3              -94.4350000         -1.00000000e-3              -96.3830000         
 190. 0.0                 39.00722906740965   1.00000000                  0.0                 1.00000000e-1            X -5.08392426e25      -18.9010000               X  1.01678485e26      -25.9000000               X  1.01678485e26      -1.00000000e-3              -3.32499224         -1.00000000e-3              -94.6350000         -1.00000000e-3              -96.5830000         
 191. 0.0                 39.10722906740965   1.00000000                  0.0                 1.00000000e-1            X -6.40028144e25      -19.0010000               X  1.28005629e26      -26.0000000               X  1.28005629e26      -1.00000000e-3              -3.32270069         -1.00000000e-3              -94.8350000         -1.00000000e-3              -96.7830000         
 192. 0.0                 39.20722906740965   1.00000000                  0.0                 1.00000000e-1            X -8.05747695e25      -19.1010000               X  1.61149539e26      -26.1000000               X  1.61149539e26      -1.00000000e-3              -3.32042116         -1.00000000e-3              -95.0350000         -1.00000000e-3              -96.9830000         
 193. 0.0                 39.30722906740966   1.00000000                  0.0                 1.00000000e-1            X -1.01437625e26      -19.2010000               X  2.02875250e26      -26.2000000               X  2.02875250e26      -1.00000000e-3              -3.31815353         -1.00000000e-3              -95.2350000         -1.00000000e-3              -97.1830000         
 194. 0.0                 39.40722906740965   1.00000000                  0.0                 1.00000000e-1            X -1.27702404e26      -19.3010000               X  2.55404807e26      -26.3000000               X  2.55404807e26      -1.00000000e-3              -3.31589769         -1.00000000e-3              -95.4350000         -1.00000000e-3              -97.3830000         
 195. 0.0                 39.507229067409654  1.00000000                  0.0                 1.00000000e-1            X -1.60767801e26      -19.4010000               X  3.21535602e26      -26.4000000               X  3.21535602e26      -1.00000000e-3              -3.31365350         -1.00000000e-3              -95.6350000         -1.00000000e-3              -97.5830000         
 196. 0.0                 39.60722906740966   1.00000000                  0.0                 1.00000000e-1            X -2.02394670e26      -19.5010000               X  4.04789340e26      -26.5000000               X  4.04789340e26      -1.00000000e-3              -3.31142085         -1.00000000e-3              -95.8350000         -1.00000000e-3              -97.7830000         
 197. 0.0                 39.707229067409656  1.00000000                  0.0                 1.00000000e-1            X -2.54799794e26      -19.6010000               X  5.09599587e26      -26.6000000               X  5.09599587e26      -1.00000000e-3              -3.30919962         -1.00000000e-3              -96.0350000         -1.00000000e-3              -97.9830000         
 198. 0.0                 39.807229067409665  1.00000000                  0.0                 1.00000000e-1            X -3.20773935e26      -19.7010000               X  6.41547870e26      -26.7000000               X  6.41547870e26      -1.00000000e-3              -3.30698969         -1.00000000e-3              -96.2350000         -1.00000000e-3              -98.1830000         
 199. 0.0                 39.90722906740966   1.00000000                  0.0                 1.00000000e-1            X -4.03830458e26      -19.8010000               X  8.07660916e26      -26.8000000               X  8.07660916e26      -1.00000000e-3              -3.30479094         -1.00000000e-3              -96.4350000         -1.00000000e-3              -98.3830000         
 200. 0.0                 40.00722906740967   1.00000000                  0.0                 1.00000000e-1            X -5.08392426e26      -19.9010000               X  1.01678485e27      -26.9000000               X  1.01678485e27      -1.00000000e-3              -3.30260328         -1.00000000e-3              -96.6350000         -1.00000000e-3              -98.5830000         
 201. 0.0                 40.10722906740966   1.00000000                  0.0                 1.00000000e-1            X -6.40028144e26      -20.0010000               X  1.28005629e27      -27.0000000               X  1.28005629e27      -1.00000000e-3              -3.30042658         -1.00000000e-3              -96.8350000         -1.00000000e-3              -98.7830000         
 202. 0.0                 40.20722906740966   1.00000000                  0.0                 1.00000000e-1            X -8.05747695e26      -20.1010000               X  1.61149539e27      -27.1000000               X  1.61149539e27      -1.00000000e-3              -3.29826073         -1.00000000e-3              -97.0350000         -1.00000000e-3              -98.9830000         
 203. 0.0                 40.307229067409665  1.00000000                  0.0                 1.00000000e-1            X -1.01437625e27      -20.2010000               X  2.02875250e27      -27.2000000               X  2.02875250e27      -1.00000000e-3              -3.29610563         -1.00000000e-3              -97.2350000         -1.00000000e-3              -99.1830000         
 204. 0.0                 40.407229067409666  1.00000000                  0.0                 1.00000000e-1            X -1.27702404e27      -20.3010000               X  2.55404807e27      -27.3000000               X  2.55404807e27      -1.00000000e-3              -3.29396118         -1.00000000e-3              -97.4350000         -1.00000000e-3              -99.3830000         
 205. 0.0                 40.50722906740967   1.00000000                  0.0                 1.00000000e-1            X -1.60767801e27      -20.4010000               X  3.21535602e27      -27.4000000               X  3.21535602e27      -1.00000000e-3              -3.29182726         -1.00000000e-3              -97.6350000         -1.00000000e-3              -99.5830000         
 206. 0.0                 40.607229067409676  1.00000000                  0.0                 1.00000000e-1            X -2.02394670e27      -20.5010000               X  4.04789340e27      -27.5000000               X  4.04789340e27      -1.00000000e-3              -3.28970377         -1.00000000e-3              -97.8350000         -1.00000000e-3              -99.7830000         
 207. 0.0                 40.70722906740967   1.00000000                  0.0                 1.00000000e-1            X -2.54799794e27      -20.6010000               X  5.09599587e27      -27.6000000               X  5.09599587e27      -1.00000000e-3              -3.28759062         -1.00000000e-3              -98.0350000         -1.00000000e-3              -99.9830000         
 208. 0.0                 40.80722906740968   1.00000000                  0.0                 1.00000000e-1            X -3.20773935e27      -20.7010000               X  6.41547870e27      -27.7000000               X  6.41547870e27      -1.00000000e-3              -3.28548770         -1.00000000e-3              -98.2350000         -1.00000000e-3              -1.00183000e2       
 209. 0.0                 40.90722906740967   1.00000000                  0.0                 1.00000000e-1            X -4.03830458e27      -20.8010000               X  8.07660916e27      -27.8000000               X  8.07660916e27      -1.00000000e-3              -3.28339491         -1.00000000e-3              -98.4350000         -1.00000000e-3              -1.00383000e2       
 210. 0.0                 41.007229067409675  1.00000000                  0.0                 1.00000000e-1            X -5.08392426e27      -20.9010000               X  1.01678485e28      -27.9000000               X  1.01678485e28      -1.00000000e-3              -3.28131216         -1.00000000e-3              -98.6350000         -1.00000000e-3              -1.00583000e2       
 211. 0.0                 41.107229067409676  1.00000000                  0.0                 1.00000000e-1            X -6.40028144e27      -21.0010000               X  1.28005629e28      -28.0000000               X  1.28005629e28      -1.00000000e-3              -3.27923935         -1.00000000e-3              -98.8350000         -1.00000000e-3              -1.00783000e2       
 212. 0.0                 41.207229067409685  1.00000000                  0.0                 1.00000000e-1            X -8.05747695e27      -21.1010000               X  1.61149539e28      -28.1000000               X  1.61149539e28      -1.00000000e-3              -3.27717638         -1.00000000e-3              -99.0350000         -1.00000000e-3              -1.00983000e2       
 213. 0.0                 41.30722906740968   1.00000000                  0.0                 1.00000000e-1            X -1.01437625e28      -21.2010000               X  2.02875250e28      -28.2000000               X  2.02875250e28      -1.00000000e-3              -3.27512317         -1.00000000e-3              -99.2350000         -1.00000000e-3              -1.01183000e2       
 214. 0.0                 41.40722906740969   1.00000000                  0.0                 1.00000000e-1            X -1.27702404e28      -21.3010000               X  2.55404807e28      -28.3000000               X  2.55404807e28      -1.00000000e-3              -3.27307962         -1.00000000e-3              -99.4350000         -1.00000000e-3              -1.01383000e2       
 215. 0.0                 41.50722906740968   1.00000000                  0.0                 1.00000000e-1            X -1.60767801e28      -21.4010000               X  3.21535602e28      -28.4000000               X  3.21535602e28      -1.00000000e-3              -3.27104564         -1.00000000e-3              -99.6350000         -1.00000000e-3              -1.01583000e2       
 216. 0.0                 41.60722906740969   1.00000000                  0.0                 1.00000000e-1            X -2.02394670e28      -21.5010000               X  4.04789340e28      -28.5000000               X  4.04789340e28      -1.00000000e-3              -3.26902114         -1.00000000e-3              -99.8350000         -1.00000000e-3              -1.01783000e2       
 217. 0.0                 41.707229067409685  1.00000000                  0.0                 1.00000000e-1            X -2.54799794e28      -21.6010000               X  5.09599587e28      -28.6000000               X  5.09599587e28      -1.00000000e-3              -3.26700604         -1.00000000e-3              -1.00035000e2       -1.00000000e-3              -1.01983000e2       
 218. 0.0                 41.80722906740969   1.00000000                  0.0                 1.00000000e-1            X -3.20773935e28      -21.7010000               X  6.41547870e28      -28.7000000               X  6.41547870e28      -1.00000000e-3              -3.26500024         -1.00000000e-3              -1.00235000e2       -1.00000000e-3              -1.02183000e2       
 219. 0.0                 41.90722906740969   1.00000000                  0.0                 1.00000000e-1            X -4.03830458e28      -21.8010000               X  8.07660916e28      -28.8000000               X  8.07660916e28      -1.00000000e-3              -3.26300366         -1.00000000e-3              -1.00435000e2       -1.00000000e-3              -1.02383000e2       
 220. 0.0                 42.007229067409696  1.00000000                  0.0                 1.00000000e-1            X -5.08392426e28      -21.9010000               X  1.01678485e29      -28.9000000               X  1.01678485e29      -1.00000000e-3              -3.26101623         -1.00000000e-3              -1.00635000e2       -1.00000000e-3              -1.02583000e2       
 221. 0.0                 42.1072290674097    1.00000000                  0.0                 1.00000000e-1            X -6.40028144e28      -22.0010000               X  1.28005629e29      -29.0000000               X  1.28005629e29      -1.00000000e-3              -3.25903784         -1.00000000e-3              -1.00835000e2       -1.00000000e-3              -1.02783000e2       
 222. 0.0                 42.2072290674097    1.00000000                  0.0                 1.00000000e-1            X -8.05747695e28      -22.1010000               X  1.61149539e29      -29.1000000               X  1.61149539e29      -1.00000000e-3              -3.25706843         -1.00000000e-3              -1.01035000e2       -1.00000000e-3              -1.02983000e2       
 223. 0.0                 42.30722906740969   1.00000000                  0.0                 1.00000000e-1            X -1.01437625e29      -22.2010000               X  2.02875250e29      -29.2000000               X  2.02875250e29      -1.00000000e-3              -3.25510790         -1.00000000e-3              -1.01235000e2       -1.00000000e-3              -1.03183000e2       
 224. 0.0                 42.407229067409695  1.00000000                  0.0                 1.00000000e-1            X -1.27702404e29      -22.3010000               X  2.55404807e29      -29.3000000               X  2.55404807e29      -1.00000000e-3              -3.25315619         -1.00000000e-3              -1.01435000e2       -1.00000000e-3              -1.03383000e2       
 225. 0.0                 42.5072290674097    1.00000000                  0.0                 1.00000000e-1            X -1.60767801e29      -22.4010000               X  3.21535602e29      -29.4000000               X  3.21535602e29      -1.00000000e-3              -3.25121321         -1.00000000e-3              -1.01635000e2       -1.00000000e-3              -1.03583000e2       
 226. 0.0                 42.6072290674097    1.00000000                  0.0                 1.00000000e-1            X -2.02394670e29      -22.5010000               X  4.04789340e29      -29.5000000               X  4.04789340e29      -1.00000000e-3              -3.24927888         -1.00000000e-3              -1.01835000e2       -1.00000000e-3              -1.03783000e2       
 227. 0.0                 42.7072290674097    1.00000000                  0.0                 1.00000000e-1            X -2.54799794e29      -22.6010000               X  5.09599587e29      -29.6000000               X  5.09599587e29      -1.00000000e-3              -3.24735313         -1.00000000e-3              -1.02035000e2       -1.00000000e-3              -1.03983000e2       
 228. 0.0                 42.8072290674097    1.00000000                  0.0                 1.00000000e-1            X -3.20773935e29      -22.7010000               X  6.41547870e29      -29.7000000               X  6.41547870e29      -1.00000000e-3              -3.24543588         -1.00000000e-3              -1.02235000e2       -1.00000000e-3              -1.04183000e2       
 229. 0.0                 42.9072290674097    1.00000000                  0.0                 1.00000000e-1            X -4.03830458e29      -22.8010000               X  8.07660916e29      -29.8000000               X  8.07660916e29      -1.00000000e-3              -3.24352706         -1.00000000e-3              -1.02435000e2       -1.00000000e-3              -1.04383000e2       
 230. 0.0                 43.00722906740971   1.00000000                  0.0                 1.00000000e-1            X -5.08392426e29      -22.9010000               X  1.01678485e30      -29.9000000               X  1.01678485e30      -1.00000000e-3              -3.24162659         -1.00000000e-3              -1.02635000e2       -1.00000000e-3              -1.04583000e2       
 231. 0.0                 43.10722906740971   1.00000000                  0.0                 1.00000000e-1            X -6.40028144e29      -23.0010000               X  1.28005629e30      -30.0000000               X  1.28005629e30      -1.00000000e-3              -3.23973440         -1.00000000e-3              -1.02835000e2       -1.00000000e-3              -1.04783000e2       
 232. 0.0                 43.207229067409706  1.00000000                  0.0                 1.00000000e-1            X -8.05747695e29      -23.1010000               X  1.61149539e30      -30.1000000               X  1.61149539e30      -1.00000000e-3              -3.23785042         -1.00000000e-3              -1.03035000e2       -1.00000000e-3              -1.04983000e2       
 233. 0.0                 43.307229067409715  1.00000000                  0.0                 1.00000000e-1            X -1.01437625e30      -23.2010000               X  2.02875250e30      -30.2000000               X  2.02875250e30      -1.00000000e-3              -3.23597458         -1.00000000e-3              -1.03235000e2       -1.00000000e-3              -1.05183000e2       
 234. 0.0                 43.40722906740971   1.00000000                  0.0                 1.00000000e-1            X -1.27702404e30      -23.3010000               X  2.55404807e30      -30.3000000               X  2.55404807e30      -1.00000000e-3              -3.23410680         -1.00000000e-3              -1.03435000e2       -1.00000000e-3              -1.05383000e2       
 235. 0.0                 43.50722906740971   1.00000000                  0.0                 1.00000000e-1            X -1.60767801e30      -23.4010000               X  3.21535602e30      -30.4000000               X  3.21535602e30      -1.00000000e-3              -3.23224702         -1.00000000e-3              -1.03635000e2       -1.00000000e-3              -1.05583000e2       
 236. 0.0                 43.60722906740972   1.00000000                  0.0                 1.00000000e-1            X -2.02394670e30      -23.5010000               X  4.04789340e30      -30.5000000               X  4.04789340e30      -1.00000000e-3              -3.23039518         -1.00000000e-3              -1.03835000e2       -1.00000000e-3              -1.05783000e2       
 237. 0.0                 43.70722906740971   1.00000000                  0.0                 1.00000000e-1            X -2.54799794e30      -23.6010000               X  5.09599587e30      -30.6000000               X  5.09599587e30      -1.00000000e-3              -3.22855119         -1.00000000e-3              -1.04035000e2       -1.00000000e-3              -1.05983000e2       
 238. 0.0                 43.80722906740972   1.00000000                  0.0                 1.00000000e-1            X -3.20773935e30      -23.7010000               X  6.41547870e30      -30.7000000               X  6.41547870e30      -1.00000000e-3              -3.22671501         -1.00000000e-3              -1.04235000e2       -1.00000000e-3              -1.06183000e2       
 239. 0.0                 43.907229067409716  1.00000000                  0.0                 1.00000000e-1            X -4.03830458e30      -23.8010000               X  8.07660916e30      -30.8000000               X  8.07660916e30      -1.00000000e-3              -3.22488655         -1.00000000e-3              -1.04435000e2       -1.00000000e-3              -1.06383000e2       
 240. 0.0                 44.00722906740972   1.00000000                  0.0                 1.00000000e-1            X -5.08392426e30      -23.9010000               X  1.01678485e31      -30.9000000               X  1.01678485e31      -1.00000000e-3              -3.22306576         -1.00000000e-3              -1.04635000e2       -1.00000000e-3              -1.06583000e2       
 241. 0.0                 44.10722906740972   1.00000000                  0.0                 1.00000000e-1            X -6.40028144e30      -24.0010000               X  1.28005629e31      -31.0000000               X  1.28005629e31      -1.00000000e-3              -3.22125257         -1.00000000e-3              -1.04835000e2       -1.00000000e-3              -1.06783000e2       
 242. 0.0                 44.20722906740972   1.00000000                  0.0                 1.00000000e-1            X -8.05747695e30      -24.1010000               X  1.61149539e31      -31.1000000               X  1.61149539e31      -1.00000000e-3              -3.21944692         -1.00000000e-3              -1.05035000e2       -1.00000000e-3              -1.06983000e2       
 243. 0.0                 44.30722906740972   1.00000000                  0.0                 1.00000000e-1            X -1.01437625e31      -24.2010000               X  2.02875250e31      -31.2000000               X  2.02875250e31      -1.00000000e-3              -3.21764874         -1.00000000e-3              -1.05235000e2       -1.00000000e-3              -1.07183000e2       
 244. 0.0                 44.40722906740972   1.00000000                  0.0                 1.00000000e-1            X -1.27702404e31      -24.3010000               X  2.55404807e31      -31.3000000               X  2.55404807e31      -1.00000000e-3              -3.21585798         -1.00000000e-3              -1.05435000e2       -1.00000000e-3              -1.07383000e2       
 245. 0.0                 44.507229067409725  1.00000000                  0.0                 1.00000000e-1            X -1.60767801e31      -24.4010000               X  3.21535602e31      -31.4000000               X  3.21535602e31      -1.00000000e-3              -3.21407458         -1.00000000e-3              -1.05635000e2       -1.00000000e-3              -1.07583000e2       
 246. 0.0                 44.607229067409726  1.00000000                  0.0                 1.00000000e-1            X -2.02394670e31      -24.5010000               X  4.04789340e31      -31.5000000               X  4.04789340e31      -1.00000000e-3              -3.21229846         -1.00000000e-3              -1.05835000e2       -1.00000000e-3              -1.07783000e2       
 247. 0.0                 44.70722906740973   1.00000000                  0.0                 1.00000000e-1            X -2.54799794e31      -24.6010000               X  5.09599587e31      -31.6000000               X  5.09599587e31      -1.00000000e-3              -3.21052959         -1.00000000e-3              -1.06035000e2       -1.00000000e-3              -1.07983000e2       
 248. 0.0                 44.807229067409736  1.00000000                  0.0                 1.00000000e-1            X -3.20773935e31      -24.7010000               X  6.41547870e31      -31.7000000               X  6.41547870e31      -1.00000000e-3              -3.20876788         -1.00000000e-3              -1.06235000e2       -1.00000000e-3              -1.08183000e2       
 249. 0.0                 44.90722906740973   1.00000000                  0.0                 1.00000000e-1            X -4.03830458e31      -24.8010000               X  8.07660916e31      -31.8000000               X  8.07660916e31      -1.00000000e-3              -3.20701330         -1.00000000e-3              -1.06435000e2       -1.00000000e-3              -1.08383000e2       
 250. 0.0                 45.00722906740974   1.00000000                  0.0                 1.00000000e-1            X -5.08392426e31      -24.9010000               X  1.01678485e32      -31.9000000               X  1.01678485e32      -1.00000000e-3              -3.20526577         -1.00000000e-3              -1.06635000e2       -1.00000000e-3              -1.08583000e2       
 251. 0.0                 45.10722906740973   1.00000000                  0.0                 1.00000000e-1            X -6.40028144e31      -25.0010000               X  1.28005629e32      -32.0000000               X  1.28005629e32      -1.00000000e-3              -3.20352525         -1.00000000e-3              -1.06835000e2       -1.00000000e-3              -1.08783000e2       
 252. 0.0                 45.207229067409735  1.00000000                  0.0                 1.00000000e-1            X -8.05747695e31      -25.1010000               X  1.61149539e32      -32.1000000               X  1.61149539e32      -1.00000000e-3              -3.20179167         -1.00000000e-3              -1.07035000e2       -1.00000000e-3              -1.08983000e2       
 253. 0.0                 45.307229067409736  1.00000000                  0.0                 1.00000000e-1            X -1.01437625e32      -25.2010000               X  2.02875250e32      -32.2000000               X  2.02875250e32      -1.00000000e-3              -3.20006499         -1.00000000e-3              -1.07235000e2       -1.00000000e-3              -1.09183000e2       
 254. 0.0                 45.40722906740974   1.00000000                  0.0                 1.00000000e-1            X -1.27702404e32      -25.3010000               X  2.55404807e32      -32.3000000               X  2.55404807e32      -1.00000000e-3              -3.19834515         -1.00000000e-3              -1.07435000e2       -1.00000000e-3              -1.09383000e2       
 255. 0.0                 45.50722906740974   1.00000000                  0.0                 1.00000000e-1            X -1.60767801e32      -25.4010000               X  3.21535602e32      -32.4000000               X  3.21535602e32      -1.00000000e-3              -3.19663209         -1.00000000e-3              -1.07635000e2       -1.00000000e-3              -1.09583000e2       
 256. 0.0                 45.60722906740974   1.00000000                  0.0                 1.00000000e-1            X -2.02394670e32      -25.5010000               X  4.04789340e32      -32.5000000               X  4.04789340e32      -1.00000000e-3              -3.19492576         -1.00000000e-3              -1.07835000e2       -1.00000000e-3              -1.09783000e2       
 257. 0.0                 45.70722906740974   1.00000000                  0.0                 1.00000000e-1            X -2.54799794e32      -25.6010000               X  5.09599587e32      -32.6000000               X  5.09599587e32      -1.00000000e-3              -3.19322611         -1.00000000e-3              -1.08035000e2       -1.00000000e-3              -1.09983000e2       
 258. 0.0                 45.80722906740974   1.00000000                  0.0                 1.00000000e-1            X -3.20773935e32      -25.7010000               X  6.41547870e32      -32.7000000               X  6.41547870e32      -1.00000000e-3              -3.19153308         -1.00000000e-3              -1.08235000e2       -1.00000000e-3              -1.10183000e2       
 259. 0.0                 45.907229067409745  1.00000000                  0.0                 1.00000000e-1            X -4.03830458e32      -25.8010000               X  8.07660916e32      -32.8000000               X  8.07660916e32      -1.00000000e-3              -3.18984663         -1.00000000e-3              -1.08435000e2       -1.00000000e-3              -1.10383000e2       
 260. 0.0                 46.007229067409746  1.00000000                  0.0                 1.00000000e-1            X -5.08392426e32      -25.9010000               X  1.01678485e33      -32.9000000               X  1.01678485e33      -1.00000000e-3              -3.18816670         -1.00000000e-3              -1.08635000e2       -1.00000000e-3              -1.10583000e2       
 261. 0.0                 46.10722906740975   1.00000000                  0.0                 1.00000000e-1            X -6.40028144e32      -26.0010000               X  1.28005629e33      -33.0000000               X  1.28005629e33      -1.00000000e-3              -3.18649325         -1.00000000e-3              -1.08835000e2       -1.00000000e-3              -1.10783000e2       
 262. 0.0                 46.20722906740975   1.00000000                  0.0                 1.00000000e-1            X -8.05747695e32      -26.1010000               X  1.61149539e33      -33.1000000               X  1.61149539e33      -1.00000000e-3              -3.18482621         -1.00000000e-3              -1.09035000e2       -1.00000000e-3              -1.10983000e2       
 263. 0.0                 46.30722906740975   1.00000000                  0.0                 1.00000000e-1            X -1.01437625e33      -26.2010000               X  2.02875250e33      -33.2000000               X  2.02875250e33      -1.00000000e-3              -3.18316556         -1.00000000e-3              -1.09235000e2       -1.00000000e-3              -1.11183000e2       
 264. 0.0                 46.40722906740975   1.00000000                  0.0                 1.00000000e-1            X -1.27702404e33      -26.3010000               X  2.55404807e33      -33.3000000               X  2.55404807e33      -1.00000000e-3              -3.18151123         -1.00000000e-3              -1.09435000e2       -1.00000000e-3              -1.11383000e2       
 265. 0.0                 46.50722906740975   1.00000000                  0.0                 1.00000000e-1            X -1.60767801e33      -26.4010000               X  3.21535602e33      -33.4000000               X  3.21535602e33      -1.00000000e-3              -3.17986317         -1.00000000e-3              -1.09635000e2       -1.00000000e-3              -1.11583000e2       
 266. 0.0                 46.607229067409754  1.00000000                  0.0                 1.00000000e-1            X -2.02394670e33      -26.5010000               X  4.04789340e33      -33.5000000               X  4.04789340e33      -1.00000000e-3              -3.17822135         -1.00000000e-3              -1.09835000e2       -1.00000000e-3              -1.11783000e2       
 267. 0.0                 46.707229067409756  1.00000000                  0.0                 1.00000000e-1            X -2.54799794e33      -26.6010000               X  5.09599587e33      -33.6000000               X  5.09599587e33      -1.00000000e-3              -3.17658571         -1.00000000e-3              -1.10035000e2       -1.00000000e-3              -1.11983000e2       
 268. 0.0                 46.80722906740976   1.00000000                  0.0                 1.00000000e-1            X -3.20773935e33      -26.7010000               X  6.41547870e33      -33.7000000               X  6.41547870e33      -1.00000000e-3              -3.17495621         -1.00000000e-3              -1.10235000e2       -1.00000000e-3              -1.12183000e2       
 269. 0.0                 46.90722906740976   1.00000000                  0.0                 1.00000000e-1            X -4.03830458e33      -26.8010000               X  8.07660916e33      -33.8000000               X  8.07660916e33      -1.00000000e-3              -3.17333280         -1.00000000e-3              -1.10435000e2       -1.00000000e-3              -1.12383000e2       
 270. 0.0                 47.00722906740976   1.00000000                  0.0                 1.00000000e-1            X -5.08392426e33      -26.9010000               X  1.01678485e34      -33.9000000               X  1.01678485e34      -1.00000000e-3              -3.17171543         -1.00000000e-3              -1.10635000e2       -1.00000000e-3              -1.12583000e2       
 271. 0.0                 47.10722906740976   1.00000000                  0.0                 1.00000000e-1            X -6.40028144e33      -27.0010000               X  1.28005629e34      -34.0000000               X  1.28005629e34      -1.00000000e-3              -3.17010407         -1.00000000e-3              -1.10835000e2       -1.00000000e-3              -1.12783000e2       
 272. 0.0                 47.20722906740976   1.00000000                  0.0                 1.00000000e-1            X -8.05747695e33      -27.1010000               X  1.61149539e34      -34.1000000               X  1.61149539e34      -1.00000000e-3              -3.16849866         -1.00000000e-3              -1.11035000e2       -1.00000000e-3              -1.12983000e2       
 273. 0.0                 47.307229067409764  1.00000000                  0.0                 1.00000000e-1            X -1.01437625e34      -27.2010000               X  2.02875250e34      -34.2000000               X  2.02875250e34      -1.00000000e-3              -3.16689916         -1.00000000e-3              -1.11235000e2       -1.00000000e-3              -1.13183000e2       
 274. 0.0                 47.407229067409766  1.00000000                  0.0                 1.00000000e-1            X -1.27702404e34      -27.3010000               X  2.55404807e34      -34.3000000               X  2.55404807e34      -1.00000000e-3              -3.16530554         -1.00000000e-3              -1.11435000e2       -1.00000000e-3              -1.13383000e2       
 275. 0.0                 47.50722906740977   1.00000000                  0.0                 1.00000000e-1            X -1.60767801e34      -27.4010000               X  3.21535602e34      -34.4000000               X  3.21535602e34      -1.00000000e-3              -3.16371774         -1.00000000e-3              -1.11635000e2       -1.00000000e-3              -1.13583000e2       
 276. 0.0                 47.60722906740977   1.00000000                  0.0                 1.00000000e-1            X -2.02394670e34      -27.5010000               X  4.04789340e34      -34.5000000               X  4.04789340e34      -1.00000000e-3              -3.16213572         -1.00000000e-3              -1.11835000e2       -1.00000000e-3              -1.13783000e2       
 277. 0.0                 47.70722906740977   1.00000000                  0.0                 1.00000000e-1            X -2.54799794e34      -27.6010000               X  5.09599587e34      -34.6000000               X  5.09599587e34      -1.00000000e-3              -3.16055945         -1.00000000e-3              -1.12035000e2       -1.00000000e-3              -1.13983000e2       
 278. 0.0                 47.80722906740977   1.00000000                  0.0                 1.00000000e-1            X -3.20773935e34      -27.7010000               X  6.41547870e34      -34.7000000               X  6.41547870e34      -1.00000000e-3              -3.15898888         -1.00000000e-3              -1.12235000e2       -1.00000000e-3              -1.14183000e2       
 279. 0.0                 47.90722906740977   1.00000000                  0.0                 1.00000000e-1            X -4.03830458e34      -27.8010000               X  8.07660916e34      -34.8000000               X  8.07660916e34      -1.00000000e-3              -3.15742396         -1.00000000e-3              -1.12435000e2       -1.00000000e-3              -1.14383000e2       
 280. 0.0                 48.007229067409774  1.00000000                  0.0                 1.00000000e-1            X -5.08392426e34      -27.9010000               X  1.01678485e35      -34.9000000               X  1.01678485e35      -1.00000000e-3              -3.15586467         -1.00000000e-3              -1.12635000e2       -1.00000000e-3              -1.14583000e2       
 281. 0.0                 48.107229067409776  1.00000000                  0.0                 1.00000000e-1            X -6.40028144e34      -28.0010000               X  1.28005629e35      -35.0000000               X  1.28005629e35      -1.00000000e-3              -3.15431095         -1.00000000e-3              -1.12835000e2       -1.00000000e-3              -1.14783000e2       
 282. 0.0                 48.20722906740978   1.00000000                  0.0                 1.00000000e-1            X -8.05747695e34      -28.1010000               X  1.61149539e35      -35.1000000               X  1.61149539e35      -1.00000000e-3              -3.15276277         -1.00000000e-3              -1.13035000e2       -1.00000000e-3              -1.14983000e2       
 283. 0.0                 48.30722906740978   1.00000000                  0.0                 1.00000000e-1            X -1.01437625e35      -28.2010000               X  2.02875250e35      -35.2000000               X  2.02875250e35      -1.00000000e-3              -3.15122009         -1.00000000e-3              -1.13235000e2       -1.00000000e-3              -1.15183000e2       
 284. 0.0                 48.40722906740978   1.00000000                  0.0                 1.00000000e-1            X -1.27702404e35      -28.3010000               X  2.55404807e35      -35.3000000               X  2.55404807e35      -1.00000000e-3              -3.14968287         -1.00000000e-3              -1.13435000e2       -1.00000000e-3              -1.15383000e2       
 285. 0.0                 48.50722906740978   1.00000000                  0.0                 1.00000000e-1            X -1.60767801e35      -28.4010000               X  3.21535602e35      -35.4000000               X  3.21535602e35      -1.00000000e-3              -3.14815108         -1.00000000e-3              -1.13635000e2       -1.00000000e-3              -1.15583000e2       
 286. 0.0                 48.60722906740978   1.00000000                  0.0                 1.00000000e-1            X -2.02394670e35      -28.5010000               X  4.04789340e35      -35.5000000               X  4.04789340e35      -1.00000000e-3              -3.14662466         -1.00000000e-3              -1.13835000e2       -1.00000000e-3              -1.15783000e2       
 287. 0.0                 48.707229067409784  1.00000000                  0.0                 1.00000000e-1            X -2.54799794e35      -28.6010000               X  5.09599587e35      -35.6000000               X  5.09599587e35      -1.00000000e-3              -3.14510360         -1.00000000e-3              -1.14035000e2       -1.00000000e-3              -1.15983000e2       
 288. 0.0                 48.807229067409786  1.00000000                  0.0                 1.00000000e-1            X -3.20773935e35      -28.7010000               X  6.41547870e35      -35.7000000               X  6.41547870e35      -1.00000000e-3              -3.14358784         -1.00000000e-3              -1.14235000e2       -1.00000000e-3              -1.16183000e2       
 289. 0.0                 48.90722906740979   1.00000000                  0.0                 1.00000000e-1            X -4.03830458e35      -28.8010000               X  8.07660916e35      -35.8000000               X  8.07660916e35      -1.00000000e-3              -3.14207735         -1.00000000e-3              -1.14435000e2       -1.00000000e-3              -1.16383000e2       
 290. 0.0                 49.00722906740979   1.00000000                  0.0                 1.00000000e-1            X -5.08392426e35      -28.9010000               X  1.01678485e36      -35.9000000               X  1.01678485e36      -1.00000000e-3              -3.14057210         -1.00000000e-3              -1.14635000e2       -1.00000000e-3              -1.16583000e2       
 291. 0.0                 49.10722906740979   1.00000000                  0.0                 1.00000000e-1            X -6.40028144e35      -29.0010000               X  1.28005629e36      -36.0000000               X  1.28005629e36      -1.00000000e-3              -3.13907205         -1.00000000e-3              -1.14835000e2       -1.00000000e-3              -1.16783000e2       
 292. 0.0                 49.20722906740979   1.00000000                  0.0                 1.00000000e-1            X -8.05747695e35      -29.1010000               X  1.61149539e36      -36.1000000               X  1.61149539e36      -1.00000000e-3              -3.13757716         -1.00000000e-3              -1.15035000e2       -1.00000000e-3              -1.16983000e2       
 293. 0.0                 49.30722906740979   1.00000000                  0.0                 1.00000000e-1            X -1.01437625e36      -29.2010000               X  2.02875250e36      -36.2000000               X  2.02875250e36      -1.00000000e-3              -3.13608740         -1.00000000e-3              -1.15235000e2       -1.00000000e-3              -1.17183000e2       
 294. 0.0                 49.407229067409794  1.00000000                  0.0                 1.00000000e-1            X -1.27702404e36      -29.3010000               X  2.55404807e36      -36.3000000               X  2.55404807e36      -1.00000000e-3              -3.13460274         -1.00000000e-3              -1.15435000e2       -1.00000000e-3              -1.17383000e2       
 295. 0.0                 49.507229067409796  1.00000000                  0.0                 1.00000000e-1            X -1.60767801e36      -29.4010000               X  3.21535602e36      -36.4000000               X  3.21535602e36      -1.00000000e-3              -3.13312313         -1.00000000e-3              -1.15635000e2       -1.00000000e-3              -1.17583000e2       
 296. 0.0                 49.6072290674098    1.00000000                  0.0                 1.00000000e-1            X -2.02394670e36      -29.5010000               X  4.04789340e36      -36.5000000               X  4.04789340e36      -1.00000000e-3              -3.13164854         -1.00000000e-3              -1.15835000e2       -1.00000000e-3              -1.17783000e2       
 297. 0.0                 49.7072290674098    1.00000000                  0.0                 1.00000000e-1            X -2.54799794e36      -29.6010000               X  5.09599587e36      -36.6000000               X  5.09599587e36      -1.00000000e-3              -3.13017895         -1.00000000e-3              -1.16035000e2       -1.00000000e-3              -1.17983000e2       
 298. 0.0                 49.8072290674098    1.00000000                  0.0                 1.00000000e-1            X -3.20773935e36      -29.7010000               X  6.41547870e36      -36.7000000               X  6.41547870e36      -1.00000000e-3              -3.12871431         -1.00000000e-3              -1.16235000e2       -1.00000000e-3              -1.18183000e2       
 299. 0.0                 49.9072290674098    1.00000000                  0.0                 1.00000000e-1            X -4.03830458e36      -29.8010000               X  8.07660916e36      -36.8000000               X  8.07660916e36      -1.00000000e-3              -3.12725459         -1.00000000e-3              -1.16435000e2       -1.00000000e-3              -1.18383000e2       

 1.0  0.0                 50.0072290674098    1.00000000                  0.0                 1.00000000e-1            X -5.08392426e36      -29.9010000               X  1.01678485e37      -36.9000000               X  1.01678485e37      -1.00000000e-3              -3.12579976         -1.00000000e-3              -1.16635000e2       -1.00000000e-3              -1.18583000e2       
 2.0  0.0                 50.107229067409804  1.00000000                  0.0                 1.00000000e-1            X -6.40028144e36      -30.0010000               X  1.28005629e37      -37.0000000               X  1.28005629e37      -1.00000000e-3              -3.12434979         -1.00000000e-3              -1.16835000e2       -1.00000000e-3              -1.18783000e2       
 3.0  0.0                 50.207229067409806  1.00000000                  0.0                 1.00000000e-1            X -8.05747695e36      -30.1010000               X  1.61149539e37      -37.1000000               X  1.61149539e37      -1.00000000e-3              -3.12290465         -1.00000000e-3              -1.17035000e2       -1.00000000e-3              -1.18983000e2       
 4.0  0.0                 50.30722906740981   1.00000000                  0.0                 1.00000000e-1            X -1.01437625e37      -30.2010000               X  2.02875250e37      -37.2000000               X  2.02875250e37      -1.00000000e-3              -3.12146430         -1.00000000e-3              -1.17235000e2       -1.00000000e-3              -1.19183000e2       
 5.0  0.0                 50.40722906740981   1.00000000                  0.0                 1.00000000e-1            X -1.27702404e37      -30.3010000               X  2.55404807e37      -37.3000000               X  2.55404807e37      -1.00000000e-3              -3.12002871         -1.00000000e-3              -1.17435000e2       -1.00000000e-3              -1.19383000e2       
 6.0  0.0                 50.50722906740981   1.00000000                  0.0                 1.00000000e-1            X -1.60767801e37      -30.4010000               X  3.21535602e37      -37.4000000               X  3.21535602e37      -1.00000000e-3              -3.11859785         -1.00000000e-3              -1.17635000e2       -1.00000000e-3              -1.19583000e2       
 7.0  0.0                 50.60722906740981   1.00000000                  0.0                 1.00000000e-1            X -2.02394670e37      -30.5010000               X  4.04789340e37      -37.5000000               X  4.04789340e37      -1.00000000e-3              -3.11717168         -1.00000000e-3              -1.17835000e2       -1.00000000e-3              -1.19783000e2       
 8.0  0.0                 50.70722906740981   1.00000000                  0.0                 1.00000000e-1            X -2.54799794e37      -30.6010000               X  5.09599587e37      -37.6000000               X  5.09599587e37      -1.00000000e-3              -3.11575019         -1.00000000e-3              -1.18035000e2       -1.00000000e-3              -1.19983000e2       
 9.0  0.0                 50.807229067409814  1.00000000                  0.0                 1.00000000e-1            X -3.20773935e37      -30.7010000               X  6.41547870e37      -37.7000000               X  6.41547870e37      -1.00000000e-3              -3.11433333         -1.00000000e-3              -1.18235000e2       -1.00000000e-3              -1.20183000e2       
 10.0 0.0                 50.907229067409816  1.00000000                  0.0                 1.00000000e-1            X -4.03830458e37      -30.8010000               X  8.07660916e37      -37.8000000               X  8.07660916e37      -1.00000000e-3              -3.11292108         -1.00000000e-3              -1.18435000e2       -1.00000000e-3              -1.20383000e2       
 11.0 0.0                 51.00722906740982   1.00000000                  0.0                 1.00000000e-1            X -5.08392426e37      -30.9010000               X  1.01678485e38      -37.9000000               X  1.01678485e38      -1.00000000e-3              -3.11151341         -1.00000000e-3              -1.18635000e2       -1.00000000e-3              -1.20583000e2       
 12.0 0.0                 51.10722906740982   1.00000000                  0.0                 1.00000000e-1            X -6.40028144e37      -31.0010000               X  1.28005629e38      -38.0000000               X  1.28005629e38      -1.00000000e-3              -3.11011029         -1.00000000e-3              -1.18835000e2       -1.00000000e-3              -1.20783000e2       
 13.0 0.0                 51.20722906740982   1.00000000                  0.0                 1.00000000e-1            X -8.05747695e37      -31.1010000               X  1.61149539e38      -38.1000000               X  1.61149539e38      -1.00000000e-3              -3.10871168         -1.00000000e-3              -1.19035000e2       -1.00000000e-3              -1.20983000e2       
 14.0 0.0                 51.30722906740982   1.00000000                  0.0                 1.00000000e-1            X -1.01437625e38      -31.2010000               X  2.02875250e38      -38.2000000               X  2.02875250e38      -1.00000000e-3              -3.10731757         -1.00000000e-3              -1.19235000e2       -1.00000000e-3              -1.21183000e2       
 15.0 0.0                 51.40722906740982   1.00000000                  0.0                 1.00000000e-1            X -1.27702404e38      -31.3010000               X  2.55404807e38      -38.3000000               X  2.55404807e38      -1.00000000e-3              -3.10592791         -1.00000000e-3              -1.19435000e2       -1.00000000e-3              -1.21383000e2       
 16.0 0.0                 51.507229067409824  1.00000000                  0.0                 1.00000000e-1            X -1.60767801e38      -31.4010000               X  3.21535602e38      -38.4000000               X  3.21535602e38      -1.00000000e-3              -3.10454269         -1.00000000e-3              -1.19635000e2       -1.00000000e-3              -1.21583000e2       
 17.0 0.0                 51.607229067409826  1.00000000                  0.0                 1.00000000e-1            X -2.02394670e38      -31.5010000               X  4.04789340e38      -38.5000000               X  4.04789340e38      -1.00000000e-3              -3.10316187         -1.00000000e-3              -1.19835000e2       -1.00000000e-3              -1.21783000e2       
 18.0 0.0                 51.70722906740983   1.00000000                  0.0                 1.00000000e-1            X -2.54799794e38      -31.6010000               X  5.09599587e38      -38.6000000               X  5.09599587e38      -1.00000000e-3              -3.10178543         -1.00000000e-3              -1.20035000e2       -1.00000000e-3              -1.21983000e2       
 19.0 0.0                 51.80722906740983   1.00000000                  0.0                 1.00000000e-1            X -3.20773935e38      -31.7010000               X  6.41547870e38      -38.7000000               X  6.41547870e38      -1.00000000e-3              -3.10041334         -1.00000000e-3              -1.20235000e2       -1.00000000e-3              -1.22183000e2       
 20.0 0.0                 51.90722906740983   1.00000000                  0.0                 1.00000000e-1            X -4.03830458e38      -31.8010000               X  8.07660916e38      -38.8000000               X  8.07660916e38      -1.00000000e-3              -3.09904557         -1.00000000e-3              -1.20435000e2       -1.00000000e-3              -1.22383000e2       
 21.0 0.0                 52.00722906740983   1.00000000                  0.0                 1.00000000e-1            X -5.08392426e38      -31.9010000               X  1.01678485e39      -38.9000000               X  1.01678485e39      -1.00000000e-3              -3.09768209         -1.00000000e-3              -1.20635000e2       -1.00000000e-3              -1.22583000e2       
 22.0 0.0                 52.10722906740983   1.00000000                  0.0                 1.00000000e-1            X -6.40028144e38      -32.0010000               X  1.28005629e39      -39.0000000               X  1.28005629e39      -1.00000000e-3              -3.09632288         -1.00000000e-3              -1.20835000e2       -1.00000000e-3              -1.22783000e2       
 23.0 0.0                 52.207229067409834  1.00000000                  0.0                 1.00000000e-1            X -8.05747695e38      -32.1010000               X  1.61149539e39      -39.1000000               X  1.61149539e39      -1.00000000e-3              -3.09496791         -1.00000000e-3              -1.21035000e2       -1.00000000e-3              -1.22983000e2       
 24.0 0.0                 52.307229067409835  1.00000000                  0.0                 1.00000000e-1            X -1.01437625e39      -32.2010000               X  2.02875250e39      -39.2000000               X  2.02875250e39      -1.00000000e-3              -3.09361715         -1.00000000e-3              -1.21235000e2       -1.00000000e-3              -1.23183000e2       
 25.0 0.0                 52.40722906740984   1.00000000                  0.0                 1.00000000e-1            X -1.27702404e39      -32.3010000               X  2.55404807e39      -39.3000000               X  2.55404807e39      -1.00000000e-3              -3.09227059         -1.00000000e-3              -1.21435000e2       -1.00000000e-3              -1.23383000e2       
 26.0 0.0                 52.50722906740984   1.00000000                  0.0                 1.00000000e-1            X -1.60767801e39      -32.4010000               X  3.21535602e39      -39.4000000               X  3.21535602e39      -1.00000000e-3              -3.09092818         -1.00000000e-3              -1.21635000e2       -1.00000000e-3              -1.23583000e2       
 27.0 0.0                 52.60722906740984   1.00000000                  0.0                 1.00000000e-1            X -2.02394670e39      -32.5010000               X  4.04789340e39      -39.5000000               X  4.04789340e39      -1.00000000e-3              -3.08958991         -1.00000000e-3              -1.21835000e2       -1.00000000e-3              -1.23783000e2       
 28.0 0.0                 52.70722906740984   1.00000000                  0.0                 1.00000000e-1            X -2.54799794e39      -32.6010000               X  5.09599587e39      -39.6000000               X  5.09599587e39      -1.00000000e-3              -3.08825576         -1.00000000e-3              -1.22035000e2       -1.00000000e-3              -1.23983000e2       
 29.0 0.0                 52.80722906740984   1.00000000                  0.0                 1.00000000e-1            X -3.20773935e39      -32.7010000               X  6.41547870e39      -39.7000000               X  6.41547870e39      -1.00000000e-3              -3.08692569         -1.00000000e-3              -1.22235000e2       -1.00000000e-3              -1.24183000e2       
 30.0 0.0                 52.907229067409844  1.00000000                  0.0                 1.00000000e-1            X -4.03830458e39      -32.8010000               X  8.07660916e39      -39.8000000               X  8.07660916e39      -1.00000000e-3              -3.08559968         -1.00000000e-3              -1.22435000e2       -1.00000000e-3              -1.24383000e2       
 31.0 0.0                 53.007229067409845  1.00000000                  0.0                 1.00000000e-1            X -5.08392426e39      -32.9010000               X  1.01678485e40      -39.9000000               X  1.01678485e40      -1.00000000e-3              -3.08427770         -1.00000000e-3              -1.22635000e2       -1.00000000e-3              -1.24583000e2       
 32.0 0.0                 53.10722906740985   1.00000000                  0.0                 1.00000000e-1            X -6.40028144e39      -33.0010000               X  1.28005629e40      -40.0000000               X  1.28005629e40      -1.00000000e-3              -3.08295974         -1.00000000e-3              -1.22835000e2       -1.00000000e-3              -1.24783000e2       
 33.0 0.0                 53.20722906740985   1.00000000                  0.0                 1.00000000e-1            X -8.05747695e39      -33.1010000               X  1.61149539e40      -40.1000000               X  1.61149539e40      -1.00000000e-3              -3.08164577         -1.00000000e-3              -1.23035000e2       -1.00000000e-3              -1.24983000e2       
 34.0 0.0                 53.30722906740985   1.00000000                  0.0                 1.00000000e-1            X -1.01437625e40      -33.2010000               X  2.02875250e40      -40.2000000               X  2.02875250e40      -1.00000000e-3              -3.08033575         -1.00000000e-3              -1.23235000e2       -1.00000000e-3              -1.25183000e2       
 35.0 0.0                 53.40722906740985   1.00000000                  0.0                 1.00000000e-1            X -1.27702404e40      -33.3010000               X  2.55404807e40      -40.3000000               X  2.55404807e40      -1.00000000e-3              -3.07902968         -1.00000000e-3              -1.23435000e2       -1.00000000e-3              -1.25383000e2       
 36.0 0.0                 53.50722906740985   1.00000000                  0.0                 1.00000000e-1            X -1.60767801e40      -33.4010000               X  3.21535602e40      -40.4000000               X  3.21535602e40      -1.00000000e-3              -3.07772753         -1.00000000e-3              -1.23635000e2       -1.00000000e-3              -1.25583000e2       
 37.0 0.0                 53.607229067409854  1.00000000                  0.0                 1.00000000e-1            X -2.02394670e40      -33.5010000               X  4.04789340e40      -40.5000000               X  4.04789340e40      -1.00000000e-3              -3.07642927         -1.00000000e-3              -1.23835000e2       -1.00000000e-3              -1.25783000e2       
 38.0 0.0                 53.707229067409855  1.00000000                  0.0                 1.00000000e-1            X -2.54799794e40      -33.6010000               X  5.09599587e40      -40.6000000               X  5.09599587e40      -1.00000000e-3              -3.07513487         -1.00000000e-3              -1.24035000e2       -1.00000000e-3              -1.25983000e2       
 39.0 0.0                 53.80722906740986   1.00000000                  0.0                 1.00000000e-1            X -3.20773935e40      -33.7010000               X  6.41547870e40      -40.7000000               X  6.41547870e40      -1.00000000e-3              -3.07384433         -1.00000000e-3              -1.24235000e2       -1.00000000e-3              -1.26183000e2       
 40.0 0.0                 53.90722906740986   1.00000000                  0.0                 1.00000000e-1            X -4.03830458e40      -33.8010000               X  8.07660916e40      -40.8000000               X  8.07660916e40      -1.00000000e-3              -3.07255760         -1.00000000e-3              -1.24435000e2       -1.00000000e-3              -1.26383000e2       
 41.0 0.0                 54.00722906740986   1.00000000                  0.0                 1.00000000e-1            X -5.08392426e40      -33.9010000               X  1.01678485e41      -40.9000000               X  1.01678485e41      -1.00000000e-3              -3.07127468         -1.00000000e-3              -1.24635000e2       -1.00000000e-3              -1.26583000e2       
 42.0 0.0                 54.10722906740986   1.00000000                  0.0                 1.00000000e-1            X -6.40028144e40      -34.0010000               X  1.28005629e41      -41.0000000               X  1.28005629e41      -1.00000000e-3              -3.06999554         -1.00000000e-3              -1.24835000e2       -1.00000000e-3              -1.26783000e2       
 43.0 0.0                 54.20722906740986   1.00000000                  0.0                 1.00000000e-1            X -8.05747695e40      -34.1010000               X  1.61149539e41      -41.1000000               X  1.61149539e41      -1.00000000e-3              -3.06872015         -1.00000000e-3              -1.25035000e2       -1.00000000e-3              -1.26983000e2       
 44.0 0.0                 54.307229067409864  1.00000000                  0.0                 1.00000000e-1            X -1.01437625e41      -34.2010000               X  2.02875250e41      -41.2000000               X  2.02875250e41      -1.00000000e-3              -3.06744850         -1.00000000e-3              -1.25235000e2       -1.00000000e-3              -1.27183000e2       
 45.0 0.0                 54.407229067409865  1.00000000                  0.0                 1.00000000e-1            X -1.27702404e41      -34.3010000               X  2.55404807e41      -41.3000000               X  2.55404807e41      -1.00000000e-3              -3.06618056         -1.00000000e-3              -1.25435000e2       -1.00000000e-3              -1.27383000e2       
 46.0 0.0                 54.50722906740987   1.00000000                  0.0                 1.00000000e-1            X -1.60767801e41      -34.4010000               X  3.21535602e41      -41.4000000               X  3.21535602e41      -1.00000000e-3              -3.06491631         -1.00000000e-3              -1.25635000e2       -1.00000000e-3              -1.27583000e2       
 47.0 0.0                 54.60722906740987   1.00000000                  0.0                 1.00000000e-1            X -2.02394670e41      -34.5010000               X  4.04789340e41      -41.5000000               X  4.04789340e41      -1.00000000e-3              -3.06365573         -1.00000000e-3              -1.25835000e2       -1.00000000e-3              -1.27783000e2       
 48.0 0.0                 54.70722906740987   1.00000000                  0.0                 1.00000000e-1            X -2.54799794e41      -34.6010000               X  5.09599587e41      -41.6000000               X  5.09599587e41      -1.00000000e-3              -3.06239880         -1.00000000e-3              -1.26035000e2       -1.00000000e-3              -1.27983000e2       
 49.0 0.0                 54.80722906740987   1.00000000                  0.0                 1.00000000e-1            X -3.20773935e41      -34.7010000               X  6.41547870e41      -41.7000000               X  6.41547870e41      -1.00000000e-3              -3.06114549         -1.00000000e-3              -1.26235000e2       -1.00000000e-3              -1.28183000e2       
 50.0 0.0                 54.90722906740987   1.00000000                  0.0                 1.00000000e-1            X -4.03830458e41      -34.8010000               X  8.07660916e41      -41.8000000               X  8.07660916e41      -1.00000000e-3              -3.05989580         -1.00000000e-3              -1.26435000e2       -1.00000000e-3              -1.28383000e2       
 51.0 0.0                 55.007229067409874  1.00000000                  0.0                 1.00000000e-1            X -5.08392426e41      -34.9010000               X  1.01678485e42      -41.9000000               X  1.01678485e42      -1.00000000e-3              -3.05864969         -1.00000000e-3              -1.26635000e2       -1.00000000e-3              -1.28583000e2       
 52.0 0.0                 55.107229067409875  1.00000000                  0.0                 1.00000000e-1            X -6.40028144e41      -35.0010000               X  1.28005629e42      -42.0000000               X  1.28005629e42      -1.00000000e-3              -3.05740714         -1.00000000e-3              -1.26835000e2       -1.00000000e-3              -1.28783000e2       
 53.0 0.0                 55.20722906740988   1.00000000                  0.0                 1.00000000e-1            X -8.05747695e41      -35.1010000               X  1.61149539e42      -42.1000000               X  1.61149539e42      -1.00000000e-3              -3.05616814         -1.00000000e-3              -1.27035000e2       -1.00000000e-3              -1.28983000e2       
 54.0 0.0                 55.30722906740988   1.00000000                  0.0                 1.00000000e-1            X -1.01437625e42      -35.2010000               X  2.02875250e42      -42.2000000               X  2.02875250e42      -1.00000000e-3              -3.05493266         -1.00000000e-3              -1.27235000e2       -1.00000000e-3              -1.29183000e2       
 55.0 0.0                 55.40722906740988   1.00000000                  0.0                 1.00000000e-1            X -1.27702404e42      -35.3010000               X  2.55404807e42      -42.3000000               X  2.55404807e42      -1.00000000e-3              -3.05370069         -1.00000000e-3              -1.27435000e2       -1.00000000e-3              -1.29383000e2       
 56.0 0.0                 55.50722906740988   1.00000000                  0.0                 1.00000000e-1            X -1.60767801e42      -35.4010000               X  3.21535602e42      -42.4000000               X  3.21535602e42      -1.00000000e-3              -3.05247220         -1.00000000e-3              -1.27635000e2       -1.00000000e-3              -1.29583000e2       
 57.0 0.0                 55.60722906740988   1.00000000                  0.0                 1.00000000e-1            X -2.02394670e42      -35.5010000               X  4.04789340e42      -42.5000000               X  4.04789340e42      -1.00000000e-3              -3.05124718         -1.00000000e-3              -1.27835000e2       -1.00000000e-3              -1.29783000e2       
 58.0 0.0                 55.707229067409884  1.00000000                  0.0                 1.00000000e-1            X -2.54799794e42      -35.6010000               X  5.09599587e42      -42.6000000               X  5.09599587e42      -1.00000000e-3              -3.05002560         -1.00000000e-3              -1.28035000e2       -1.00000000e-3              -1.29983000e2       
 59.0 0.0                 55.807229067409885  1.00000000                  0.0                 1.00000000e-1            X -3.20773935e42      -35.7010000               X  6.41547870e42      -42.7000000               X  6.41547870e42      -1.00000000e-3              -3.04880745         -1.00000000e-3              -1.28235000e2       -1.00000000e-3              -1.30183000e2       
 60.0 0.0                 55.90722906740989   1.00000000                  0.0                 1.00000000e-1            X -4.03830458e42      -35.8010000               X  8.07660916e42      -42.8000000               X  8.07660916e42      -1.00000000e-3              -3.04759271         -1.00000000e-3              -1.28435000e2       -1.00000000e-3              -1.30383000e2       
 61.0 0.0                 56.00722906740989   1.00000000                  0.0                 1.00000000e-1            X -5.08392426e42      -35.9010000               X  1.01678485e43      -42.9000000               X  1.01678485e43      -1.00000000e-3              -3.04638136         -1.00000000e-3              -1.28635000e2       -1.00000000e-3              -1.30583000e2       
 62.0 0.0                 56.10722906740989   1.00000000                  0.0                 1.00000000e-1            X -6.40028144e42      -36.0010000               X  1.28005629e43      -43.0000000               X  1.28005629e43      -1.00000000e-3              -3.04517337         -1.00000000e-3              -1.28835000e2       -1.00000000e-3              -1.30783000e2       
 63.0 0.0                 56.20722906740989   1.00000000                  0.0                 1.00000000e-1            X -8.05747695e42      -36.1010000               X  1.61149539e43      -43.1000000               X  1.61149539e43      -1.00000000e-3              -3.04396874         -1.00000000e-3              -1.29035000e2       -1.00000000e-3              -1.30983000e2       
 64.0 0.0                 56.30722906740989   1.00000000                  0.0                 1.00000000e-1            X -1.01437625e43      -36.2010000               X  2.02875250e43      -43.2000000               X  2.02875250e43      -1.00000000e-3              -3.04276744         -1.00000000e-3              -1.29235000e2       -1.00000000e-3              -1.31183000e2       
 65.0 0.0                 56.407229067409894  1.00000000                  0.0                 1.00000000e-1            X -1.27702404e43      -36.3010000               X  2.55404807e43      -43.3000000               X  2.55404807e43      -1.00000000e-3              -3.04156945         -1.00000000e-3              -1.29435000e2       -1.00000000e-3              -1.31383000e2       
 66.0 0.0                 56.507229067409895  1.00000000                  0.0                 1.00000000e-1            X -1.60767801e43      -36.4010000               X  3.21535602e43      -43.4000000               X  3.21535602e43      -1.00000000e-3              -3.04037475         -1.00000000e-3              -1.29635000e2       -1.00000000e-3              -1.31583000e2       
 67.0 0.0                 56.6072290674099    1.00000000                  0.0                 1.00000000e-1            X -2.02394670e43      -36.5010000               X  4.04789340e43      -43.5000000               X  4.04789340e43      -1.00000000e-3              -3.03918334         -1.00000000e-3              -1.29835000e2       -1.00000000e-3              -1.31783000e2       
 68.0 0.0                 56.7072290674099    1.00000000                  0.0                 1.00000000e-1            X -2.54799794e43      -36.6010000               X  5.09599587e43      -43.6000000               X  5.09599587e43      -1.00000000e-3              -3.03799518         -1.00000000e-3              -1.30035000e2       -1.00000000e-3              -1.31983000e2       
 69.0 0.0                 56.8072290674099    1.00000000                  0.0                 1.00000000e-1            X -3.20773935e43      -36.7010000               X  6.41547870e43      -43.7000000               X  6.41547870e43      -1.00000000e-3              -3.03681027         -1.00000000e-3              -1.30235000e2       -1.00000000e-3              -1.32183000e2       
 70.0 0.0                 56.9072290674099    1.00000000                  0.0                 1.00000000e-1            X -4.03830458e43      -36.8010000               X  8.07660916e43      -43.8000000               X  8.07660916e43      -1.00000000e-3              -3.03562858         -1.00000000e-3              -1.30435000e2       -1.00000000e-3              -1.32383000e2       
 71.0 0.0                 57.0072290674099    1.00000000                  0.0                 1.00000000e-1            X -5.08392426e43      -36.9010000               X  1.01678485e44      -43.9000000               X  1.01678485e44      -1.00000000e-3              -3.03445010         -1.00000000e-3              -1.30635000e2       -1.00000000e-3              -1.32583000e2       
 72.0 0.0                 57.107229067409904  1.00000000                  0.0                 1.00000000e-1            X -6.40028144e43      -37.0010000               X  1.28005629e44      -44.0000000               X  1.28005629e44      -1.00000000e-3              -3.03327480         -1.00000000e-3              -1.30835000e2       -1.00000000e-3              -1.32783000e2       
 73.0 0.0                 57.207229067409905  1.00000000                  0.0                 1.00000000e-1            X -8.05747695e43      -37.1010000               X  1.61149539e44      -44.1000000               X  1.61149539e44      -1.00000000e-3              -3.03210268         -1.00000000e-3              -1.31035000e2       -1.00000000e-3              -1.32983000e2       
 74.0 0.0                 57.30722906740991   1.00000000                  0.0                 1.00000000e-1            X -1.01437625e44      -37.2010000               X  2.02875250e44      -44.2000000               X  2.02875250e44      -1.00000000e-3              -3.03093371         -1.00000000e-3              -1.31235000e2       -1.00000000e-3              -1.33183000e2       
 75.0 0.0                 57.40722906740991   1.00000000                  0.0                 1.00000000e-1            X -1.27702404e44      -37.3010000               X  2.55404807e44      -44.3000000               X  2.55404807e44      -1.00000000e-3              -3.02976788         -1.00000000e-3              -1.31435000e2       -1.00000000e-3              -1.33383000e2       
 76.0 0.0                 57.50722906740991   1.00000000                  0.0                 1.00000000e-1            X -1.60767801e44      -37.4010000               X  3.21535602e44      -44.4000000               X  3.21535602e44      -1.00000000e-3              -3.02860517         -1.00000000e-3              -1.31635000e2       -1.00000000e-3              -1.33583000e2       
 77.0 0.0                 57.60722906740991   1.00000000                  0.0                 1.00000000e-1            X -2.02394670e44      -37.5010000               X  4.04789340e44      -44.5000000               X  4.04789340e44      -1.00000000e-3              -3.02744557         -1.00000000e-3              -1.31835000e2       -1.00000000e-3              -1.33783000e2       
 78.0 0.0                 57.70722906740991   1.00000000                  0.0                 1.00000000e-1            X -2.54799794e44      -37.6010000               X  5.09599587e44      -44.6000000               X  5.09599587e44      -1.00000000e-3              -3.02628905         -1.00000000e-3              -1.32035000e2       -1.00000000e-3              -1.33983000e2       
 79.0 0.0                 57.807229067409914  1.00000000                  0.0                 1.00000000e-1            X -3.20773935e44      -37.7010000               X  6.41547870e44      -44.7000000               X  6.41547870e44      -1.00000000e-3              -3.02513561         -1.00000000e-3              -1.32235000e2       -1.00000000e-3              -1.34183000e2       
 80.0 0.0                 57.907229067409915  1.00000000                  0.0                 1.00000000e-1            X -4.03830458e44      -37.8010000               X  8.07660916e44      -44.8000000               X  8.07660916e44      -1.00000000e-3              -3.02398522         -1.00000000e-3              -1.32435000e2       -1.00000000e-3              -1.34383000e2       
 81.0 0.0                 58.00722906740992   1.00000000                  0.0                 1.00000000e-1            X -5.08392426e44      -37.9010000               X  1.01678485e45      -44.9000000               X  1.01678485e45      -1.00000000e-3              -3.02283787         -1.00000000e-3              -1.32635000e2       -1.00000000e-3              -1.34583000e2       
 82.0 0.0                 58.10722906740992   1.00000000                  0.0                 1.00000000e-1            X -6.40028144e44      -38.0010000               X  1.28005629e45      -45.0000000               X  1.28005629e45      -1.00000000e-3              -3.02169355         -1.00000000e-3              -1.32835000e2       -1.00000000e-3              -1.34783000e2       
 83.0 0.0                 58.20722906740992   1.00000000                  0.0                 1.00000000e-1            X -8.05747695e44      -38.1010000               X  1.61149539e45      -45.1000000               X  1.61149539e45      -1.00000000e-3              -3.02055223         -1.00000000e-3              -1.33035000e2       -1.00000000e-3              -1.34983000e2       
 84.0 0.0                 58.30722906740992   1.00000000                  0.0                 1.00000000e-1            X -1.01437625e45      -38.2010000               X  2.02875250e45      -45.2000000               X  2.02875250e45      -1.00000000e-3              -3.01941390         -1.00000000e-3              -1.33235000e2       -1.00000000e-3              -1.35183000e2       
 85.0 0.0                 58.40722906740992   1.00000000                  0.0                 1.00000000e-1            X -1.27702404e45      -38.3010000               X  2.55404807e45      -45.3000000               X  2.55404807e45      -1.00000000e-3              -3.01827855         -1.00000000e-3              -1.33435000e2       -1.00000000e-3              -1.35383000e2       
 86.0 0.0                 58.507229067409924  1.00000000                  0.0                 1.00000000e-1            X -1.60767801e45      -38.4010000               X  3.21535602e45      -45.4000000               X  3.21535602e45      -1.00000000e-3              -3.01714616         -1.00000000e-3              -1.33635000e2       -1.00000000e-3              -1.35583000e2       
 87.0 0.0                 58.607229067409925  1.00000000                  0.0                 1.00000000e-1            X -2.02394670e45      -38.5010000               X  4.04789340e45      -45.5000000               X  4.04789340e45      -1.00000000e-3              -3.01601671         -1.00000000e-3              -1.33835000e2       -1.00000000e-3              -1.35783000e2       
 88.0 0.0                 58.707229067409926  1.00000000                  0.0                 1.00000000e-1            X -2.54799794e45      -38.6010000               X  5.09599587e45      -45.6000000               X  5.09599587e45      -1.00000000e-3              -3.01489019         -1.00000000e-3              -1.34035000e2       -1.00000000e-3              -1.35983000e2       
 89.0 0.0                 58.80722906740993   1.00000000                  0.0                 1.00000000e-1            X -3.20773935e45      -38.7010000               X  6.41547870e45      -45.7000000               X  6.41547870e45      -1.00000000e-3              -3.01376659         -1.00000000e-3              -1.34235000e2       -1.00000000e-3              -1.36183000e2       
 90.0 0.0                 58.90722906740993   1.00000000                  0.0                 1.00000000e-1            X -4.03830458e45      -38.8010000               X  8.07660916e45      -45.8000000               X  8.07660916e45      -1.00000000e-3              -3.01264589         -1.00000000e-3              -1.34435000e2       -1.00000000e-3              -1.36383000e2       
 91.0 0.0                 59.00722906740993   1.00000000                  0.0                 1.00000000e-1            X -5.08392426e45      -38.9010000               X  1.01678485e46      -45.9000000               X  1.01678485e46      -1.00000000e-3              -3.01152807         -1.00000000e-3              -1.34635000e2       -1.00000000e-3              -1.36583000e2       
 92.0 0.0                 59.10722906740993   1.00000000                  0.0                 1.00000000e-1            X -6.40028144e45      -39.0010000               X  1.28005629e46      -46.0000000               X  1.28005629e46      -1.00000000e-3              -3.01041312         -1.00000000e-3              -1.34835000e2       -1.00000000e-3              -1.36783000e2       
 93.0 0.0                 59.20722906740993   1.00000000                  0.0                 1.00000000e-1            X -8.05747695e45      -39.1010000               X  1.61149539e46      -46.1000000               X  1.61149539e46      -1.00000000e-3              -3.00930103         -1.00000000e-3              -1.35035000e2       -1.00000000e-3              -1.36983000e2       
 94.0 0.0                 59.307229067409935  1.00000000                  0.0                 1.00000000e-1            X -1.01437625e46      -39.2010000               X  2.02875250e46      -46.2000000               X  2.02875250e46      -1.00000000e-3              -3.00819178         -1.00000000e-3              -1.35235000e2       -1.00000000e-3              -1.37183000e2       
 95.0 0.0                 59.407229067409936  1.00000000                  0.0                 1.00000000e-1            X -1.27702404e46      -39.3010000               X  2.55404807e46      -46.3000000               X  2.55404807e46      -1.00000000e-3              -3.00708535         -1.00000000e-3              -1.35435000e2       -1.00000000e-3              -1.37383000e2       
 96.0 0.0                 59.50722906740994   1.00000000                  0.0                 1.00000000e-1            X -1.60767801e46      -39.4010000               X  3.21535602e46      -46.4000000               X  3.21535602e46      -1.00000000e-3              -3.00598173         -1.00000000e-3              -1.35635000e2       -1.00000000e-3              -1.37583000e2       
 97.0 0.0                 59.60722906740994   1.00000000                  0.0                 1.00000000e-1            X -2.02394670e46      -39.5010000               X  4.04789340e46      -46.5000000               X  4.04789340e46      -1.00000000e-3              -3.00488092         -1.00000000e-3              -1.35835000e2       -1.00000000e-3              -1.37783000e2       
 98.0 0.0                 59.70722906740994   1.00000000                  0.0                 1.00000000e-1            X -2.54799794e46      -39.6010000               X  5.09599587e46      -46.6000000               X  5.09599587e46      -1.00000000e-3              -3.00378288         -1.00000000e-3              -1.36035000e2       -1.00000000e-3              -1.37983000e2       
 99.0 0.0                 59.80722906740994   1.00000000                  0.0                 1.00000000e-1            X -3.20773935e46      -39.7010000               X  6.41547870e46      -46.7000000               X  6.41547870e46      -1.00000000e-3              -3.00268761         -1.00000000e-3              -1.36235000e2       -1.00000000e-3              -1.38183000e2       
 100. 0.0                 59.90722906740994   1.00000000                  0.0                 1.00000000e-1            X -4.03830458e46      -39.8010000               X  8.07660916e46      -46.8000000               X  8.07660916e46      -1.00000000e-3              -3.00159510         -1.00000000e-3              -1.36435000e2       -1.00000000e-3              -1.38383000e2       
 101. 0.0                 60.007229067409945  1.00000000                  0.0                 1.00000000e-1            X -5.08392426e46      -39.9010000               X  1.01678485e47      -46.9000000               X  1.01678485e47      -1.00000000e-3              -3.00050534         -1.00000000e-3              -1.36635000e2       -1.00000000e-3              -1.38583000e2       
 102. 0.0                 60.107229067409946  1.00000000                  0.0                 1.00000000e-1            X -6.40028144e46      -40.0010000               X  1.28005629e47      -47.0000000               X  1.28005629e47      -1.00000000e-3              -2.99941829         -1.00000000e-3              -1.36835000e2       -1.00000000e-3              -1.38783000e2       
 103. 0.0                 60.20722906740995   1.00000000                  0.0                 1.00000000e-1            X -8.05747695e46      -40.1010000               X  1.61149539e47      -47.1000000               X  1.61149539e47      -1.00000000e-3              -2.99833397         -1.00000000e-3              -1.37035000e2       -1.00000000e-3              -1.38983000e2       
 104. 0.0                 60.30722906740995   1.00000000                  0.0                 1.00000000e-1            X -1.01437625e47      -40.2010000               X  2.02875250e47      -47.2000000               X  2.02875250e47      -1.00000000e-3              -2.99725234         -1.00000000e-3              -1.37235000e2       -1.00000000e-3              -1.39183000e2       
 105. 0.0                 60.40722906740995   1.00000000                  0.0                 1.00000000e-1            X -1.27702404e47      -40.3010000               X  2.55404807e47      -47.3000000               X  2.55404807e47      -1.00000000e-3              -2.99617340         -1.00000000e-3              -1.37435000e2       -1.00000000e-3              -1.39383000e2       
 106. 0.0                 60.50722906740995   1.00000000                  0.0                 1.00000000e-1            X -1.60767801e47      -40.4010000               X  3.21535602e47      -47.4000000               X  3.21535602e47      -1.00000000e-3              -2.99509714         -1.00000000e-3              -1.37635000e2       -1.00000000e-3              -1.39583000e2       
 107. 0.0                 60.60722906740995   1.00000000                  0.0                 1.00000000e-1            X -2.02394670e47      -40.5010000               X  4.04789340e47      -47.5000000               X  4.04789340e47      -1.00000000e-3              -2.99402353         -1.00000000e-3              -1.37835000e2       -1.00000000e-3              -1.39783000e2       
 108. 0.0                 60.707229067409955  1.00000000                  0.0                 1.00000000e-1            X -2.54799794e47      -40.6010000               X  5.09599587e47      -47.6000000               X  5.09599587e47      -1.00000000e-3              -2.99295257         -1.00000000e-3              -1.38035000e2       -1.00000000e-3              -1.39983000e2       
 109. 0.0                 60.807229067409956  1.00000000                  0.0                 1.00000000e-1            X -3.20773935e47      -40.7010000               X  6.41547870e47      -47.7000000               X  6.41547870e47      -1.00000000e-3              -2.99188425         -1.00000000e-3              -1.38235000e2       -1.00000000e-3              -1.40183000e2       
 110. 0.0                 60.90722906740996   1.00000000                  0.0                 1.00000000e-1            X -4.03830458e47      -40.8010000               X  8.07660916e47      -47.8000000               X  8.07660916e47      -1.00000000e-3              -2.99081855         -1.00000000e-3              -1.38435000e2       -1.00000000e-3              -1.40383000e2       
 111. 0.0                 61.00722906740996   1.00000000                  0.0                 1.00000000e-1            X -5.08392426e47      -40.9010000               X  1.01678485e48      -47.9000000               X  1.01678485e48      -1.00000000e-3              -2.98975546         -1.00000000e-3              -1.38635000e2       -1.00000000e-3              -1.40583000e2       
 112. 0.0                 61.10722906740996   1.00000000                  0.0                 1.00000000e-1            X -6.40028144e47      -41.0010000               X  1.28005629e48      -48.0000000               X  1.28005629e48      -1.00000000e-3              -2.98869496         -1.00000000e-3              -1.38835000e2       -1.00000000e-3              -1.40783000e2       
 113. 0.0                 61.20722906740996   1.00000000                  0.0                 1.00000000e-1            X -8.05747695e47      -41.1010000               X  1.61149539e48      -48.1000000               X  1.61149539e48      -1.00000000e-3              -2.98763705         -1.00000000e-3              -1.39035000e2       -1.00000000e-3              -1.40983000e2       
 114. 0.0                 61.30722906740996   1.00000000                  0.0                 1.00000000e-1            X -1.01437625e48      -41.2010000               X  2.02875250e48      -48.2000000               X  2.02875250e48      -1.00000000e-3              -2.98658170         -1.00000000e-3              -1.39235000e2       -1.00000000e-3              -1.41183000e2       
 115. 0.0                 61.407229067409965  1.00000000                  0.0                 1.00000000e-1            X -1.27702404e48      -41.3010000               X  2.55404807e48      -48.3000000               X  2.55404807e48      -1.00000000e-3              -2.98552892         -1.00000000e-3              -1.39435000e2       -1.00000000e-3              -1.41383000e2       
 116. 0.0                 61.507229067409966  1.00000000                  0.0                 1.00000000e-1            X -1.60767801e48      -41.4010000               X  3.21535602e48      -48.4000000               X  3.21535602e48      -1.00000000e-3              -2.98447868         -1.00000000e-3              -1.39635000e2       -1.00000000e-3              -1.41583000e2       
 117. 0.0                 61.60722906740997   1.00000000                  0.0                 1.00000000e-1            X -2.02394670e48      -41.5010000               X  4.04789340e48      -48.5000000               X  4.04789340e48      -1.00000000e-3              -2.98343097         -1.00000000e-3              -1.39835000e2       -1.00000000e-3              -1.41783000e2       
 118. 0.0                 61.70722906740997   1.00000000                  0.0                 1.00000000e-1            X -2.54799794e48      -41.6010000               X  5.09599587e48      -48.6000000               X  5.09599587e48      -1.00000000e-3              -2.98238579         -1.00000000e-3              -1.40035000e2       -1.00000000e-3              -1.41983000e2       
 119. 0.0                 61.80722906740997   1.00000000                  0.0                 1.00000000e-1            X -3.20773935e48      -41.7010000               X  6.41547870e48      -48.7000000               X  6.41547870e48      -1.00000000e-3              -2.98134312         -1.00000000e-3              -1.40235000e2       -1.00000000e-3              -1.42183000e2       
 120. 0.0                 61.90722906740997   1.00000000                  0.0                 1.00000000e-1            X -4.03830458e48      -41.8010000               X  8.07660916e48      -48.8000000               X  8.07660916e48      -1.00000000e-3              -2.98030294         -1.00000000e-3              -1.40435000e2       -1.00000000e-3              -1.42383000e2       
 121. 0.0                 62.00722906740997   1.00000000                  0.0                 1.00000000e-1            X -5.08392426e48      -41.9010000               X  1.01678485e49      -48.9000000               X  1.01678485e49      -1.00000000e-3              -2.97926525         -1.00000000e-3              -1.40635000e2       -1.00000000e-3              -1.42583000e2       
 122. 0.0                 62.107229067409975  1.00000000                  0.0                 1.00000000e-1            X -6.40028144e48      -42.0010000               X  1.28005629e49      -49.0000000               X  1.28005629e49      -1.00000000e-3              -2.97823003         -1.00000000e-3              -1.40835000e2       -1.00000000e-3              -1.42783000e2       
 123. 0.0                 62.207229067409976  1.00000000                  0.0                 1.00000000e-1            X -8.05747695e48      -42.1010000               X  1.61149539e49      -49.1000000               X  1.61149539e49      -1.00000000e-3              -2.97719727         -1.00000000e-3              -1.41035000e2       -1.00000000e-3              -1.42983000e2       
 124. 0.0                 62.30722906740998   1.00000000                  0.0                 1.00000000e-1            X -1.01437625e49      -42.2010000               X  2.02875250e49      -49.2000000               X  2.02875250e49      -1.00000000e-3              -2.97616697         -1.00000000e-3              -1.41235000e2       -1.00000000e-3              -1.43183000e2       
 125. 0.0                 62.40722906740998   1.00000000                  0.0                 1.00000000e-1            X -1.27702404e49      -42.3010000               X  2.55404807e49      -49.3000000               X  2.55404807e49      -1.00000000e-3              -2.97513910         -1.00000000e-3              -1.41435000e2       -1.00000000e-3              -1.43383000e2       
 126. 0.0                 62.50722906740998   1.00000000                  0.0                 1.00000000e-1            X -1.60767801e49      -42.4010000               X  3.21535602e49      -49.4000000               X  3.21535602e49      -1.00000000e-3              -2.97411366         -1.00000000e-3              -1.41635000e2       -1.00000000e-3              -1.43583000e2       
 127. 0.0                 62.60722906740998   1.00000000                  0.0                 1.00000000e-1            X -2.02394670e49      -42.5010000               X  4.04789340e49      -49.5000000               X  4.04789340e49      -1.00000000e-3              -2.97309063         -1.00000000e-3              -1.41835000e2       -1.00000000e-3              -1.43783000e2       
 128. 0.0                 62.70722906740998   1.00000000                  0.0                 1.00000000e-1            X -2.54799794e49      -42.6010000               X  5.09599587e49      -49.6000000               X  5.09599587e49      -1.00000000e-3              -2.97207001         -1.00000000e-3              -1.42035000e2       -1.00000000e-3              -1.43983000e2       
 129. 0.0                 62.807229067409985  1.00000000                  0.0                 1.00000000e-1            X -3.20773935e49      -42.7010000               X  6.41547870e49      -49.7000000               X  6.41547870e49      -1.00000000e-3              -2.97105178         -1.00000000e-3              -1.42235000e2       -1.00000000e-3              -1.44183000e2       
 130. 0.0                 62.907229067409986  1.00000000                  0.0                 1.00000000e-1            X -4.03830458e49      -42.8010000               X  8.07660916e49      -49.8000000               X  8.07660916e49      -1.00000000e-3              -2.97003594         -1.00000000e-3              -1.42435000e2       -1.00000000e-3              -1.44383000e2       
 131. 0.0                 63.00722906740999   1.00000000                  0.0                 1.00000000e-1            X -5.08392426e49      -42.9010000               X  1.01678485e50      -49.9000000               X  1.01678485e50      -1.00000000e-3              -2.96902246         -1.00000000e-3              -1.42635000e2       -1.00000000e-3              -1.44583000e2       
 132. 0.0                 63.10722906740999   1.00000000                  0.0                 1.00000000e-1            X -6.40028144e49      -43.0010000               X  1.28005629e50      -50.0000000               X  1.28005629e50      -1.00000000e-3              -2.96801135         -1.00000000e-3              -1.42835000e2       -1.00000000e-3              -1.44783000e2       
 133. 0.0                 63.20722906740999   1.00000000                  0.0                 1.00000000e-1            X -8.05747695e49      -43.1010000               X  1.61149539e50      -50.1000000               X  1.61149539e50      -1.00000000e-3              -2.96700258         -1.00000000e-3              -1.43035000e2       -1.00000000e-3              -1.44983000e2       
 134. 0.0                 63.30722906740999   1.00000000                  0.0                 1.00000000e-1            X -1.01437625e50      -43.2010000               X  2.02875250e50      -50.2000000               X  2.02875250e50      -1.00000000e-3              -2.96599615         -1.00000000e-3              -1.43235000e2       -1.00000000e-3              -1.45183000e2       
 135. 0.0                 63.40722906740999   1.00000000                  0.0                 1.00000000e-1            X -1.27702404e50      -43.3010000               X  2.55404807e50      -50.3000000               X  2.55404807e50      -1.00000000e-3              -2.96499204         -1.00000000e-3              -1.43435000e2       -1.00000000e-3              -1.45383000e2       
 136. 0.0                 63.507229067409995  1.00000000                  0.0                 1.00000000e-1            X -1.60767801e50      -43.4010000               X  3.21535602e50      -50.4000000               X  3.21535602e50      -1.00000000e-3              -2.96399026         -1.00000000e-3              -1.43635000e2       -1.00000000e-3              -1.45583000e2       
 137. 0.0                 63.607229067409996  1.00000000                  0.0                 1.00000000e-1            X -2.02394670e50      -43.5010000               X  4.04789340e50      -50.5000000               X  4.04789340e50      -1.00000000e-3              -2.96299078         -1.00000000e-3              -1.43835000e2       -1.00000000e-3              -1.45783000e2       
 138. 0.0                 63.70722906741      1.00000000                  0.0                 1.00000000e-1            X -2.54799794e50      -43.6010000               X  5.09599587e50      -50.6000000               X  5.09599587e50      -1.00000000e-3              -2.96199359         -1.00000000e-3              -1.44035000e2       -1.00000000e-3              -1.45983000e2       
 139. 0.0                 63.80722906741      1.00000000                  0.0                 1.00000000e-1            X -3.20773935e50      -43.7010000               X  6.41547870e50      -50.7000000               X  6.41547870e50      -1.00000000e-3              -2.96099869         -1.00000000e-3              -1.44235000e2       -1.00000000e-3              -1.46183000e2       
 140. 0.0                 63.90722906741      1.00000000                  0.0                 1.00000000e-1            X -4.03830458e50      -43.8010000               X  8.07660916e50      -50.8000000               X  8.07660916e50      -1.00000000e-3              -2.96000606         -1.00000000e-3              -1.44435000e2       -1.00000000e-3              -1.46383000e2       
 141. 0.0                 64.00722906741001   1.00000000                  0.0                 1.00000000e-1            X -5.08392426e50      -43.9010000               X  1.01678485e51      -50.9000000               X  1.01678485e51      -1.00000000e-3              -2.95901569         -1.00000000e-3              -1.44635000e2       -1.00000000e-3              -1.46583000e2       
 142. 0.0                 64.10722906741      1.00000000                  0.0                 1.00000000e-1            X -6.40028144e50      -44.0010000               X  1.28005629e51      -51.0000000               X  1.28005629e51      -1.00000000e-3              -2.95802758         -1.00000000e-3              -1.44835000e2       -1.00000000e-3              -1.46783000e2       
 143. 0.0                 64.20722906741      1.00000000                  0.0                 1.00000000e-1            X -8.05747695e50      -44.1010000               X  1.61149539e51      -51.1000000               X  1.61149539e51      -1.00000000e-3              -2.95704172         -1.00000000e-3              -1.45035000e2       -1.00000000e-3              -1.46983000e2       
 144. 0.0                 64.30722906741      1.00000000                  0.0                 1.00000000e-1            X -1.01437625e51      -44.2010000               X  2.02875250e51      -51.2000000               X  2.02875250e51      -1.00000000e-3              -2.95605808         -1.00000000e-3              -1.45235000e2       -1.00000000e-3              -1.47183000e2       
 145. 0.0                 64.40722906741      1.00000000                  0.0                 1.00000000e-1            X -1.27702404e51      -44.3010000               X  2.55404807e51      -51.3000000               X  2.55404807e51      -1.00000000e-3              -2.95507667         -1.00000000e-3              -1.45435000e2       -1.00000000e-3              -1.47383000e2       
 146. 0.0                 64.50722906741001   1.00000000                  0.0                 1.00000000e-1            X -1.60767801e51      -44.4010000               X  3.21535602e51      -51.4000000               X  3.21535602e51      -1.00000000e-3              -2.95409747         -1.00000000e-3              -1.45635000e2       -1.00000000e-3              -1.47583000e2       
 147. 0.0                 64.60722906741002   1.00000000                  0.0                 1.00000000e-1            X -2.02394670e51      -44.5010000               X  4.04789340e51      -51.5000000               X  4.04789340e51      -1.00000000e-3              -2.95312047         -1.00000000e-3              -1.45835000e2       -1.00000000e-3              -1.47783000e2       
 148. 0.0                 64.70722906741001   1.00000000                  0.0                 1.00000000e-1            X -2.54799794e51      -44.6010000               X  5.09599587e51      -51.6000000               X  5.09599587e51      -1.00000000e-3              -2.95214567         -1.00000000e-3              -1.46035000e2       -1.00000000e-3              -1.47983000e2       
 149. 0.0                 64.80722906741      1.00000000                  0.0                 1.00000000e-1            X -3.20773935e51      -44.7010000               X  6.41547870e51      -51.7000000               X  6.41547870e51      -1.00000000e-3              -2.95117305         -1.00000000e-3              -1.46235000e2       -1.00000000e-3              -1.48183000e2       
 150. 0.0                 64.90722906741001   1.00000000                  0.0                 1.00000000e-1            X -4.03830458e51      -44.8010000               X  8.07660916e51      -51.8000000               X  8.07660916e51      -1.00000000e-3              -2.95020260         -1.00000000e-3              -1.46435000e2       -1.00000000e-3              -1.48383000e2       
 151. 0.0                 65.00722906741001   1.00000000                  0.0                 1.00000000e-1            X -5.08392426e51      -44.9010000               X  1.01678485e52      -51.9000000               X  1.01678485e52      -1.00000000e-3              -2.94923431         -1.00000000e-3              -1.46635000e2       -1.00000000e-3              -1.48583000e2       
 152. 0.0                 65.10722906741002   1.00000000                  0.0                 1.00000000e-1            X -6.40028144e51      -45.0010000               X  1.28005629e52      -52.0000000               X  1.28005629e52      -1.00000000e-3              -2.94826818         -1.00000000e-3              -1.46835000e2       -1.00000000e-3              -1.48783000e2       
 153. 0.0                 65.20722906741003   1.00000000                  0.0                 1.00000000e-1            X -8.05747695e51      -45.1010000               X  1.61149539e52      -52.1000000               X  1.61149539e52      -1.00000000e-3              -2.94730420         -1.00000000e-3              -1.47035000e2       -1.00000000e-3              -1.48983000e2       
 154. 0.0                 65.30722906741002   1.00000000                  0.0                 1.00000000e-1            X -1.01437625e52      -45.2010000               X  2.02875250e52      -52.2000000               X  2.02875250e52      -1.00000000e-3              -2.94634235         -1.00000000e-3              -1.47235000e2       -1.00000000e-3              -1.49183000e2       
 155. 0.0                 65.40722906741003   1.00000000                  0.0                 1.00000000e-1            X -1.27702404e52      -45.3010000               X  2.55404807e52      -52.3000000               X  2.55404807e52      -1.00000000e-3              -2.94538262         -1.00000000e-3              -1.47435000e2       -1.00000000e-3              -1.49383000e2       
 156. 0.0                 65.50722906741002   1.00000000                  0.0                 1.00000000e-1            X -1.60767801e52      -45.4010000               X  3.21535602e52      -52.4000000               X  3.21535602e52      -1.00000000e-3              -2.94442502         -1.00000000e-3              -1.47635000e2       -1.00000000e-3              -1.49583000e2       
 157. 0.0                 65.60722906741002   1.00000000                  0.0                 1.00000000e-1            X -2.02394670e52      -45.5010000               X  4.04789340e52      -52.5000000               X  4.04789340e52      -1.00000000e-3              -2.94346951         -1.00000000e-3              -1.47835000e2       -1.00000000e-3              -1.49783000e2       
 158. 0.0                 65.70722906741003   1.00000000                  0.0                 1.00000000e-1            X -2.54799794e52      -45.6010000               X  5.09599587e52      -52.6000000               X  5.09599587e52      -1.00000000e-3              -2.94251611         -1.00000000e-3              -1.48035000e2       -1.00000000e-3              -1.49983000e2       
 159. 0.0                 65.80722906741002   1.00000000                  0.0                 1.00000000e-1            X -3.20773935e52      -45.7010000               X  6.41547870e52      -52.7000000               X  6.41547870e52      -1.00000000e-3              -2.94156479         -1.00000000e-3              -1.48235000e2       -1.00000000e-3              -1.50183000e2       
 160. 0.0                 65.90722906741003   1.00000000                  0.0                 1.00000000e-1            X -4.03830458e52      -45.8010000               X  8.07660916e52      -52.8000000               X  8.07660916e52      -1.00000000e-3              -2.94061556         -1.00000000e-3              -1.48435000e2       -1.00000000e-3              -1.50383000e2       
 161. 0.0                 66.00722906741004   1.00000000                  0.0                 1.00000000e-1            X -5.08392426e52      -45.9010000               X  1.01678485e53      -52.9000000               X  1.01678485e53      -1.00000000e-3              -2.93966839         -1.00000000e-3              -1.48635000e2       -1.00000000e-3              -1.50583000e2       
 162. 0.0                 66.10722906741003   1.00000000                  0.0                 1.00000000e-1            X -6.40028144e52      -46.0010000               X  1.28005629e53      -53.0000000               X  1.28005629e53      -1.00000000e-3              -2.93872329         -1.00000000e-3              -1.48835000e2       -1.00000000e-3              -1.50783000e2       
 163. 0.0                 66.20722906741003   1.00000000                  0.0                 1.00000000e-1            X -8.05747695e52      -46.1010000               X  1.61149539e53      -53.1000000               X  1.61149539e53      -1.00000000e-3              -2.93778023         -1.00000000e-3              -1.49035000e2       -1.00000000e-3              -1.50983000e2       
 164. 0.0                 66.30722906741003   1.00000000                  0.0                 1.00000000e-1            X -1.01437625e53      -46.2010000               X  2.02875250e53      -53.2000000               X  2.02875250e53      -1.00000000e-3              -2.93683922         -1.00000000e-3              -1.49235000e2       -1.00000000e-3              -1.51183000e2       
 165. 0.0                 66.40722906741004   1.00000000                  0.0                 1.00000000e-1            X -1.27702404e53      -46.3010000               X  2.55404807e53      -53.3000000               X  2.55404807e53      -1.00000000e-3              -2.93590025         -1.00000000e-3              -1.49435000e2       -1.00000000e-3              -1.51383000e2       
 166. 0.0                 66.50722906741004   1.00000000                  0.0                 1.00000000e-1            X -1.60767801e53      -46.4010000               X  3.21535602e53      -53.4000000               X  3.21535602e53      -1.00000000e-3              -2.93496330         -1.00000000e-3              -1.49635000e2       -1.00000000e-3              -1.51583000e2       
 167. 0.0                 66.60722906741003   1.00000000                  0.0                 1.00000000e-1            X -2.02394670e53      -46.5010000               X  4.04789340e53      -53.5000000               X  4.04789340e53      -1.00000000e-3              -2.93402837         -1.00000000e-3              -1.49835000e2       -1.00000000e-3              -1.51783000e2       
 168. 0.0                 66.70722906741004   1.00000000                  0.0                 1.00000000e-1            X -2.54799794e53      -46.6010000               X  5.09599587e53      -53.6000000               X  5.09599587e53      -1.00000000e-3              -2.93309544         -1.00000000e-3              -1.50035000e2       -1.00000000e-3              -1.51983000e2       
 169. 0.0                 66.80722906741003   1.00000000                  0.0                 1.00000000e-1            X -3.20773935e53      -46.7010000               X  6.41547870e53      -53.7000000               X  6.41547870e53      -1.00000000e-3              -2.93216452         -1.00000000e-3              -1.50235000e2       -1.00000000e-3              -1.52183000e2       
 170. 0.0                 66.90722906741004   1.00000000                  0.0                 1.00000000e-1            X -4.03830458e53      -46.8010000               X  8.07660916e53      -53.8000000               X  8.07660916e53      -1.00000000e-3              -2.93123559         -1.00000000e-3              -1.50435000e2       -1.00000000e-3              -1.52383000e2       
 171. 0.0                 67.00722906741005   1.00000000                  0.0                 1.00000000e-1            X -5.08392426e53      -46.9010000               X  1.01678485e54      -53.9000000               X  1.01678485e54      -1.00000000e-3              -2.93030864         -1.00000000e-3              -1.50635000e2       -1.00000000e-3              -1.52583000e2       
 172. 0.0                 67.10722906741005   1.00000000                  0.0                 1.00000000e-1            X -6.40028144e53      -47.0010000               X  1.28005629e54      -54.0000000               X  1.28005629e54      -1.00000000e-3              -2.92938366         -1.00000000e-3              -1.50835000e2       -1.00000000e-3              -1.52783000e2       
 173. 0.0                 67.20722906741004   1.00000000                  0.0                 1.00000000e-1            X -8.05747695e53      -47.1010000               X  1.61149539e54      -54.1000000               X  1.61149539e54      -1.00000000e-3              -2.92846065         -1.00000000e-3              -1.51035000e2       -1.00000000e-3              -1.52983000e2       
 174. 0.0                 67.30722906741005   1.00000000                  0.0                 1.00000000e-1            X -1.01437625e54      -47.2010000               X  2.02875250e54      -54.2000000               X  2.02875250e54      -1.00000000e-3              -2.92753960         -1.00000000e-3              -1.51235000e2       -1.00000000e-3              -1.53183000e2       
 175. 0.0                 67.40722906741004   1.00000000                  0.0                 1.00000000e-1            X -1.27702404e54      -47.3010000               X  2.55404807e54      -54.3000000               X  2.55404807e54      -1.00000000e-3              -2.92662050         -1.00000000e-3              -1.51435000e2       -1.00000000e-3              -1.53383000e2       
 176. 0.0                 67.50722906741005   1.00000000                  0.0                 1.00000000e-1            X -1.60767801e54      -47.4010000               X  3.21535602e54      -54.4000000               X  3.21535602e54      -1.00000000e-3              -2.92570333         -1.00000000e-3              -1.51635000e2       -1.00000000e-3              -1.53583000e2       
 177. 0.0                 67.60722906741005   1.00000000                  0.0                 1.00000000e-1            X -2.02394670e54      -47.5010000               X  4.04789340e54      -54.5000000               X  4.04789340e54      -1.00000000e-3              -2.92478810         -1.00000000e-3              -1.51835000e2       -1.00000000e-3              -1.53783000e2       
 178. 0.0                 67.70722906741005   1.00000000                  0.0                 1.00000000e-1            X -2.54799794e54      -47.6010000               X  5.09599587e54      -54.6000000               X  5.09599587e54      -1.00000000e-3              -2.92387480         -1.00000000e-3              -1.52035000e2       -1.00000000e-3              -1.53983000e2       
 179. 0.0                 67.80722906741005   1.00000000                  0.0                 1.00000000e-1            X -3.20773935e54      -47.7010000               X  6.41547870e54      -54.7000000               X  6.41547870e54      -1.00000000e-3              -2.92296341         -1.00000000e-3              -1.52235000e2       -1.00000000e-3              -1.54183000e2       
 180. 0.0                 67.90722906741006   1.00000000                  0.0                 1.00000000e-1            X -4.03830458e54      -47.8010000               X  8.07660916e54      -54.8000000               X  8.07660916e54      -1.00000000e-3              -2.92205393         -1.00000000e-3              -1.52435000e2       -1.00000000e-3              -1.54383000e2       
 181. 0.0                 68.00722906741005   1.00000000                  0.0                 1.00000000e-1            X -5.08392426e54      -47.9010000               X  1.01678485e55      -54.9000000               X  1.01678485e55      -1.00000000e-3              -2.92114635         -1.00000000e-3              -1.52635000e2       -1.00000000e-3              -1.54583000e2       
 182. 0.0                 68.10722906741006   1.00000000                  0.0                 1.00000000e-1            X -6.40028144e54      -48.0010000               X  1.28005629e55      -55.0000000               X  1.28005629e55      -1.00000000e-3              -2.92024067         -1.00000000e-3              -1.52835000e2       -1.00000000e-3              -1.54783000e2       
 183. 0.0                 68.20722906741005   1.00000000                  0.0                 1.00000000e-1            X -8.05747695e54      -48.1010000               X  1.61149539e55      -55.1000000               X  1.61149539e55      -1.00000000e-3              -2.91933687         -1.00000000e-3              -1.53035000e2       -1.00000000e-3              -1.54983000e2       
 184. 0.0                 68.30722906741006   1.00000000                  0.0                 1.00000000e-1            X -1.01437625e55      -48.2010000               X  2.02875250e55      -55.2000000               X  2.02875250e55      -1.00000000e-3              -2.91843494         -1.00000000e-3              -1.53235000e2       -1.00000000e-3              -1.55183000e2       
 185. 0.0                 68.40722906741007   1.00000000                  0.0                 1.00000000e-1            X -1.27702404e55      -48.3010000               X  2.55404807e55      -55.3000000               X  2.55404807e55      -1.00000000e-3              -2.91753489         -1.00000000e-3              -1.53435000e2       -1.00000000e-3              -1.55383000e2       
 186. 0.0                 68.50722906741007   1.00000000                  0.0                 1.00000000e-1            X -1.60767801e55      -48.4010000               X  3.21535602e55      -55.4000000               X  3.21535602e55      -1.00000000e-3              -2.91663669         -1.00000000e-3              -1.53635000e2       -1.00000000e-3              -1.55583000e2       
 187. 0.0                 68.60722906741006   1.00000000                  0.0                 1.00000000e-1            X -2.02394670e55      -48.5010000               X  4.04789340e55      -55.5000000               X  4.04789340e55      -1.00000000e-3              -2.91574035         -1.00000000e-3              -1.53835000e2       -1.00000000e-3              -1.55783000e2       
 188. 0.0                 68.70722906741007   1.00000000                  0.0                 1.00000000e-1            X -2.54799794e55      -48.6010000               X  5.09599587e55      -55.6000000               X  5.09599587e55      -1.00000000e-3              -2.91484586         -1.00000000e-3              -1.54035000e2       -1.00000000e-3              -1.55983000e2       
 189. 0.0                 68.80722906741008   1.00000000                  0.0                 1.00000000e-1            X -3.20773935e55      -48.7010000               X  6.41547870e55      -55.7000000               X  6.41547870e55      -1.00000000e-3              -2.91395320         -1.00000000e-3              -1.54235000e2       -1.00000000e-3              -1.56183000e2       
 190. 0.0                 68.90722906741007   1.00000000                  0.0                 1.00000000e-1            X -4.03830458e55      -48.8010000               X  8.07660916e55      -55.8000000               X  8.07660916e55      -1.00000000e-3              -2.91306238         -1.00000000e-3              -1.54435000e2       -1.00000000e-3              -1.56383000e2       
 191. 0.0                 69.00722906741008   1.00000000                  0.0                 1.00000000e-1            X -5.08392426e55      -48.9010000               X  1.01678485e56      -55.9000000               X  1.01678485e56      -1.00000000e-3              -2.91217338         -1.00000000e-3              -1.54635000e2       -1.00000000e-3              -1.56583000e2       
 192. 0.0                 69.10722906741007   1.00000000                  0.0                 1.00000000e-1            X -6.40028144e55      -49.0010000               X  1.28005629e56      -56.0000000               X  1.28005629e56      -1.00000000e-3              -2.91128619         -1.00000000e-3              -1.54835000e2       -1.00000000e-3              -1.56783000e2       
 193. 0.0                 69.20722906741007   1.00000000                  0.0                 1.00000000e-1            X -8.05747695e55      -49.1010000               X  1.61149539e56      -56.1000000               X  1.61149539e56      -1.00000000e-3              -2.91040082         -1.00000000e-3              -1.55035000e2       -1.00000000e-3              -1.56983000e2       
 194. 0.0                 69.30722906741008   1.00000000                  0.0                 1.00000000e-1            X -1.01437625e56      -49.2010000               X  2.02875250e56      -56.2000000               X  2.02875250e56      -1.00000000e-3              -2.90951724         -1.00000000e-3              -1.55235000e2       -1.00000000e-3              -1.57183000e2       
 195. 0.0                 69.40722906741007   1.00000000                  0.0                 1.00000000e-1            X -1.27702404e56      -49.3010000               X  2.55404807e56      -56.3000000               X  2.55404807e56      -1.00000000e-3              -2.90863546         -1.00000000e-3              -1.55435000e2       -1.00000000e-3              -1.57383000e2       
 196. 0.0                 69.50722906741008   1.00000000                  0.0                 1.00000000e-1            X -1.60767801e56      -49.4010000               X  3.21535602e56      -56.4000000               X  3.21535602e56      -1.00000000e-3              -2.90775547         -1.00000000e-3              -1.55635000e2       -1.00000000e-3              -1.57583000e2       
 197. 0.0                 69.60722906741007   1.00000000                  0.0                 1.00000000e-1            X -2.02394670e56      -49.5010000               X  4.04789340e56      -56.5000000               X  4.04789340e56      -1.00000000e-3              -2.90687725         -1.00000000e-3              -1.55835000e2       -1.00000000e-3              -1.57783000e2       
 198. 0.0                 69.70722906741008   1.00000000                  0.0                 1.00000000e-1            X -2.54799794e56      -49.6010000               X  5.09599587e56      -56.6000000               X  5.09599587e56      -1.00000000e-3              -2.90600081         -1.00000000e-3              -1.56035000e2       -1.00000000e-3              -1.57983000e2       
 199. 0.0                 69.80722906741008   1.00000000                  0.0                 1.00000000e-1            X -3.20773935e56      -49.7010000               X  6.41547870e56      -56.7000000               X  6.41547870e56      -1.00000000e-3              -2.90512613         -1.00000000e-3              -1.56235000e2       -1.00000000e-3              -1.58183000e2       
 200. 0.0                 69.90722906741009   1.00000000                  0.0                 1.00000000e-1            X -4.03830458e56      -49.8010000               X  8.07660916e56      -56.8000000               X  8.07660916e56      -1.00000000e-3              -2.90425322         -1.00000000e-3              -1.56435000e2       -1.00000000e-3              -1.58383000e2       
 201. 0.0                 70.0072290674101    1.00000000                  0.0                 1.00000000e-1            X -5.08392426e56      -49.9010000               X  1.01678485e57      -56.9000000               X  1.01678485e57      -1.00000000e-3              -2.90338205         -1.00000000e-3              -1.56635000e2       -1.00000000e-3              -1.58583000e2       
 202. 0.0                 70.10722906741009   1.00000000                  0.0                 1.00000000e-1            X -6.40028144e56      -50.0010000               X  1.28005629e57      -57.0000000               X  1.28005629e57      -1.00000000e-3              -2.90251262         -1.00000000e-3              -1.56835000e2       -1.00000000e-3              -1.58783000e2       
 203. 0.0                 70.20722906741008   1.00000000                  0.0                 1.00000000e-1            X -8.05747695e56      -50.1010000               X  1.61149539e57      -57.1000000               X  1.61149539e57      -1.00000000e-3              -2.90164494         -1.00000000e-3              -1.57035000e2       -1.00000000e-3              -1.58983000e2       
 204. 0.0                 70.30722906741009   1.00000000                  0.0                 1.00000000e-1            X -1.01437625e57      -50.2010000               X  2.02875250e57      -57.2000000               X  2.02875250e57      -1.00000000e-3              -2.90077898         -1.00000000e-3              -1.57235000e2       -1.00000000e-3              -1.59183000e2       
 205. 0.0                 70.40722906741009   1.00000000                  0.0                 1.00000000e-1            X -1.27702404e57      -50.3010000               X  2.55404807e57      -57.3000000               X  2.55404807e57      -1.00000000e-3              -2.89991475         -1.00000000e-3              -1.57435000e2       -1.00000000e-3              -1.59383000e2       
 206. 0.0                 70.5072290674101    1.00000000                  0.0                 1.00000000e-1            X -1.60767801e57      -50.4010000               X  3.21535602e57      -57.4000000               X  3.21535602e57      -1.00000000e-3              -2.89905223         -1.00000000e-3              -1.57635000e2       -1.00000000e-3              -1.59583000e2       
 207. 0.0                 70.6072290674101    1.00000000                  0.0                 1.00000000e-1            X -2.02394670e57      -50.5010000               X  4.04789340e57      -57.5000000               X  4.04789340e57      -1.00000000e-3              -2.89819142         -1.00000000e-3              -1.57835000e2       -1.00000000e-3              -1.59783000e2       
 208. 0.0                 70.7072290674101    1.00000000                  0.0                 1.00000000e-1            X -2.54799794e57      -50.6010000               X  5.09599587e57      -57.6000000               X  5.09599587e57      -1.00000000e-3              -2.89733232         -1.00000000e-3              -1.58035000e2       -1.00000000e-3              -1.59983000e2       
 209. 0.0                 70.8072290674101    1.00000000                  0.0                 1.00000000e-1            X -3.20773935e57      -50.7010000               X  6.41547870e57      -57.7000000               X  6.41547870e57      -1.00000000e-3              -2.89647491         -1.00000000e-3              -1.58235000e2       -1.00000000e-3              -1.60183000e2       
 210. 0.0                 70.9072290674101    1.00000000                  0.0                 1.00000000e-1            X -4.03830458e57      -50.8010000               X  8.07660916e57      -57.8000000               X  8.07660916e57      -1.00000000e-3              -2.89561919         -1.00000000e-3              -1.58435000e2       -1.00000000e-3              -1.60383000e2       
 211. 0.0                 71.0072290674101    1.00000000                  0.0                 1.00000000e-1            X -5.08392426e57      -50.9010000               X  1.01678485e58      -57.9000000               X  1.01678485e58      -1.00000000e-3              -2.89476515         -1.00000000e-3              -1.58635000e2       -1.00000000e-3              -1.60583000e2       
 212. 0.0                 71.1072290674101    1.00000000                  0.0                 1.00000000e-1            X -6.40028144e57      -51.0010000               X  1.28005629e58      -58.0000000               X  1.28005629e58      -1.00000000e-3              -2.89391279         -1.00000000e-3              -1.58835000e2       -1.00000000e-3              -1.60783000e2       
 213. 0.0                 71.20722906741011   1.00000000                  0.0                 1.00000000e-1            X -8.05747695e57      -51.1010000               X  1.61149539e58      -58.1000000               X  1.61149539e58      -1.00000000e-3              -2.89306210         -1.00000000e-3              -1.59035000e2       -1.00000000e-3              -1.60983000e2       
 214. 0.0                 71.3072290674101    1.00000000                  0.0                 1.00000000e-1            X -1.01437625e58      -51.2010000               X  2.02875250e58      -58.2000000               X  2.02875250e58      -1.00000000e-3              -2.89221307         -1.00000000e-3              -1.59235000e2       -1.00000000e-3              -1.61183000e2       
 215. 0.0                 71.4072290674101    1.00000000                  0.0                 1.00000000e-1            X -1.27702404e58      -51.3010000               X  2.55404807e58      -58.3000000               X  2.55404807e58      -1.00000000e-3              -2.89136570         -1.00000000e-3              -1.59435000e2       -1.00000000e-3              -1.61383000e2       
 216. 0.0                 71.50722906741011   1.00000000                  0.0                 1.00000000e-1            X -1.60767801e58      -51.4010000               X  3.21535602e58      -58.4000000               X  3.21535602e58      -1.00000000e-3              -2.89051998         -1.00000000e-3              -1.59635000e2       -1.00000000e-3              -1.61583000e2       
 217. 0.0                 71.60722906741012   1.00000000                  0.0                 1.00000000e-1            X -2.02394670e58      -51.5010000               X  4.04789340e58      -58.5000000               X  4.04789340e58      -1.00000000e-3              -2.88967591         -1.00000000e-3              -1.59835000e2       -1.00000000e-3              -1.61783000e2       
 218. 0.0                 71.70722906741011   1.00000000                  0.0                 1.00000000e-1            X -2.54799794e58      -51.6010000               X  5.09599587e58      -58.6000000               X  5.09599587e58      -1.00000000e-3              -2.88883347         -1.00000000e-3              -1.60035000e2       -1.00000000e-3              -1.61983000e2       
 219. 0.0                 71.8072290674101    1.00000000                  0.0                 1.00000000e-1            X -3.20773935e58      -51.7010000               X  6.41547870e58      -58.7000000               X  6.41547870e58      -1.00000000e-3              -2.88799266         -1.00000000e-3              -1.60235000e2       -1.00000000e-3              -1.62183000e2       
 220. 0.0                 71.90722906741011   1.00000000                  0.0                 1.00000000e-1            X -4.03830458e58      -51.8010000               X  8.07660916e58      -58.8000000               X  8.07660916e58      -1.00000000e-3              -2.88715347         -1.00000000e-3              -1.60435000e2       -1.00000000e-3              -1.62383000e2       
 221. 0.0                 72.00722906741011   1.00000000                  0.0                 1.00000000e-1            X -5.08392426e58      -51.9010000               X  1.01678485e59      -58.9000000               X  1.01678485e59      -1.00000000e-3              -2.88631591         -1.00000000e-3              -1.60635000e2       -1.00000000e-3              -1.62583000e2       
 222. 0.0                 72.10722906741012   1.00000000                  0.0                 1.00000000e-1            X -6.40028144e58      -52.0010000               X  1.28005629e59      -59.0000000               X  1.28005629e59      -1.00000000e-3              -2.88547995         -1.00000000e-3              -1.60835000e2       -1.00000000e-3              -1.62783000e2       
 223. 0.0                 72.20722906741011   1.00000000                  0.0                 1.00000000e-1            X -8.05747695e58      -52.1010000               X  1.61149539e59      -59.1000000               X  1.61149539e59      -1.00000000e-3              -2.88464561         -1.00000000e-3              -1.61035000e2       -1.00000000e-3              -1.62983000e2       
 224. 0.0                 72.30722906741012   1.00000000                  0.0                 1.00000000e-1            X -1.01437625e59      -52.2010000               X  2.02875250e59      -59.2000000               X  2.02875250e59      -1.00000000e-3              -2.88381286         -1.00000000e-3              -1.61235000e2       -1.00000000e-3              -1.63183000e2       
 225. 0.0                 72.40722906741013   1.00000000                  0.0                 1.00000000e-1            X -1.27702404e59      -52.3010000               X  2.55404807e59      -59.3000000               X  2.55404807e59      -1.00000000e-3              -2.88298170         -1.00000000e-3              -1.61435000e2       -1.00000000e-3              -1.63383000e2       
 226. 0.0                 72.50722906741012   1.00000000                  0.0                 1.00000000e-1            X -1.60767801e59      -52.4010000               X  3.21535602e59      -59.4000000               X  3.21535602e59      -1.00000000e-3              -2.88215214         -1.00000000e-3              -1.61635000e2       -1.00000000e-3              -1.63583000e2       
 227. 0.0                 72.60722906741012   1.00000000                  0.0                 1.00000000e-1            X -2.02394670e59      -52.5010000               X  4.04789340e59      -59.5000000               X  4.04789340e59      -1.00000000e-3              -2.88132415         -1.00000000e-3              -1.61835000e2       -1.00000000e-3              -1.63783000e2       
 228. 0.0                 72.70722906741013   1.00000000                  0.0                 1.00000000e-1            X -2.54799794e59      -52.6010000               X  5.09599587e59      -59.6000000               X  5.09599587e59      -1.00000000e-3              -2.88049774         -1.00000000e-3              -1.62035000e2       -1.00000000e-3              -1.63983000e2       
 229. 0.0                 72.80722906741012   1.00000000                  0.0                 1.00000000e-1            X -3.20773935e59      -52.7010000               X  6.41547870e59      -59.7000000               X  6.41547870e59      -1.00000000e-3              -2.87967290         -1.00000000e-3              -1.62235000e2       -1.00000000e-3              -1.64183000e2       
 230. 0.0                 72.90722906741013   1.00000000                  0.0                 1.00000000e-1            X -4.03830458e59      -52.8010000               X  8.07660916e59      -59.8000000               X  8.07660916e59      -1.00000000e-3              -2.87884963         -1.00000000e-3              -1.62435000e2       -1.00000000e-3              -1.64383000e2       
 231. 0.0                 73.00722906741012   1.00000000                  0.0                 1.00000000e-1            X -5.08392426e59      -52.9010000               X  1.01678485e60      -59.9000000               X  1.01678485e60      -1.00000000e-3              -2.87802791         -1.00000000e-3              -1.62635000e2       -1.00000000e-3              -1.64583000e2       
 232. 0.0                 73.10722906741013   1.00000000                  0.0                 1.00000000e-1            X -6.40028144e59      -53.0010000               X  1.28005629e60      -60.0000000               X  1.28005629e60      -1.00000000e-3              -2.87720774         -1.00000000e-3              -1.62835000e2       -1.00000000e-3              -1.64783000e2       
 233. 0.0                 73.20722906741013   1.00000000                  0.0                 1.00000000e-1            X -8.05747695e59      -53.1010000               X  1.61149539e60      -60.1000000               X  1.61149539e60      -1.00000000e-3              -2.87638912         -1.00000000e-3              -1.63035000e2       -1.00000000e-3              -1.64983000e2       
 234. 0.0                 73.30722906741013   1.00000000                  0.0                 1.00000000e-1            X -1.01437625e60      -53.2010000               X  2.02875250e60      -60.2000000               X  2.02875250e60      -1.00000000e-3              -2.87557204         -1.00000000e-3              -1.63235000e2       -1.00000000e-3              -1.65183000e2       
 235. 0.0                 73.40722906741013   1.00000000                  0.0                 1.00000000e-1            X -1.27702404e60      -53.3010000               X  2.55404807e60      -60.3000000               X  2.55404807e60      -1.00000000e-3              -2.87475650         -1.00000000e-3              -1.63435000e2       -1.00000000e-3              -1.65383000e2       
 236. 0.0                 73.50722906741014   1.00000000                  0.0                 1.00000000e-1            X -1.60767801e60      -53.4010000               X  3.21535602e60      -60.4000000               X  3.21535602e60      -1.00000000e-3              -2.87394248         -1.00000000e-3              -1.63635000e2       -1.00000000e-3              -1.65583000e2       
 237. 0.0                 73.60722906741015   1.00000000                  0.0                 1.00000000e-1            X -2.02394670e60      -53.5010000               X  4.04789340e60      -60.5000000               X  4.04789340e60      -1.00000000e-3              -2.87312998         -1.00000000e-3              -1.63835000e2       -1.00000000e-3              -1.65783000e2       
 238. 0.0                 73.70722906741014   1.00000000                  0.0                 1.00000000e-1            X -2.54799794e60      -53.6010000               X  5.09599587e60      -60.6000000               X  5.09599587e60      -1.00000000e-3              -2.87231901         -1.00000000e-3              -1.64035000e2       -1.00000000e-3              -1.65983000e2       
 239. 0.0                 73.80722906741013   1.00000000                  0.0                 1.00000000e-1            X -3.20773935e60      -53.7010000               X  6.41547870e60      -60.7000000               X  6.41547870e60      -1.00000000e-3              -2.87150954         -1.00000000e-3              -1.64235000e2       -1.00000000e-3              -1.66183000e2       
 240. 0.0                 73.90722906741014   1.00000000                  0.0                 1.00000000e-1            X -4.03830458e60      -53.8010000               X  8.07660916e60      -60.8000000               X  8.07660916e60      -1.00000000e-3              -2.87070158         -1.00000000e-3              -1.64435000e2       -1.00000000e-3              -1.66383000e2       
 241. 0.0                 74.00722906741015   1.00000000                  0.0                 1.00000000e-1            X -5.08392426e60      -53.9010000               X  1.01678485e61      -60.9000000               X  1.01678485e61      -1.00000000e-3              -2.86989512         -1.00000000e-3              -1.64635000e2       -1.00000000e-3              -1.66583000e2       
 242. 0.0                 74.10722906741015   1.00000000                  0.0                 1.00000000e-1            X -6.40028144e60      -54.0010000               X  1.28005629e61      -61.0000000               X  1.28005629e61      -1.00000000e-3              -2.86909016         -1.00000000e-3              -1.64835000e2       -1.00000000e-3              -1.66783000e2       
 243. 0.0                 74.20722906741014   1.00000000                  0.0                 1.00000000e-1            X -8.05747695e60      -54.1010000               X  1.61149539e61      -61.1000000               X  1.61149539e61      -1.00000000e-3              -2.86828668         -1.00000000e-3              -1.65035000e2       -1.00000000e-3              -1.66983000e2       
 244. 0.0                 74.30722906741015   1.00000000                  0.0                 1.00000000e-1            X -1.01437625e61      -54.2010000               X  2.02875250e61      -61.2000000               X  2.02875250e61      -1.00000000e-3              -2.86748469         -1.00000000e-3              -1.65235000e2       -1.00000000e-3              -1.67183000e2       
 245. 0.0                 74.40722906741014   1.00000000                  0.0                 1.00000000e-1            X -1.27702404e61      -54.3010000               X  2.55404807e61      -61.3000000               X  2.55404807e61      -1.00000000e-3              -2.86668417         -1.00000000e-3              -1.65435000e2       -1.00000000e-3              -1.67383000e2       
 246. 0.0                 74.50722906741015   1.00000000                  0.0                 1.00000000e-1            X -1.60767801e61      -54.4010000               X  3.21535602e61      -61.4000000               X  3.21535602e61      -1.00000000e-3              -2.86588513         -1.00000000e-3              -1.65635000e2       -1.00000000e-3              -1.67583000e2       
 247. 0.0                 74.60722906741016   1.00000000                  0.0                 1.00000000e-1            X -2.02394670e61      -54.5010000               X  4.04789340e61      -61.5000000               X  4.04789340e61      -1.00000000e-3              -2.86508756         -1.00000000e-3              -1.65835000e2       -1.00000000e-3              -1.67783000e2       
 248. 0.0                 74.70722906741015   1.00000000                  0.0                 1.00000000e-1            X -2.54799794e61      -54.6010000               X  5.09599587e61      -61.6000000               X  5.09599587e61      -1.00000000e-3              -2.86429145         -1.00000000e-3              -1.66035000e2       -1.00000000e-3              -1.67983000e2       
 249. 0.0                 74.80722906741016   1.00000000                  0.0                 1.00000000e-1            X -3.20773935e61      -54.7010000               X  6.41547870e61      -61.7000000               X  6.41547870e61      -1.00000000e-3              -2.86349679         -1.00000000e-3              -1.66235000e2       -1.00000000e-3              -1.68183000e2       
 250. 0.0                 74.90722906741016   1.00000000                  0.0                 1.00000000e-1            X -4.03830458e61      -54.8010000               X  8.07660916e61      -61.8000000               X  8.07660916e61      -1.00000000e-3              -2.86270359         -1.00000000e-3              -1.66435000e2       -1.00000000e-3              -1.68383000e2       
 251. 0.0                 75.00722906741015   1.00000000                  0.0                 1.00000000e-1            X -5.08392426e61      -54.9010000               X  1.01678485e62      -61.9000000               X  1.01678485e62      -1.00000000e-3              -2.86191183         -1.00000000e-3              -1.66635000e2       -1.00000000e-3              -1.68583000e2       
 252. 0.0                 75.10722906741016   1.00000000                  0.0                 1.00000000e-1            X -6.40028144e61      -55.0010000               X  1.28005629e62      -62.0000000               X  1.28005629e62      -1.00000000e-3              -2.86112152         -1.00000000e-3              -1.66835000e2       -1.00000000e-3              -1.68783000e2       
 253. 0.0                 75.20722906741017   1.00000000                  0.0                 1.00000000e-1            X -8.05747695e61      -55.1010000               X  1.61149539e62      -62.1000000               X  1.61149539e62      -1.00000000e-3              -2.86033264         -1.00000000e-3              -1.67035000e2       -1.00000000e-3              -1.68983000e2       
 254. 0.0                 75.30722906741016   1.00000000                  0.0                 1.00000000e-1            X -1.01437625e62      -55.2010000               X  2.02875250e62      -62.2000000               X  2.02875250e62      -1.00000000e-3              -2.85954519         -1.00000000e-3              -1.67235000e2       -1.00000000e-3              -1.69183000e2       
 255. 0.0                 75.40722906741017   1.00000000                  0.0                 1.00000000e-1            X -1.27702404e62      -55.3010000               X  2.55404807e62      -62.3000000               X  2.55404807e62      -1.00000000e-3              -2.85875916         -1.00000000e-3              -1.67435000e2       -1.00000000e-3              -1.69383000e2       
 256. 0.0                 75.50722906741017   1.00000000                  0.0                 1.00000000e-1            X -1.60767801e62      -55.4010000               X  3.21535602e62      -62.4000000               X  3.21535602e62      -1.00000000e-3              -2.85797456         -1.00000000e-3              -1.67635000e2       -1.00000000e-3              -1.69583000e2       
 257. 0.0                 75.60722906741016   1.00000000                  0.0                 1.00000000e-1            X -2.02394670e62      -55.5010000               X  4.04789340e62      -62.5000000               X  4.04789340e62      -1.00000000e-3              -2.85719137         -1.00000000e-3              -1.67835000e2       -1.00000000e-3              -1.69783000e2       
 258. 0.0                 75.70722906741017   1.00000000                  0.0                 1.00000000e-1            X -2.54799794e62      -55.6010000               X  5.09599587e62      -62.6000000               X  5.09599587e62      -1.00000000e-3              -2.85640959         -1.00000000e-3              -1.68035000e2       -1.00000000e-3              -1.69983000e2       
 259. 0.0                 75.80722906741016   1.00000000                  0.0                 1.00000000e-1            X -3.20773935e62      -55.7010000               X  6.41547870e62      -62.7000000               X  6.41547870e62      -1.00000000e-3              -2.85562921         -1.00000000e-3              -1.68235000e2       -1.00000000e-3              -1.70183000e2       
 260. 0.0                 75.90722906741017   1.00000000                  0.0                 1.00000000e-1            X -4.03830458e62      -55.8010000               X  8.07660916e62      -62.8000000               X  8.07660916e62      -1.00000000e-3              -2.85485024         -1.00000000e-3              -1.68435000e2       -1.00000000e-3              -1.70383000e2       
 261. 0.0                 76.00722906741017   1.00000000                  0.0                 1.00000000e-1            X -5.08392426e62      -55.9010000               X  1.01678485e63      -62.9000000               X  1.01678485e63      -1.00000000e-3              -2.85407265         -1.00000000e-3              -1.68635000e2       -1.00000000e-3              -1.70583000e2       
 262. 0.0                 76.10722906741017   1.00000000                  0.0                 1.00000000e-1            X -6.40028144e62      -56.0010000               X  1.28005629e63      -63.0000000               X  1.28005629e63      -1.00000000e-3              -2.85329646         -1.00000000e-3              -1.68835000e2       -1.00000000e-3              -1.70783000e2       
 263. 0.0                 76.20722906741017   1.00000000                  0.0                 1.00000000e-1            X -8.05747695e62      -56.1010000               X  1.61149539e63      -63.1000000               X  1.61149539e63      -1.00000000e-3              -2.85252166         -1.00000000e-3              -1.69035000e2       -1.00000000e-3              -1.70983000e2       
 264. 0.0                 76.30722906741018   1.00000000                  0.0                 1.00000000e-1            X -1.01437625e63      -56.2010000               X  2.02875250e63      -63.2000000               X  2.02875250e63      -1.00000000e-3              -2.85174823         -1.00000000e-3              -1.69235000e2       -1.00000000e-3              -1.71183000e2       
 265. 0.0                 76.40722906741019   1.00000000                  0.0                 1.00000000e-1            X -1.27702404e63      -56.3010000               X  2.55404807e63      -63.3000000               X  2.55404807e63      -1.00000000e-3              -2.85097618         -1.00000000e-3              -1.69435000e2       -1.00000000e-3              -1.71383000e2       
 266. 0.0                 76.50722906741018   1.00000000                  0.0                 1.00000000e-1            X -1.60767801e63      -56.4010000               X  3.21535602e63      -63.4000000               X  3.21535602e63      -1.00000000e-3              -2.85020550         -1.00000000e-3              -1.69635000e2       -1.00000000e-3              -1.71583000e2       
 267. 0.0                 76.60722906741017   1.00000000                  0.0                 1.00000000e-1            X -2.02394670e63      -56.5010000               X  4.04789340e63      -63.5000000               X  4.04789340e63      -1.00000000e-3              -2.84943618         -1.00000000e-3              -1.69835000e2       -1.00000000e-3              -1.71783000e2       
 268. 0.0                 76.70722906741018   1.00000000                  0.0                 1.00000000e-1            X -2.54799794e63      -56.6010000               X  5.09599587e63      -63.6000000               X  5.09599587e63      -1.00000000e-3              -2.84866822         -1.00000000e-3              -1.70035000e2       -1.00000000e-3              -1.71983000e2       
 269. 0.0                 76.80722906741019   1.00000000                  0.0                 1.00000000e-1            X -3.20773935e63      -56.7010000               X  6.41547870e63      -63.7000000               X  6.41547870e63      -1.00000000e-3              -2.84790162         -1.00000000e-3              -1.70235000e2       -1.00000000e-3              -1.72183000e2       
 270. 0.0                 76.90722906741019   1.00000000                  0.0                 1.00000000e-1            X -4.03830458e63      -56.8010000               X  8.07660916e63      -63.8000000               X  8.07660916e63      -1.00000000e-3              -2.84713637         -1.00000000e-3              -1.70435000e2       -1.00000000e-3              -1.72383000e2       
 271. 0.0                 77.0072290674102    1.00000000                  0.0                 1.00000000e-1            X -5.08392426e63      -56.9010000               X  1.01678485e64      -63.9000000               X  1.01678485e64      -1.00000000e-3              -2.84637247         -1.00000000e-3              -1.70635000e2       -1.00000000e-3              -1.72583000e2       
 272. 0.0                 77.10722906741019   1.00000000                  0.0                 1.00000000e-1            X -6.40028144e63      -57.0010000               X  1.28005629e64      -64.0000000               X  1.28005629e64      -1.00000000e-3              -2.84560991         -1.00000000e-3              -1.70835000e2       -1.00000000e-3              -1.72783000e2       
 273. 0.0                 77.20722906741018   1.00000000                  0.0                 1.00000000e-1            X -8.05747695e63      -57.1010000               X  1.61149539e64      -64.1000000               X  1.61149539e64      -1.00000000e-3              -2.84484868         -1.00000000e-3              -1.71035000e2       -1.00000000e-3              -1.72983000e2       
 274. 0.0                 77.30722906741018   1.00000000                  0.0                 1.00000000e-1            X -1.01437625e64      -57.2010000               X  2.02875250e64      -64.2000000               X  2.02875250e64      -1.00000000e-3              -2.84408879         -1.00000000e-3              -1.71235000e2       -1.00000000e-3              -1.73183000e2       
 275. 0.0                 77.40722906741017   1.00000000                  0.0                 1.00000000e-1            X -1.27702404e64      -57.3010000               X  2.55404807e64      -64.3000000               X  2.55404807e64      -1.00000000e-3              -2.84333022         -1.00000000e-3              -1.71435000e2       -1.00000000e-3              -1.73383000e2       
 276. 0.0                 77.50722906741017   1.00000000                  0.0                 1.00000000e-1            X -1.60767801e64      -57.4010000               X  3.21535602e64      -64.4000000               X  3.21535602e64      -1.00000000e-3              -2.84257298         -1.00000000e-3              -1.71635000e2       -1.00000000e-3              -1.73583000e2       
 277. 0.0                 77.60722906741016   1.00000000                  0.0                 1.00000000e-1            X -2.02394670e64      -57.5010000               X  4.04789340e64      -64.5000000               X  4.04789340e64      -1.00000000e-3              -2.84181705         -1.00000000e-3              -1.71835000e2       -1.00000000e-3              -1.73783000e2       
 278. 0.0                 77.70722906741015   1.00000000                  0.0                 1.00000000e-1            X -2.54799794e64      -57.6010000               X  5.09599587e64      -64.6000000               X  5.09599587e64      -1.00000000e-3              -2.84106244         -1.00000000e-3              -1.72035000e2       -1.00000000e-3              -1.73983000e2       
 279. 0.0                 77.80722906741015   1.00000000                  0.0                 1.00000000e-1            X -3.20773935e64      -57.7010000               X  6.41547870e64      -64.7000000               X  6.41547870e64      -1.00000000e-3              -2.84030913         -1.00000000e-3              -1.72235000e2       -1.00000000e-3              -1.74183000e2       
 280. 0.0                 77.90722906741014   1.00000000                  0.0                 1.00000000e-1            X -4.03830458e64      -57.8010000               X  8.07660916e64      -64.8000000               X  8.07660916e64      -1.00000000e-3              -2.83955713         -1.00000000e-3              -1.72435000e2       -1.00000000e-3              -1.74383000e2       
 281. 0.0                 78.00722906741014   1.00000000                  0.0                 1.00000000e-1            X -5.08392426e64      -57.9010000               X  1.01678485e65      -64.9000000               X  1.01678485e65      -1.00000000e-3              -2.83880643         -1.00000000e-3              -1.72635000e2       -1.00000000e-3              -1.74583000e2       
 282. 0.0                 78.10722906741013   1.00000000                  0.0                 1.00000000e-1            X -6.40028144e64      -58.0010000               X  1.28005629e65      -65.0000000               X  1.28005629e65      -1.00000000e-3              -2.83805703         -1.00000000e-3              -1.72835000e2       -1.00000000e-3              -1.74783000e2       
 283. 0.0                 78.20722906741013   1.00000000                  0.0                 1.00000000e-1            X -8.05747695e64      -58.1010000               X  1.61149539e65      -65.1000000               X  1.61149539e65      -1.00000000e-3              -2.83730892         -1.00000000e-3              -1.73035000e2       -1.00000000e-3              -1.74983000e2       
 284. 0.0                 78.30722906741012   1.00000000                  0.0                 1.00000000e-1            X -1.01437625e65      -58.2010000               X  2.02875250e65      -65.2000000               X  2.02875250e65      -1.00000000e-3              -2.83656209         -1.00000000e-3              -1.73235000e2       -1.00000000e-3              -1.75183000e2       
 285. 0.0                 78.40722906741011   1.00000000                  0.0                 1.00000000e-1            X -1.27702404e65      -58.3010000               X  2.55404807e65      -65.3000000               X  2.55404807e65      -1.00000000e-3              -2.83581655         -1.00000000e-3              -1.73435000e2       -1.00000000e-3              -1.75383000e2       
 286. 0.0                 78.50722906741011   1.00000000                  0.0                 1.00000000e-1            X -1.60767801e65      -58.4010000               X  3.21535602e65      -65.4000000               X  3.21535602e65      -1.00000000e-3              -2.83507228         -1.00000000e-3              -1.73635000e2       -1.00000000e-3              -1.75583000e2       
 287. 0.0                 78.6072290674101    1.00000000                  0.0                 1.00000000e-1            X -2.02394670e65      -58.5010000               X  4.04789340e65      -65.5000000               X  4.04789340e65      -1.00000000e-3              -2.83432929         -1.00000000e-3              -1.73835000e2       -1.00000000e-3              -1.75783000e2       
 288. 0.0                 78.7072290674101    1.00000000                  0.0                 1.00000000e-1            X -2.54799794e65      -58.6010000               X  5.09599587e65      -65.6000000               X  5.09599587e65      -1.00000000e-3              -2.83358756         -1.00000000e-3              -1.74035000e2       -1.00000000e-3              -1.75983000e2       
 289. 0.0                 78.80722906741009   1.00000000                  0.0                 1.00000000e-1            X -3.20773935e65      -58.7010000               X  6.41547870e65      -65.7000000               X  6.41547870e65      -1.00000000e-3              -2.83284710         -1.00000000e-3              -1.74235000e2       -1.00000000e-3              -1.76183000e2       
 290. 0.0                 78.90722906741009   1.00000000                  0.0                 1.00000000e-1            X -4.03830458e65      -58.8010000               X  8.07660916e65      -65.8000000               X  8.07660916e65      -1.00000000e-3              -2.83210790         -1.00000000e-3              -1.74435000e2       -1.00000000e-3              -1.76383000e2       
 291. 0.0                 79.00722906741008   1.00000000                  0.0                 1.00000000e-1            X -5.08392426e65      -58.9010000               X  1.01678485e66      -65.9000000               X  1.01678485e66      -1.00000000e-3              -2.83136996         -1.00000000e-3              -1.74635000e2       -1.00000000e-3              -1.76583000e2       
 292. 0.0                 79.10722906741007   1.00000000                  0.0                 1.00000000e-1            X -6.40028144e65      -59.0010000               X  1.28005629e66      -66.0000000               X  1.28005629e66      -1.00000000e-3              -2.83063327         -1.00000000e-3              -1.74835000e2       -1.00000000e-3              -1.76783000e2       
 293. 0.0                 79.20722906741007   1.00000000                  0.0                 1.00000000e-1            X -8.05747695e65      -59.1010000               X  1.61149539e66      -66.1000000               X  1.61149539e66      -1.00000000e-3              -2.82989782         -1.00000000e-3              -1.75035000e2       -1.00000000e-3              -1.76983000e2       
 294. 0.0                 79.30722906741006   1.00000000                  0.0                 1.00000000e-1            X -1.01437625e66      -59.2010000               X  2.02875250e66      -66.2000000               X  2.02875250e66      -1.00000000e-3              -2.82916362         -1.00000000e-3              -1.75235000e2       -1.00000000e-3              -1.77183000e2       
 295. 0.0                 79.40722906741006   1.00000000                  0.0                 1.00000000e-1            X -1.27702404e66      -59.3010000               X  2.55404807e66      -66.3000000               X  2.55404807e66      -1.00000000e-3              -2.82843066         -1.00000000e-3              -1.75435000e2       -1.00000000e-3              -1.77383000e2       
 296. 0.0                 79.50722906741005   1.00000000                  0.0                 1.00000000e-1            X -1.60767801e66      -59.4010000               X  3.21535602e66      -66.4000000               X  3.21535602e66      -1.00000000e-3              -2.82769893         -1.00000000e-3              -1.75635000e2       -1.00000000e-3              -1.77583000e2       
 297. 0.0                 79.60722906741005   1.00000000                  0.0                 1.00000000e-1            X -2.02394670e66      -59.5010000               X  4.04789340e66      -66.5000000               X  4.04789340e66      -1.00000000e-3              -2.82696844         -1.00000000e-3              -1.75835000e2       -1.00000000e-3              -1.77783000e2       
 298. 0.0                 79.70722906741004   1.00000000                  0.0                 1.00000000e-1            X -2.54799794e66      -59.6010000               X  5.09599587e66      -66.6000000               X  5.09599587e66      -1.00000000e-3              -2.82623917         -1.00000000e-3              -1.76035000e2       -1.00000000e-3              -1.77983000e2       
 299. 0.0                 79.80722906741003   1.00000000                  0.0                 1.00000000e-1            X -3.20773935e66      -59.7010000               X  6.41547870e66      -66.7000000               X  6.41547870e66      -1.00000000e-3              -2.82551112         -1.00000000e-3              -1.76235000e2       -1.00000000e-3              -1.78183000e2       
