NodeID: 0
 nr   logfactor           convergence         gas_val_u                   gas_res             logI                        I.eq                pH                          chargebalance      
                                                                          0.0                                             0.0                                             0.0                
 300  0                   9.63                1.00000000e-1            X -4.26579631e-4      -2.00000000               X  2.76575744e2        7.00000000               X -7.17387457e-5      
 300  0                   9.63                1.00426580e-1            X -4.26579631e-4      -2.00000000               X  2.76575744e2        7.00000000               X -7.17387457e-5      
 300  0                   9.63                1.00853159e-1            X -4.26579631e-4      -2.00000000               X  2.76575744e2        7.00000000               X -7.17387457e-5      
 300  0                   9.63                1.01279739e-1            X -4.26579631e-4      -2.00000000               X  2.76575744e2        7.00000000               X -7.17387457e-5      
 300  0                   9.63                1.01706319e-1            X -4.26579631e-4      -2.00000000               X  2.76575744e2        7.00000000               X -7.17387457e-5      
 300  0                   9.63                1.02132898e-1            X -4.26579631e-4      -2.00000000               X  2.76575744e2        7.00000000               X -7.17387457e-5      
 300  0                   9.63                1.02559478e-1            X -4.26579631e-4      -2.00000000               X  2.76575744e2        7.00000000               X -7.17387457e-5      
 300  0                   9.63                1.02986057e-1            X -4.26579631e-4      -2.00000000               X  2.76575744e2        7.00000000               X -7.17387457e-5      
 300  0                   9.63                1.03412637e-1            X -4.26579631e-4      -2.00000000               X  2.76575744e2        7.00000000               X -7.17387457e-5      
 300  0                   9.63                1.03839217e-1            X -4.26579631e-4      -2.00000000               X  2.76575744e2        7.00000000               X -7.17387457e-5      
 300  0                   9.63                1.04265796e-1            X -4.26579631e-4      -2.00000000               X  2.76575744e2        7.00000000               X -7.17387457e-5      
 300  0                   9.63                1.04692376e-1            X -4.26579631e-4      -2.00000000               X  2.76575744e2        7.00000000               X -7.17387457e-5      
 300  0                   9.63                1.05118956e-1            X -4.26579631e-4      -2.00000000               X  2.76575744e2        7.00000000               X -7.17387457e-5      
 300  0                   9.63                1.05545535e-1            X -4.26579631e-4      -2.00000000               X  2.76575744e2        7.00000000               X -7.17387457e-5      
 300  0                   9.63                1.05972115e-1            X -4.26579631e-4      -2.00000000               X  2.76575744e2        7.00000000               X -7.17387457e-5      
 300  0                   9.63                1.06398694e-1            X -4.26579631e-4      -2.00000000               X  2.76575744e2        7.00000000               X -7.17387457e-5      
 300  0                   9.63                1.06825274e-1            X -4.26579631e-4      -2.00000000               X  2.76575744e2        7.00000000               X -7.17387457e-5      
 300  0                   9.63                1.07251854e-1            X -4.26579631e-4      -2.00000000               X  2.76575744e2        7.00000000               X -7.17387457e-5      
 300  0                   9.63                1.07678433e-1            X -4.26579631e-4      -2.00000000               X  2.76575744e2        7.00000000               X -7.17387457e-5      
 300  0                   9.63                1.08105013e-1            X -4.26579631e-4      -2.00000000               X  2.76575744e2        7.00000000               X -7.17387457e-5      
 300  0                   9.63                1.08531593e-1            X -4.26579631e-4      -2.00000000               X  2.76575744e2        7.00000000               X -7.17387457e-5      
 300  0                   9.63                1.08958172e-1            X -4.26579631e-4      -2.00000000               X  2.76575744e2        7.00000000               X -7.17387457e-5      
 300  0                   9.63                1.09384752e-1            X -4.26579631e-4      -2.00000000               X  2.76575744e2        7.00000000               X -7.17387457e-5      
 300  0                   9.63                1.09811332e-1            X -4.26579631e-4      -2.00000000               X  2.76575744e2        7.00000000               X -7.17387457e-5      
 300  0                   9.63                1.10237911e-1            X -4.26579631e-4      -2.00000000               X  2.76575744e2        7.00000000               X -7.17387457e-5      
 300  0                   9.63                1.10664491e-1            X -4.26579631e-4      -2.00000000               X  2.76575744e2        7.00000000               X -7.17387457e-5      
 300  0                   9.63                1.11091070e-1            X -4.26579631e-4      -2.00000000               X  2.76575744e2        7.00000000               X -7.17387457e-5      
 300  0                   9.63                1.11517650e-1            X -4.26579631e-4      -2.00000000               X  2.76575744e2        7.00000000               X -7.17387457e-5      
 300  0                   9.63                1.11944230e-1            X -4.26579631e-4      -2.00000000               X  2.76575744e2        7.00000000               X -7.17387457e-5      
 300  0                   9.63                1.12370809e-1            X -4.26579631e-4      -2.00000000               X  2.76575744e2        7.00000000               X -7.17387457e-5      
 300  0                   9.63                1.12797389e-1            X -4.26579631e-4      -2.00000000               X  2.76575744e2        7.00000000               X -7.17387457e-5      
 300  0                   9.63                1.13223969e-1            X -4.26579631e-4      -2.00000000               X  2.76575744e2        7.00000000               X -7.17387457e-5      
 300  0                   9.63                1.13650548e-1            X -4.26579631e-4      -2.00000000               X  2.76575744e2        7.00000000               X -7.17387457e-5      
 300  0                   9.63                1.14077128e-1            X -4.26579631e-4      -2.00000000               X  2.76575744e2        7.00000000               X -7.17387457e-5      
 300  0                   9.63                1.14503707e-1            X -4.26579631e-4      -2.00000000               X  2.76575744e2        7.00000000               X -7.17387457e-5      
 300  0                   9.63                1.14930287e-1            X -4.26579631e-4      -2.00000000               X  2.76575744e2        7.00000000               X -7.17387457e-5      
 300  0                   9.63                1.15356867e-1            X -4.26579631e-4      -2.00000000               X  2.76575744e2        7.00000000               X -7.17387457e-5      
 300  0                   9.63                1.15783446e-1            X -4.26579631e-4      -2.00000000               X  2.76575744e2        7.00000000               X -7.17387457e-5      
 300  0                   9.63                1.16210026e-1            X -4.26579631e-4      -2.00000000               X  2.76575744e2        7.00000000               X -7.17387457e-5      
 300  0                   9.63                1.16636606e-1            X -4.26579631e-4      -2.00000000               X  2.76575744e2        7.00000000               X -7.17387457e-5      
 300  0                   9.63                1.17063185e-1            X -4.26579631e-4      -2.00000000               X  2.76575744e2        7.00000000               X -7.17387457e-5      
 300  0                   9.63                1.17489765e-1            X -4.26579631e-4      -2.00000000               X  2.76575744e2        7.00000000               X -7.17387457e-5      
 300  0                   9.63                1.17916345e-1            X -4.26579631e-4      -2.00000000               X  2.76575744e2        7.00000000               X -7.17387457e-5      
 300  0                   9.63                1.18342924e-1            X -4.26579631e-4      -2.00000000               X  2.76575744e2        7.00000000               X -7.17387457e-5      
 300  0                   9.63                1.18769504e-1            X -4.26579631e-4      -2.00000000               X  2.76575744e2        7.00000000               X -7.17387457e-5      
 300  0                   9.63                1.19196083e-1            X -4.26579631e-4      -2.00000000               X  2.76575744e2        7.00000000               X -7.17387457e-5      
 300  0                   9.63                1.19622663e-1            X -4.26579631e-4      -2.00000000               X  2.76575744e2        7.00000000               X -7.17387457e-5      
 300  0                   9.63                1.20049243e-1            X -4.26579631e-4      -2.00000000               X  2.76575744e2        7.00000000               X -7.17387457e-5      
 300  0                   9.63                1.20475822e-1            X -4.26579631e-4      -2.00000000               X  2.76575744e2        7.00000000               X -7.17387457e-5      
 300  0                   9.63                1.20902402e-1            X -4.26579631e-4      -2.00000000               X  2.76575744e2        7.00000000               X -7.17387457e-5      
 300  0                   9.63                1.21328982e-1            X -4.26579631e-4      -2.00000000               X  2.76575744e2        7.00000000               X -7.17387457e-5      
 300  0                   9.63                1.21755561e-1            X -4.26579631e-4      -2.00000000               X  2.76575744e2        7.00000000               X -7.17387457e-5      
 300  0                   9.63                1.22182141e-1            X -4.26579631e-4      -2.00000000               X  2.76575744e2        7.00000000               X -7.17387457e-5      
 300  0                   9.63                1.22608720e-1            X -4.26579631e-4      -2.00000000               X  2.76575744e2        7.00000000               X -7.17387457e-5      
 300  0                   9.63                1.23035300e-1            X -4.26579631e-4      -2.00000000               X  2.76575744e2        7.00000000               X -7.17387457e-5      
 300  0                   9.63                1.23461880e-1            X -4.26579631e-4      -2.00000000               X  2.76575744e2        7.00000000               X -7.17387457e-5      
 300  0                   9.63                1.23888459e-1            X -4.26579631e-4      -2.00000000               X  2.76575744e2        7.00000000               X -7.17387457e-5      
 300  0                   9.63                1.24315039e-1            X -4.26579631e-4      -2.00000000               X  2.76575744e2        7.00000000               X -7.17387457e-5      
 300  0                   9.63                1.24741619e-1            X -4.26579631e-4      -2.00000000               X  2.76575744e2        7.00000000               X -7.17387457e-5      
 300  0                   9.63                1.25168198e-1            X -4.26579631e-4      -2.00000000               X  2.76575744e2        7.00000000               X -7.17387457e-5      
 300  0                   9.63                1.25594778e-1            X -4.26579631e-4      -2.00000000               X  2.76575744e2        7.00000000               X -7.17387457e-5      
 300  0                   9.63                1.26021358e-1            X -4.26579631e-4      -2.00000000               X  2.76575744e2        7.00000000               X -7.17387457e-5      
 300  0                   9.63                1.26447937e-1            X -4.26579631e-4      -2.00000000               X  2.76575744e2        7.00000000               X -7.17387457e-5      
 300  0                   9.63                1.26874517e-1            X -4.26579631e-4      -2.00000000               X  2.76575744e2        7.00000000               X -7.17387457e-5      
 300  0                   9.63                1.27301096e-1            X -4.26579631e-4      -2.00000000               X  2.76575744e2        7.00000000               X -7.17387457e-5      
 300  0                   9.63                1.27727676e-1            X -4.26579631e-4      -2.00000000               X  2.76575744e2        7.00000000               X -7.17387457e-5      
 300  0                   9.63                1.28154256e-1            X -4.26579631e-4      -2.00000000               X  2.76575744e2        7.00000000               X -7.17387457e-5      
 300  0                   9.63                1.28580835e-1            X -4.26579631e-4      -2.00000000               X  2.76575744e2        7.00000000               X -7.17387457e-5      
 300  0                   9.63                1.29007415e-1            X -4.26579631e-4      -2.00000000               X  2.76575744e2        7.00000000               X -7.17387457e-5      
 300  0                   9.63                1.29433995e-1            X -4.26579631e-4      -2.00000000               X  2.76575744e2        7.00000000               X -7.17387457e-5      
 300  0                   9.63                1.29860574e-1            X -4.26579631e-4      -2.00000000               X  2.76575744e2        7.00000000               X -7.17387457e-5      
 300  0                   9.63                1.30287154e-1            X -4.26579631e-4      -2.00000000               X  2.76575744e2        7.00000000               X -7.17387457e-5      
 300  0                   9.63                1.30713733e-1            X -4.26579631e-4      -2.00000000               X  2.76575744e2        7.00000000               X -7.17387457e-5      
 300  0                   9.63                1.31140313e-1            X -4.26579631e-4      -2.00000000               X  2.76575744e2        7.00000000               X -7.17387457e-5      
 300  0                   9.63                1.31566893e-1            X -4.26579631e-4      -2.00000000               X  2.76575744e2        7.00000000               X -7.17387457e-5      
 300  0                   9.63                1.31993472e-1            X -4.26579631e-4      -2.00000000               X  2.76575744e2        7.00000000               X -7.17387457e-5      
 300  0                   9.63                1.32420052e-1            X -4.26579631e-4      -2.00000000               X  2.76575744e2        7.00000000               X -7.17387457e-5      
 300  0                   9.63                1.32846632e-1            X -4.26579631e-4      -2.00000000               X  2.76575744e2        7.00000000               X -7.17387457e-5      
 300  0                   9.63                1.33273211e-1            X -4.26579631e-4      -2.00000000               X  2.76575744e2        7.00000000               X -7.17387457e-5      
 300  0                   9.63                1.33699791e-1            X -4.26579631e-4      -2.00000000               X  2.76575744e2        7.00000000               X -7.17387457e-5      
 300  0                   9.63                1.34126370e-1            X -4.26579631e-4      -2.00000000               X  2.76575744e2        7.00000000               X -7.17387457e-5      
 300  0                   9.63                1.34552950e-1            X -4.26579631e-4      -2.00000000               X  2.76575744e2        7.00000000               X -7.17387457e-5      
 300  0                   9.63                1.34979530e-1            X -4.26579631e-4      -2.00000000               X  2.76575744e2        7.00000000               X -7.17387457e-5      
 300  0                   9.63                1.35406109e-1            X -4.26579631e-4      -2.00000000               X  2.76575744e2        7.00000000               X -7.17387457e-5      
 300  0                   9.63                1.35832689e-1            X -4.26579631e-4      -2.00000000               X  2.76575744e2        7.00000000               X -7.17387457e-5      
 300  0                   9.63                1.36259269e-1            X -4.26579631e-4      -2.00000000               X  2.76575744e2        7.00000000               X -7.17387457e-5      
 300  0                   9.63                1.36685848e-1            X -4.26579631e-4      -2.00000000               X  2.76575744e2        7.00000000               X -7.17387457e-5      
 300  0                   9.63                1.37112428e-1            X -4.26579631e-4      -2.00000000               X  2.76575744e2        7.00000000               X -7.17387457e-5      
 300  0                   9.63                1.37539008e-1            X -4.26579631e-4      -2.00000000               X  2.76575744e2        7.00000000               X -7.17387457e-5      
 300  0                   9.63                1.37965587e-1            X -4.26579631e-4      -2.00000000               X  2.76575744e2        7.00000000               X -7.17387457e-5      
 300  0                   9.63                1.38392167e-1            X -4.26579631e-4      -2.00000000               X  2.76575744e2        7.00000000               X -7.17387457e-5      
 300  0                   9.63                1.38818746e-1            X -4.26579631e-4      -2.00000000               X  2.76575744e2        7.00000000               X -7.17387457e-5      
 300  0                   9.63                1.39245326e-1            X -4.26579631e-4      -2.00000000               X  2.76575744e2        7.00000000               X -7.17387457e-5      
 300  0                   9.63                1.39671906e-1            X -4.26579631e-4      -2.00000000               X  2.76575744e2        7.00000000               X -7.17387457e-5      
 300  0                   9.63                1.40098485e-1            X -4.26579631e-4      -2.00000000               X  2.76575744e2        7.00000000               X -7.17387457e-5      
 300  0                   9.63                1.40525065e-1            X -4.26579631e-4      -2.00000000               X  2.76575744e2        7.00000000               X -7.17387457e-5      
 300  0                   9.63                1.40951645e-1            X -4.26579631e-4      -2.00000000               X  2.76575744e2        7.00000000               X -7.17387457e-5      
 300  0                   9.63                1.41378224e-1            X -4.26579631e-4      -2.00000000               X  2.76575744e2        7.00000000               X -7.17387457e-5      
 300  0                   9.63                1.41804804e-1            X -4.26579631e-4      -2.00000000               X  2.76575744e2        7.00000000               X -7.17387457e-5      
 300  0                   9.63                1.42231383e-1            X -4.26579631e-4      -2.00000000               X  2.76575744e2        7.00000000               X -7.17387457e-5      
 300  0                   9.63                1.42657963e-1            X -4.26579631e-4      -2.00000000               X  2.76575744e2        7.00000000               X -7.17387457e-5      
 300  0                   9.63                1.43084543e-1            X -4.26579631e-4      -2.00000000               X  2.76575744e2        7.00000000               X -7.17387457e-5      
 300  0                   9.63                1.43511122e-1            X -4.26579631e-4      -2.00000000               X  2.76575744e2        7.00000000               X -7.17387457e-5      
 300  0                   9.63                1.43937702e-1            X -4.26579631e-4      -2.00000000               X  2.76575744e2        7.00000000               X -7.17387457e-5      
 300  0                   9.63                1.44364282e-1            X -4.26579631e-4      -2.00000000               X  2.76575744e2        7.00000000               X -7.17387457e-5      
 300  0                   9.63                1.44790861e-1            X -4.26579631e-4      -2.00000000               X  2.76575744e2        7.00000000               X -7.17387457e-5      
 300  0                   9.63                1.45217441e-1            X -4.26579631e-4      -2.00000000               X  2.76575744e2        7.00000000               X -7.17387457e-5      
 300  0                   9.63                1.45644021e-1            X -4.26579631e-4      -2.00000000               X  2.76575744e2        7.00000000               X -7.17387457e-5      
 300  0                   9.63                1.46070600e-1            X -4.26579631e-4      -2.00000000               X  2.76575744e2        7.00000000               X -7.17387457e-5      
 300  0                   9.63                1.46497180e-1            X -4.26579631e-4      -2.00000000               X  2.76575744e2        7.00000000               X -7.17387457e-5      
 300  0                   9.63                1.46923759e-1            X -4.26579631e-4      -2.00000000               X  2.76575744e2        7.00000000               X -7.17387457e-5      
 300  0                   9.63                1.47350339e-1            X -4.26579631e-4      -2.00000000               X  2.76575744e2        7.00000000               X -7.17387457e-5      
 300  0                   9.63                1.47776919e-1            X -4.26579631e-4      -2.00000000               X  2.76575744e2        7.00000000               X -7.17387457e-5      
 300  0                   9.63                1.48203498e-1            X -4.26579631e-4      -2.00000000               X  2.76575744e2        7.00000000               X -7.17387457e-5      
 300  0                   9.63                1.48630078e-1            X -4.26579631e-4      -2.00000000               X  2.76575744e2        7.00000000               X -7.17387457e-5      
 300  0                   9.63                1.49056658e-1            X -4.26579631e-4      -2.00000000               X  2.76575744e2        7.00000000               X -7.17387457e-5      
 300  0                   9.63                1.49483237e-1            X -4.26579631e-4      -2.00000000               X  2.76575744e2        7.00000000               X -7.17387457e-5      
 300  0                   9.63                1.49909817e-1            X -4.26579631e-4      -2.00000000               X  2.76575744e2        7.00000000               X -7.17387457e-5      
 300  0                   9.63                1.50336396e-1            X -4.26579631e-4      -2.00000000               X  2.76575744e2        7.00000000               X -7.17387457e-5      
 300  0                   9.63                1.50762976e-1            X -4.26579631e-4      -2.00000000               X  2.76575744e2        7.00000000               X -7.17387457e-5      
 300  0                   9.63                1.51189556e-1            X -4.26579631e-4      -2.00000000               X  2.76575744e2        7.00000000               X -7.17387457e-5      
 300  0                   9.63                1.51616135e-1            X -4.26579631e-4      -2.00000000               X  2.76575744e2        7.00000000               X -7.17387457e-5      
 300  0                   9.63                1.52042715e-1            X -4.26579631e-4      -2.00000000               X  2.76575744e2        7.00000000               X -7.17387457e-5      
 300  0                   9.63                1.52469295e-1            X -4.26579631e-4      -2.00000000               X  2.76575744e2        7.00000000               X -7.17387457e-5      
 300  0                   9.63                1.52895874e-1            X -4.26579631e-4      -2.00000000               X  2.76575744e2        7.00000000               X -7.17387457e-5      
 300  0                   9.63                1.53322454e-1            X -4.26579631e-4      -2.00000000               X  2.76575744e2        7.00000000               X -7.17387457e-5      
 300  0                   9.63                1.53749034e-1            X -4.26579631e-4      -2.00000000               X  2.76575744e2        7.00000000               X -7.17387457e-5      
 300  0                   9.63                1.54175613e-1            X -4.26579631e-4      -2.00000000               X  2.76575744e2        7.00000000               X -7.17387457e-5      
 300  0                   9.63                1.54602193e-1            X -4.26579631e-4      -2.00000000               X  2.76575744e2        7.00000000               X -7.17387457e-5      
 300  0                   9.63                1.55028772e-1            X -4.26579631e-4      -2.00000000               X  2.76575744e2        7.00000000               X -7.17387457e-5      
 300  0                   9.63                1.55455352e-1            X -4.26579631e-4      -2.00000000               X  2.76575744e2        7.00000000               X -7.17387457e-5      
 300  0                   9.63                1.55881932e-1            X -4.26579631e-4      -2.00000000               X  2.76575744e2        7.00000000               X -7.17387457e-5      
 300  0                   9.63                1.56308511e-1            X -4.26579631e-4      -2.00000000               X  2.76575744e2        7.00000000               X -7.17387457e-5      
 300  0                   9.63                1.56735091e-1            X -4.26579631e-4      -2.00000000               X  2.76575744e2        7.00000000               X -7.17387457e-5      
 300  0                   9.63                1.57161671e-1            X -4.26579631e-4      -2.00000000               X  2.76575744e2        7.00000000               X -7.17387457e-5      
 300  0                   9.63                1.57588250e-1            X -4.26579631e-4      -2.00000000               X  2.76575744e2        7.00000000               X -7.17387457e-5      
 300  0                   9.63                1.58014830e-1            X -4.26579631e-4      -2.00000000               X  2.76575744e2        7.00000000               X -7.17387457e-5      
 300  0                   9.63                1.58441409e-1            X -4.26579631e-4      -2.00000000               X  2.76575744e2        7.00000000               X -7.17387457e-5      
 300  0                   9.63                1.58867989e-1            X -4.26579631e-4      -2.00000000               X  2.76575744e2        7.00000000               X -7.17387457e-5      
 300  0                   9.63                1.59294569e-1            X -4.26579631e-4      -2.00000000               X  2.76575744e2        7.00000000               X -7.17387457e-5      
 300  0                   9.63                1.59721148e-1            X -4.26579631e-4      -2.00000000               X  2.76575744e2        7.00000000               X -7.17387457e-5      
 300  0                   9.63                1.60147728e-1            X -4.26579631e-4      -2.00000000               X  2.76575744e2        7.00000000               X -7.17387457e-5      
 300  0                   9.63                1.60574308e-1            X -4.26579631e-4      -2.00000000               X  2.76575744e2        7.00000000               X -7.17387457e-5      
 300  0                   9.63                1.61000887e-1            X -4.26579631e-4      -2.00000000               X  2.76575744e2        7.00000000               X -7.17387457e-5      
 300  0                   9.63                1.61427467e-1            X -4.26579631e-4      -2.00000000               X  2.76575744e2        7.00000000               X -7.17387457e-5      
 300  0                   9.63                1.61854047e-1            X -4.26579631e-4      -2.00000000               X  2.76575744e2        7.00000000               X -7.17387457e-5      
 300  0                   9.63                1.62280626e-1            X -4.26579631e-4      -2.00000000               X  2.76575744e2        7.00000000               X -7.17387457e-5      
 300  0                   9.63                1.62707206e-1            X -4.26579631e-4      -2.00000000               X  2.76575744e2        7.00000000               X -7.17387457e-5      
 300  0                   9.63                1.63133785e-1            X -4.26579631e-4      -2.00000000               X  2.76575744e2        7.00000000               X -7.17387457e-5      
 300  0                   9.63                1.63560365e-1            X -4.26579631e-4      -2.00000000               X  2.76575744e2        7.00000000               X -7.17387457e-5      
 300  0                   9.63                1.63986945e-1            X -4.26579631e-4      -2.00000000               X  2.76575744e2        7.00000000               X -7.17387457e-5      
 300  0                   9.63                1.64413524e-1            X -4.26579631e-4      -2.00000000               X  2.76575744e2        7.00000000               X -7.17387457e-5      
 300  0                   9.63                1.64840104e-1            X -4.26579631e-4      -2.00000000               X  2.76575744e2        7.00000000               X -7.17387457e-5      
 300  0                   9.63                1.65266684e-1            X -4.26579631e-4      -2.00000000               X  2.76575744e2        7.00000000               X -7.17387457e-5      
 300  0                   9.63                1.65693263e-1            X -4.26579631e-4      -2.00000000               X  2.76575744e2        7.00000000               X -7.17387457e-5      
 300  0                   9.63                1.66119843e-1            X -4.26579631e-4      -2.00000000               X  2.76575744e2        7.00000000               X -7.17387457e-5      
 300  0                   9.63                1.66546422e-1            X -4.26579631e-4      -2.00000000               X  2.76575744e2        7.00000000               X -7.17387457e-5      
 300  0                   9.63                1.66973002e-1            X -4.26579631e-4      -2.00000000               X  2.76575744e2        7.00000000               X -7.17387457e-5      
 300  0                   9.63                1.67399582e-1            X -4.26579631e-4      -2.00000000               X  2.76575744e2        7.00000000               X -7.17387457e-5      
 300  0                   9.63                1.67826161e-1            X -4.26579631e-4      -2.00000000               X  2.76575744e2        7.00000000               X -7.17387457e-5      
 300  0                   9.63                1.68252741e-1            X -4.26579631e-4      -2.00000000               X  2.76575744e2        7.00000000               X -7.17387457e-5      
 300  0                   9.63                1.68679321e-1            X -4.26579631e-4      -2.00000000               X  2.76575744e2        7.00000000               X -7.17387457e-5      
 300  0                   9.63                1.69105900e-1            X -4.26579631e-4      -2.00000000               X  2.76575744e2        7.00000000               X -7.17387457e-5      
 300  0                   9.63                1.69532480e-1            X -4.26579631e-4      -2.00000000               X  2.76575744e2        7.00000000               X -7.17387457e-5      
 300  0                   9.63                1.69959060e-1            X -4.26579631e-4      -2.00000000               X  2.76575744e2        7.00000000               X -7.17387457e-5      
 300  0                   9.63                1.70385639e-1            X -4.26579631e-4      -2.00000000               X  2.76575744e2        7.00000000               X -7.17387457e-5      
 300  0                   9.63                1.70812219e-1            X -4.26579631e-4      -2.00000000               X  2.76575744e2        7.00000000               X -7.17387457e-5      
 300  0                   9.63                1.71238798e-1            X -4.26579631e-4      -2.00000000               X  2.76575744e2        7.00000000               X -7.17387457e-5      
 300  0                   9.63                1.71665378e-1            X -4.26579631e-4      -2.00000000               X  2.76575744e2        7.00000000               X -7.17387457e-5      
 300  0                   9.63                1.72091958e-1            X -4.26579631e-4      -2.00000000               X  2.76575744e2        7.00000000               X -7.17387457e-5      
 300  0                   9.63                1.72518537e-1            X -4.26579631e-4      -2.00000000               X  2.76575744e2        7.00000000               X -7.17387457e-5      
 300  0                   9.63                1.72945117e-1            X -4.26579631e-4      -2.00000000               X  2.76575744e2        7.00000000               X -7.17387457e-5      
 300  0                   9.63                1.73371697e-1            X -4.26579631e-4      -2.00000000               X  2.76575744e2        7.00000000               X -7.17387457e-5      
 300  0                   9.63                1.73798276e-1            X -4.26579631e-4      -2.00000000               X  2.76575744e2        7.00000000               X -7.17387457e-5      
 300  0                   9.63                1.74224856e-1            X -4.26579631e-4      -2.00000000               X  2.76575744e2        7.00000000               X -7.17387457e-5      
 300  0                   9.63                1.74651435e-1            X -4.26579631e-4      -2.00000000               X  2.76575744e2        7.00000000               X -7.17387457e-5      
 300  0                   9.63                1.75078015e-1            X -4.26579631e-4      -2.00000000               X  2.76575744e2        7.00000000               X -7.17387457e-5      
 300  0                   9.63                1.75504595e-1            X -4.26579631e-4      -2.00000000               X  2.76575744e2        7.00000000               X -7.17387457e-5      
 300  0                   9.63                1.75931174e-1            X -4.26579631e-4      -2.00000000               X  2.76575744e2        7.00000000               X -7.17387457e-5      
 300  0                   9.63                1.76357754e-1            X -4.26579631e-4      -2.00000000               X  2.76575744e2        7.00000000               X -7.17387457e-5      
 300  0                   9.63                1.76784334e-1            X -4.26579631e-4      -2.00000000               X  2.76575744e2        7.00000000               X -7.17387457e-5      
 300  0                   9.63                1.77210913e-1            X -4.26579631e-4      -2.00000000               X  2.76575744e2        7.00000000               X -7.17387457e-5      
 300  0                   9.63                1.77637493e-1            X -4.26579631e-4      -2.00000000               X  2.76575744e2        7.00000000               X -7.17387457e-5      
 300  0                   9.63                1.78064073e-1            X -4.26579631e-4      -2.00000000               X  2.76575744e2        7.00000000               X -7.17387457e-5      
 300  0                   9.63                1.78490652e-1            X -4.26579631e-4      -2.00000000               X  2.76575744e2        7.00000000               X -7.17387457e-5      
 300  0                   9.63                1.78917232e-1            X -4.26579631e-4      -2.00000000               X  2.76575744e2        7.00000000               X -7.17387457e-5      
 300  0                   9.63                1.79343811e-1            X -4.26579631e-4      -2.00000000               X  2.76575744e2        7.00000000               X -7.17387457e-5      
 300  0                   9.63                1.79770391e-1            X -4.26579631e-4      -2.00000000               X  2.76575744e2        7.00000000               X -7.17387457e-5      
 300  0                   9.63                1.80196971e-1            X -4.26579631e-4      -2.00000000               X  2.76575744e2        7.00000000               X -7.17387457e-5      
 300  0                   9.63                1.80623550e-1            X -4.26579631e-4      -2.00000000               X  2.76575744e2        7.00000000               X -7.17387457e-5      
 300  0                   9.63                1.81050130e-1            X -4.26579631e-4      -2.00000000               X  2.76575744e2        7.00000000               X -7.17387457e-5      
 300  0                   9.63                1.81476710e-1            X -4.26579631e-4      -2.00000000               X  2.76575744e2        7.00000000               X -7.17387457e-5      
 300  0                   9.63                1.81903289e-1            X -4.26579631e-4      -2.00000000               X  2.76575744e2        7.00000000               X -7.17387457e-5      
 300  0                   9.63                1.82329869e-1            X -4.26579631e-4      -2.00000000               X  2.76575744e2        7.00000000               X -7.17387457e-5      
 300  0                   9.63                1.82756448e-1            X -4.26579631e-4      -2.00000000               X  2.76575744e2        7.00000000               X -7.17387457e-5      
 300  0                   9.63                1.83183028e-1            X -4.26579631e-4      -2.00000000               X  2.76575744e2        7.00000000               X -7.17387457e-5      
 300  0                   9.63                1.83609608e-1            X -4.26579631e-4      -2.00000000               X  2.76575744e2        7.00000000               X -7.17387457e-5      
 300  0                   9.63                1.84036187e-1            X -4.26579631e-4      -2.00000000               X  2.76575744e2        7.00000000               X -7.17387457e-5      
 300  0                   9.63                1.84462767e-1            X -4.26579631e-4      -2.00000000               X  2.76575744e2        7.00000000               X -7.17387457e-5      
 300  0                   9.63                1.84889347e-1            X -4.26579631e-4      -2.00000000               X  2.76575744e2        7.00000000               X -7.17387457e-5      
 300  0                   9.63                1.85315926e-1            X -4.26579631e-4      -2.00000000               X  2.76575744e2        7.00000000               X -7.17387457e-5      
 300  0                   9.63                1.85742506e-1            X -4.26579631e-4      -2.00000000               X  2.76575744e2        7.00000000               X -7.17387457e-5      
 300  0                   9.63                1.86169086e-1            X -4.26579631e-4      -2.00000000               X  2.76575744e2        7.00000000               X -7.17387457e-5      
 300  0                   9.63                1.86595665e-1            X -4.26579631e-4      -2.00000000               X  2.76575744e2        7.00000000               X -7.17387457e-5      
 300  0                   9.63                1.87022245e-1            X -4.26579631e-4      -2.00000000               X  2.76575744e2        7.00000000               X -7.17387457e-5      
 300  0                   9.63                1.87448824e-1            X -4.26579631e-4      -2.00000000               X  2.76575744e2        7.00000000               X -7.17387457e-5      
 300  0                   9.63                1.87875404e-1            X -4.26579631e-4      -2.00000000               X  2.76575744e2        7.00000000               X -7.17387457e-5      
 300  0                   9.63                1.88301984e-1            X -4.26579631e-4      -2.00000000               X  2.76575744e2        7.00000000               X -7.17387457e-5      
 300  0                   9.63                1.88728563e-1            X -4.26579631e-4      -2.00000000               X  2.76575744e2        7.00000000               X -7.17387457e-5      
 300  0                   9.63                1.89155143e-1            X -4.26579631e-4      -2.00000000               X  2.76575744e2        7.00000000               X -7.17387457e-5      
 300  0                   9.63                1.89581723e-1            X -4.26579631e-4      -2.00000000               X  2.76575744e2        7.00000000               X -7.17387457e-5      
 300  0                   9.63                1.90008302e-1            X -4.26579631e-4      -2.00000000               X  2.76575744e2        7.00000000               X -7.17387457e-5      
 300  0                   9.63                1.90434882e-1            X -4.26579631e-4      -2.00000000               X  2.76575744e2        7.00000000               X -7.17387457e-5      
 300  0                   9.63                1.90861461e-1            X -4.26579631e-4      -2.00000000               X  2.76575744e2        7.00000000               X -7.17387457e-5      
 300  0                   9.63                1.91288041e-1            X -4.26579631e-4      -2.00000000               X  2.76575744e2        7.00000000               X -7.17387457e-5      
 300  0                   9.63                1.91714621e-1            X -4.26579631e-4      -2.00000000               X  2.76575744e2        7.00000000               X -7.17387457e-5      
 300  0                   9.63                1.92141200e-1            X -4.26579631e-4      -2.00000000               X  2.76575744e2        7.00000000               X -7.17387457e-5      
 300  0                   9.63                1.92567780e-1            X -4.26579631e-4      -2.00000000               X  2.76575744e2        7.00000000               X -7.17387457e-5      
 300  0                   9.63                1.92994360e-1            X -4.26579631e-4      -2.00000000               X  2.76575744e2        7.00000000               X -7.17387457e-5      
 300  0                   9.63                1.93420939e-1            X -4.26579631e-4      -2.00000000               X  2.76575744e2        7.00000000               X -7.17387457e-5      
 300  0                   9.63                1.93847519e-1            X -4.26579631e-4      -2.00000000               X  2.76575744e2        7.00000000               X -7.17387457e-5      
 300  0                   9.63                1.94274098e-1            X -4.26579631e-4      -2.00000000               X  2.76575744e2        7.00000000               X -7.17387457e-5      
 300  0                   9.63                1.94700678e-1            X -4.26579631e-4      -2.00000000               X  2.76575744e2        7.00000000               X -7.17387457e-5      
 300  0                   9.63                1.95127258e-1            X -4.26579631e-4      -2.00000000               X  2.76575744e2        7.00000000               X -7.17387457e-5      
 300  0                   9.63                1.95553837e-1            X -4.26579631e-4      -2.00000000               X  2.76575744e2        7.00000000               X -7.17387457e-5      
 300  0                   9.63                1.95980417e-1            X -4.26579631e-4      -2.00000000               X  2.76575744e2        7.00000000               X -7.17387457e-5      
 300  0                   9.63                1.96406997e-1            X -4.26579631e-4      -2.00000000               X  2.76575744e2        7.00000000               X -7.17387457e-5      
 300  0                   9.63                1.96833576e-1            X -4.26579631e-4      -2.00000000               X  2.76575744e2        7.00000000               X -7.17387457e-5      
 300  0                   9.63                1.97260156e-1            X -4.26579631e-4      -2.00000000               X  2.76575744e2        7.00000000               X -7.17387457e-5      
 300  0                   9.63                1.97686736e-1            X -4.26579631e-4      -2.00000000               X  2.76575744e2        7.00000000               X -7.17387457e-5      
 300  0                   9.63                1.98113315e-1            X -4.26579631e-4      -2.00000000               X  2.76575744e2        7.00000000               X -7.17387457e-5      
 300  0                   9.63                1.98539895e-1            X -4.26579631e-4      -2.00000000               X  2.76575744e2        7.00000000               X -7.17387457e-5      
 300  0                   9.63                1.98966474e-1            X -4.26579631e-4      -2.00000000               X  2.76575744e2        7.00000000               X -7.17387457e-5      
 300  0                   9.63                1.99393054e-1            X -4.26579631e-4      -2.00000000               X  2.76575744e2        7.00000000               X -7.17387457e-5      
 300  0                   9.63                1.99819634e-1            X -4.26579631e-4      -2.00000000               X  2.76575744e2        7.00000000               X -7.17387457e-5      
 300  0                   9.63                2.00246213e-1            X -4.26579631e-4      -2.00000000               X  2.76575744e2        7.00000000               X -7.17387457e-5      
 300  0                   9.63                2.00672793e-1            X -4.26579631e-4      -2.00000000               X  2.76575744e2        7.00000000               X -7.17387457e-5      
 300  0                   9.63                2.01099373e-1            X -4.26579631e-4      -2.00000000               X  2.76575744e2        7.00000000               X -7.17387457e-5      
 300  0                   9.63                2.01525952e-1            X -4.26579631e-4      -2.00000000               X  2.76575744e2        7.00000000               X -7.17387457e-5      
 300  0                   9.63                2.01952532e-1            X -4.26579631e-4      -2.00000000               X  2.76575744e2        7.00000000               X -7.17387457e-5      
 300  0                   9.63                2.02379111e-1            X -4.26579631e-4      -2.00000000               X  2.76575744e2        7.00000000               X -7.17387457e-5      
 300  0                   9.63                2.02805691e-1            X -4.26579631e-4      -2.00000000               X  2.76575744e2        7.00000000               X -7.17387457e-5      
 300  0                   9.63                2.03232271e-1            X -4.26579631e-4      -2.00000000               X  2.76575744e2        7.00000000               X -7.17387457e-5      
 300  0                   9.63                2.03658850e-1            X -4.26579631e-4      -2.00000000               X  2.76575744e2        7.00000000               X -7.17387457e-5      
 300  0                   9.63                2.04085430e-1            X -4.26579631e-4      -2.00000000               X  2.76575744e2        7.00000000               X -7.17387457e-5      
 300  0                   9.63                2.04512010e-1            X -4.26579631e-4      -2.00000000               X  2.76575744e2        7.00000000               X -7.17387457e-5      
 300  0                   9.63                2.04938589e-1            X -4.26579631e-4      -2.00000000               X  2.76575744e2        7.00000000               X -7.17387457e-5      
 300  0                   9.63                2.05365169e-1            X -4.26579631e-4      -2.00000000               X  2.76575744e2        7.00000000               X -7.17387457e-5      
 300  0                   9.63                2.05791749e-1            X -4.26579631e-4      -2.00000000               X  2.76575744e2        7.00000000               X -7.17387457e-5      
 300  0                   9.63                2.06218328e-1            X -4.26579631e-4      -2.00000000               X  2.76575744e2        7.00000000               X -7.17387457e-5      
 300  0                   9.63                2.06644908e-1            X -4.26579631e-4      -2.00000000               X  2.76575744e2        7.00000000               X -7.17387457e-5      
 300  0                   9.63                2.07071487e-1            X -4.26579631e-4      -2.00000000               X  2.76575744e2        7.00000000               X -7.17387457e-5      
 300  0                   9.63                2.07498067e-1            X -4.26579631e-4      -2.00000000               X  2.76575744e2        7.00000000               X -7.17387457e-5      
 300  0                   9.63                2.07924647e-1            X -4.26579631e-4      -2.00000000               X  2.76575744e2        7.00000000               X -7.17387457e-5      
 300  0                   9.63                2.08351226e-1            X -4.26579631e-4      -2.00000000               X  2.76575744e2        7.00000000               X -7.17387457e-5      
 300  0                   9.63                2.08777806e-1            X -4.26579631e-4      -2.00000000               X  2.76575744e2        7.00000000               X -7.17387457e-5      
 300  0                   9.63                2.09204386e-1            X -4.26579631e-4      -2.00000000               X  2.76575744e2        7.00000000               X -7.17387457e-5      
 300  0                   9.63                2.09630965e-1            X -4.26579631e-4      -2.00000000               X  2.76575744e2        7.00000000               X -7.17387457e-5      
 300  0                   9.63                2.10057545e-1            X -4.26579631e-4      -2.00000000               X  2.76575744e2        7.00000000               X -7.17387457e-5      
 300  0                   9.63                2.10484124e-1            X -4.26579631e-4      -2.00000000               X  2.76575744e2        7.00000000               X -7.17387457e-5      
 300  0                   9.63                2.10910704e-1            X -4.26579631e-4      -2.00000000               X  2.76575744e2        7.00000000               X -7.17387457e-5      
 300  0                   9.63                2.11337284e-1            X -4.26579631e-4      -2.00000000               X  2.76575744e2        7.00000000               X -7.17387457e-5      
 300  0                   9.63                2.11763863e-1            X -4.26579631e-4      -2.00000000               X  2.76575744e2        7.00000000               X -7.17387457e-5      
 300  0                   9.63                2.12190443e-1            X -4.26579631e-4      -2.00000000               X  2.76575744e2        7.00000000               X -7.17387457e-5      
 300  0                   9.63                2.12617023e-1            X -4.26579631e-4      -2.00000000               X  2.76575744e2        7.00000000               X -7.17387457e-5      
 300  0                   9.63                2.13043602e-1            X -4.26579631e-4      -2.00000000               X  2.76575744e2        7.00000000               X -7.17387457e-5      
 300  0                   9.63                2.13470182e-1            X -4.26579631e-4      -2.00000000               X  2.76575744e2        7.00000000               X -7.17387457e-5      
 300  0                   9.63                2.13896762e-1            X -4.26579631e-4      -2.00000000               X  2.76575744e2        7.00000000               X -7.17387457e-5      
 300  0                   9.63                2.14323341e-1            X -4.26579631e-4      -2.00000000               X  2.76575744e2        7.00000000               X -7.17387457e-5      
 300  0                   9.63                2.14749921e-1            X -4.26579631e-4      -2.00000000               X  2.76575744e2        7.00000000               X -7.17387457e-5      
 300  0                   9.63                2.15176500e-1            X -4.26579631e-4      -2.00000000               X  2.76575744e2        7.00000000               X -7.17387457e-5      
 300  0                   9.63                2.15603080e-1            X -4.26579631e-4      -2.00000000               X  2.76575744e2        7.00000000               X -7.17387457e-5      
 300  0                   9.63                2.16029660e-1            X -4.26579631e-4      -2.00000000               X  2.76575744e2        7.00000000               X -7.17387457e-5      
 300  0                   9.63                2.16456239e-1            X -4.26579631e-4      -2.00000000               X  2.76575744e2        7.00000000               X -7.17387457e-5      
 300  0                   9.63                2.16882819e-1            X -4.26579631e-4      -2.00000000               X  2.76575744e2        7.00000000               X -7.17387457e-5      
 300  0                   9.63                2.17309399e-1            X -4.26579631e-4      -2.00000000               X  2.76575744e2        7.00000000               X -7.17387457e-5      
 300  0                   9.63                2.17735978e-1            X -4.26579631e-4      -2.00000000               X  2.76575744e2        7.00000000               X -7.17387457e-5      
 300  0                   9.63                2.18162558e-1            X -4.26579631e-4      -2.00000000               X  2.76575744e2        7.00000000               X -7.17387457e-5      
 300  0                   9.63                2.18589137e-1            X -4.26579631e-4      -2.00000000               X  2.76575744e2        7.00000000               X -7.17387457e-5      
 300  0                   9.63                2.19015717e-1            X -4.26579631e-4      -2.00000000               X  2.76575744e2        7.00000000               X -7.17387457e-5      
 300  0                   9.63                2.19442297e-1            X -4.26579631e-4      -2.00000000               X  2.76575744e2        7.00000000               X -7.17387457e-5      
 300  0                   9.63                2.19868876e-1            X -4.26579631e-4      -2.00000000               X  2.76575744e2        7.00000000               X -7.17387457e-5      
 300  0                   9.63                2.20295456e-1            X -4.26579631e-4      -2.00000000               X  2.76575744e2        7.00000000               X -7.17387457e-5      
 300  0                   9.63                2.20722036e-1            X -4.26579631e-4      -2.00000000               X  2.76575744e2        7.00000000               X -7.17387457e-5      
 300  0                   9.63                2.21148615e-1            X -4.26579631e-4      -2.00000000               X  2.76575744e2        7.00000000               X -7.17387457e-5      
 300  0                   9.63                2.21575195e-1            X -4.26579631e-4      -2.00000000               X  2.76575744e2        7.00000000               X -7.17387457e-5      
 300  0                   9.63                2.22001775e-1            X -4.26579631e-4      -2.00000000               X  2.76575744e2        7.00000000               X -7.17387457e-5      
 300  0                   9.63                2.22428354e-1            X -4.26579631e-4      -2.00000000               X  2.76575744e2        7.00000000               X -7.17387457e-5      
 300  0                   9.63                2.22854934e-1            X -4.26579631e-4      -2.00000000               X  2.76575744e2        7.00000000               X -7.17387457e-5      
 300  0                   9.63                2.23281513e-1            X -4.26579631e-4      -2.00000000               X  2.76575744e2        7.00000000               X -7.17387457e-5      
 300  0                   9.63                2.23708093e-1            X -4.26579631e-4      -2.00000000               X  2.76575744e2        7.00000000               X -7.17387457e-5      
 300  0                   9.63                2.24134673e-1            X -4.26579631e-4      -2.00000000               X  2.76575744e2        7.00000000               X -7.17387457e-5      
 300  0                   9.63                2.24561252e-1            X -4.26579631e-4      -2.00000000               X  2.76575744e2        7.00000000               X -7.17387457e-5      
 300  0                   9.63                2.24987832e-1            X -4.26579631e-4      -2.00000000               X  2.76575744e2        7.00000000               X -7.17387457e-5      
 300  0                   9.63                2.25414412e-1            X -4.26579631e-4      -2.00000000               X  2.76575744e2        7.00000000               X -7.17387457e-5      
 300  0                   9.63                2.25840991e-1            X -4.26579631e-4      -2.00000000               X  2.76575744e2        7.00000000               X -7.17387457e-5      
 300  0                   9.63                2.26267571e-1            X -4.26579631e-4      -2.00000000               X  2.76575744e2        7.00000000               X -7.17387457e-5      
 300  0                   9.63                2.26694150e-1            X -4.26579631e-4      -2.00000000               X  2.76575744e2        7.00000000               X -7.17387457e-5      
 300  0                   9.63                2.27120730e-1            X -4.26579631e-4      -2.00000000               X  2.76575744e2        7.00000000               X -7.17387457e-5      
 300  0                   9.63                2.27547310e-1            X -4.26579631e-4      -2.00000000               X  2.76575744e2        7.00000000               X -7.17387457e-5      
 300  0                   9.63                2.27973889e-1            X -4.26579631e-4      -2.00000000               X  2.76575744e2        7.00000000               X -7.17387457e-5      
 300  0                   9.63                2.28400469e-1            X -4.26579631e-4      -2.00000000               X  2.76575744e2        7.00000000               X -7.17387457e-5      
 300  0                   9.63                2.28827049e-1            X -4.26579631e-4      -2.00000000               X  2.76575744e2        7.00000000               X -7.17387457e-5      
 300  0                   9.63                2.29253628e-1            X -4.26579631e-4      -2.00000000               X  2.76575744e2        7.00000000               X -7.17387457e-5      
 300  0                   9.63                2.29680208e-1            X -4.26579631e-4      -2.00000000               X  2.76575744e2        7.00000000               X -7.17387457e-5      
 300  0                   9.63                2.30106788e-1            X -4.26579631e-4      -2.00000000               X  2.76575744e2        7.00000000               X -7.17387457e-5      
 300  0                   9.63                2.30533367e-1            X -4.26579631e-4      -2.00000000               X  2.76575744e2        7.00000000               X -7.17387457e-5      
 300  0                   9.63                2.30959947e-1            X -4.26579631e-4      -2.00000000               X  2.76575744e2        7.00000000               X -7.17387457e-5      
 300  0                   9.63                2.31386526e-1            X -4.26579631e-4      -2.00000000               X  2.76575744e2        7.00000000               X -7.17387457e-5      
 300  0                   9.63                2.31813106e-1            X -4.26579631e-4      -2.00000000               X  2.76575744e2        7.00000000               X -7.17387457e-5      
 300  0                   9.63                2.32239686e-1            X -4.26579631e-4      -2.00000000               X  2.76575744e2        7.00000000               X -7.17387457e-5      
 300  0                   9.63                2.32666265e-1            X -4.26579631e-4      -2.00000000               X  2.76575744e2        7.00000000               X -7.17387457e-5      
 300  0                   9.63                2.33092845e-1            X -4.26579631e-4      -2.00000000               X  2.76575744e2        7.00000000               X -7.17387457e-5      
 300  0                   9.63                2.33519425e-1            X -4.26579631e-4      -2.00000000               X  2.76575744e2        7.00000000               X -7.17387457e-5      
 300  0                   9.63                2.33946004e-1            X -4.26579631e-4      -2.00000000               X  2.76575744e2        7.00000000               X -7.17387457e-5      
 300  0                   9.63                2.34372584e-1            X -4.26579631e-4      -2.00000000               X  2.76575744e2        7.00000000               X -7.17387457e-5      
 300  0                   9.63                2.34799163e-1            X -4.26579631e-4      -2.00000000               X  2.76575744e2        7.00000000               X -7.17387457e-5      
 300  0                   9.63                2.35225743e-1            X -4.26579631e-4      -2.00000000               X  2.76575744e2        7.00000000               X -7.17387457e-5      
 300  0                   9.63                2.35652323e-1            X -4.26579631e-4      -2.00000000               X  2.76575744e2        7.00000000               X -7.17387457e-5      
 300  0                   9.63                2.36078902e-1            X -4.26579631e-4      -2.00000000               X  2.76575744e2        7.00000000               X -7.17387457e-5      
 300  0                   9.63                2.36505482e-1            X -4.26579631e-4      -2.00000000               X  2.76575744e2        7.00000000               X -7.17387457e-5      
 300  0                   9.63                2.36932062e-1            X -4.26579631e-4      -2.00000000               X  2.76575744e2        7.00000000               X -7.17387457e-5      
 300  0                   9.63                2.37358641e-1            X -4.26579631e-4      -2.00000000               X  2.76575744e2        7.00000000               X -7.17387457e-5      
 300  0                   9.63                2.37785221e-1            X -4.26579631e-4      -2.00000000               X  2.76575744e2        7.00000000               X -7.17387457e-5      
 300  0                   9.63                2.38211801e-1            X -4.26579631e-4      -2.00000000               X  2.76575744e2        7.00000000               X -7.17387457e-5      
 300  0                   9.63                2.38638380e-1            X -4.26579631e-4      -2.00000000               X  2.76575744e2        7.00000000               X -7.17387457e-5      
 300  0                   9.63                2.39064960e-1            X -4.26579631e-4      -2.00000000               X  2.76575744e2        7.00000000               X -7.17387457e-5      
 300  0                   9.63                2.39491539e-1            X -4.26579631e-4      -2.00000000               X  2.76575744e2        7.00000000               X -7.17387457e-5      
 300  0                   9.63                2.39918119e-1            X -4.26579631e-4      -2.00000000               X  2.76575744e2        7.00000000               X -7.17387457e-5      
 300  0                   9.63                2.40344699e-1            X -4.26579631e-4      -2.00000000               X  2.76575744e2        7.00000000               X -7.17387457e-5      
 300  0                   9.63                2.40771278e-1            X -4.26579631e-4      -2.00000000               X  2.76575744e2        7.00000000               X -7.17387457e-5      
 300  0                   9.63                2.41197858e-1            X -4.26579631e-4      -2.00000000               X  2.76575744e2        7.00000000               X -7.17387457e-5      
 300  0                   9.63                2.41624438e-1            X -4.26579631e-4      -2.00000000               X  2.76575744e2        7.00000000               X -7.17387457e-5      
 300  0                   9.63                2.42051017e-1            X -4.26579631e-4      -2.00000000               X  2.76575744e2        7.00000000               X -7.17387457e-5      
 300  0                   9.63                2.42477597e-1            X -4.26579631e-4      -2.00000000               X  2.76575744e2        7.00000000               X -7.17387457e-5      
 300  0                   9.63                2.42904176e-1            X -4.26579631e-4      -2.00000000               X  2.76575744e2        7.00000000               X -7.17387457e-5      
 300  0                   9.63                2.43330756e-1            X -4.26579631e-4      -2.00000000               X  2.76575744e2        7.00000000               X -7.17387457e-5      
 300  0                   9.63                2.43757336e-1            X -4.26579631e-4      -2.00000000               X  2.76575744e2        7.00000000               X -7.17387457e-5      
 300  0                   9.63                2.44183915e-1            X -4.26579631e-4      -2.00000000               X  2.76575744e2        7.00000000               X -7.17387457e-5      
 300  0                   9.63                2.44610495e-1            X -4.26579631e-4      -2.00000000               X  2.76575744e2        7.00000000               X -7.17387457e-5      
 300  0                   9.63                2.45037075e-1            X -4.26579631e-4      -2.00000000               X  2.76575744e2        7.00000000               X -7.17387457e-5      
 300  0                   9.63                2.45463654e-1            X -4.26579631e-4      -2.00000000               X  2.76575744e2        7.00000000               X -7.17387457e-5      
 300  0                   9.63                2.45890234e-1            X -4.26579631e-4      -2.00000000               X  2.76575744e2        7.00000000               X -7.17387457e-5      
 300  0                   9.63                2.46316814e-1            X -4.26579631e-4      -2.00000000               X  2.76575744e2        7.00000000               X -7.17387457e-5      
 300  0                   9.63                2.46743393e-1            X -4.26579631e-4      -2.00000000               X  2.76575744e2        7.00000000               X -7.17387457e-5      
 300  0                   9.63                2.47169973e-1            X -4.26579631e-4      -2.00000000               X  2.76575744e2        7.00000000               X -7.17387457e-5      
 300  0                   9.63                2.47596552e-1            X -4.26579631e-4      -2.00000000               X  2.76575744e2        7.00000000               X -7.17387457e-5      
 300  0                   9.63                2.48023132e-1            X -4.26579631e-4      -2.00000000               X  2.76575744e2        7.00000000               X -7.17387457e-5      
 300  0                   9.63                2.48449712e-1            X -4.26579631e-4      -2.00000000               X  2.76575744e2        7.00000000               X -7.17387457e-5      
 300  0                   9.63                2.48876291e-1            X -4.26579631e-4      -2.00000000               X  2.76575744e2        7.00000000               X -7.17387457e-5      
 300  0                   9.63                2.49302871e-1            X -4.26579631e-4      -2.00000000               X  2.76575744e2        7.00000000               X -7.17387457e-5      
 300  0                   9.63                2.49729451e-1            X -4.26579631e-4      -2.00000000               X  2.76575744e2        7.00000000               X -7.17387457e-5      
 300  0                   9.63                2.50156030e-1            X -4.26579631e-4      -2.00000000               X  2.76575744e2        7.00000000               X -7.17387457e-5      
 300  0                   9.63                2.50582610e-1            X -4.26579631e-4      -2.00000000               X  2.76575744e2        7.00000000               X -7.17387457e-5      
 300  0                   9.63                2.51009189e-1            X -4.26579631e-4      -2.00000000               X  2.76575744e2        7.00000000               X -7.17387457e-5      
 300  0                   9.63                2.51435769e-1            X -4.26579631e-4      -2.00000000               X  2.76575744e2        7.00000000               X -7.17387457e-5      
 300  0                   9.63                2.51862349e-1            X -4.26579631e-4      -2.00000000               X  2.76575744e2        7.00000000               X -7.17387457e-5      
 300  0                   9.63                2.52288928e-1            X -4.26579631e-4      -2.00000000               X  2.76575744e2        7.00000000               X -7.17387457e-5      
 300  0                   9.63                2.52715508e-1            X -4.26579631e-4      -2.00000000               X  2.76575744e2        7.00000000               X -7.17387457e-5      
 300  0                   9.63                2.53142088e-1            X -4.26579631e-4      -2.00000000               X  2.76575744e2        7.00000000               X -7.17387457e-5      
 300  0                   9.63                2.53568667e-1            X -4.26579631e-4      -2.00000000               X  2.76575744e2        7.00000000               X -7.17387457e-5      
 300  0                   9.63                2.53995247e-1            X -4.26579631e-4      -2.00000000               X  2.76575744e2        7.00000000               X -7.17387457e-5      
 300  0                   9.63                2.54421826e-1            X -4.26579631e-4      -2.00000000               X  2.76575744e2        7.00000000               X -7.17387457e-5      
 300  0                   9.63                2.54848406e-1            X -4.26579631e-4      -2.00000000               X  2.76575744e2        7.00000000               X -7.17387457e-5      
 300  0                   9.63                2.55274986e-1            X -4.26579631e-4      -2.00000000               X  2.76575744e2        7.00000000               X -7.17387457e-5      
 300  0                   9.63                2.55701565e-1            X -4.26579631e-4      -2.00000000               X  2.76575744e2        7.00000000               X -7.17387457e-5      
 300  0                   9.63                2.56128145e-1            X -4.26579631e-4      -2.00000000               X  2.76575744e2        7.00000000               X -7.17387457e-5      
 300  0                   9.63                2.56554725e-1            X -4.26579631e-4      -2.00000000               X  2.76575744e2        7.00000000               X -7.17387457e-5      
 300  0                   9.63                2.56981304e-1            X -4.26579631e-4      -2.00000000               X  2.76575744e2        7.00000000               X -7.17387457e-5      
 300  0                   9.63                2.57407884e-1            X -4.26579631e-4      -2.00000000               X  2.76575744e2        7.00000000               X -7.17387457e-5      
 300  0                   9.63                2.57834464e-1            X -4.26579631e-4      -2.00000000               X  2.76575744e2        7.00000000               X -7.17387457e-5      
 300  0                   9.63                2.58261043e-1            X -4.26579631e-4      -2.00000000               X  2.76575744e2        7.00000000               X -7.17387457e-5      
 300  0                   9.63                2.58687623e-1            X -4.26579631e-4      -2.00000000               X  2.76575744e2        7.00000000               X -7.17387457e-5      
 300  0                   9.63                2.59114202e-1            X -4.26579631e-4      -2.00000000               X  2.76575744e2        7.00000000               X -7.17387457e-5      
 300  0                   9.63                2.59540782e-1            X -4.26579631e-4      -2.00000000               X  2.76575744e2        7.00000000               X -7.17387457e-5      
 300  0                   9.63                2.59967362e-1            X -4.26579631e-4      -2.00000000               X  2.76575744e2        7.00000000               X -7.17387457e-5      
 300  0                   9.63                2.60393941e-1            X -4.26579631e-4      -2.00000000               X  2.76575744e2        7.00000000               X -7.17387457e-5      
 300  0                   9.63                2.60820521e-1            X -4.26579631e-4      -2.00000000               X  2.76575744e2        7.00000000               X -7.17387457e-5      
 300  0                   9.63                2.61247101e-1            X -4.26579631e-4      -2.00000000               X  2.76575744e2        7.00000000               X -7.17387457e-5      
 300  0                   9.63                2.61673680e-1            X -4.26579631e-4      -2.00000000               X  2.76575744e2        7.00000000               X -7.17387457e-5      
 300  0                   9.63                2.62100260e-1            X -4.26579631e-4      -2.00000000               X  2.76575744e2        7.00000000               X -7.17387457e-5      
 300  0                   9.63                2.62526839e-1            X -4.26579631e-4      -2.00000000               X  2.76575744e2        7.00000000               X -7.17387457e-5      
 300  0                   9.63                2.62953419e-1            X -4.26579631e-4      -2.00000000               X  2.76575744e2        7.00000000               X -7.17387457e-5      
 300  0                   9.63                2.63379999e-1            X -4.26579631e-4      -2.00000000               X  2.76575744e2        7.00000000               X -7.17387457e-5      
 300  0                   9.63                2.63806578e-1            X -4.26579631e-4      -2.00000000               X  2.76575744e2        7.00000000               X -7.17387457e-5      
 300  0                   9.63                2.64233158e-1            X -4.26579631e-4      -2.00000000               X  2.76575744e2        7.00000000               X -7.17387457e-5      
 300  0                   9.63                2.64659738e-1            X -4.26579631e-4      -2.00000000               X  2.76575744e2        7.00000000               X -7.17387457e-5      
 300  0                   9.63                2.65086317e-1            X -4.26579631e-4      -2.00000000               X  2.76575744e2        7.00000000               X -7.17387457e-5      
 300  0                   9.63                2.65512897e-1            X -4.26579631e-4      -2.00000000               X  2.76575744e2        7.00000000               X -7.17387457e-5      
 300  0                   9.63                2.65939477e-1            X -4.26579631e-4      -2.00000000               X  2.76575744e2        7.00000000               X -7.17387457e-5      
 300  0                   9.63                2.66366056e-1            X -4.26579631e-4      -2.00000000               X  2.76575744e2        7.00000000               X -7.17387457e-5      
 300  0                   9.63                2.66792636e-1            X -4.26579631e-4      -2.00000000               X  2.76575744e2        7.00000000               X -7.17387457e-5      
 300  0                   9.63                2.67219215e-1            X -4.26579631e-4      -2.00000000               X  2.76575744e2        7.00000000               X -7.17387457e-5      
 300  0                   9.63                2.67645795e-1            X -4.26579631e-4      -2.00000000               X  2.76575744e2        7.00000000               X -7.17387457e-5      
 300  0                   9.63                2.68072375e-1            X -4.26579631e-4      -2.00000000               X  2.76575744e2        7.00000000               X -7.17387457e-5      
 300  0                   9.63                2.68498954e-1            X -4.26579631e-4      -2.00000000               X  2.76575744e2        7.00000000               X -7.17387457e-5      
 300  0                   9.63                2.68925534e-1            X -4.26579631e-4      -2.00000000               X  2.76575744e2        7.00000000               X -7.17387457e-5      
 300  0                   9.63                2.69352114e-1            X -4.26579631e-4      -2.00000000               X  2.76575744e2        7.00000000               X -7.17387457e-5      
 300  0                   9.63                2.69778693e-1            X -4.26579631e-4      -2.00000000               X  2.76575744e2        7.00000000               X -7.17387457e-5      
 300  0                   9.63                2.70205273e-1            X -4.26579631e-4      -2.00000000               X  2.76575744e2        7.00000000               X -7.17387457e-5      
 300  0                   9.63                2.70631852e-1            X -4.26579631e-4      -2.00000000               X  2.76575744e2        7.00000000               X -7.17387457e-5      
 300  0                   9.63                2.71058432e-1            X -4.26579631e-4      -2.00000000               X  2.76575744e2        7.00000000               X -7.17387457e-5      
 300  0                   9.63                2.71485012e-1            X -4.26579631e-4      -2.00000000               X  2.76575744e2        7.00000000               X -7.17387457e-5      
 300  0                   9.63                2.71911591e-1            X -4.26579631e-4      -2.00000000               X  2.76575744e2        7.00000000               X -7.17387457e-5      
 300  0                   9.63                2.72338171e-1            X -4.26579631e-4      -2.00000000               X  2.76575744e2        7.00000000               X -7.17387457e-5      
 300  0                   9.63                2.72764751e-1            X -4.26579631e-4      -2.00000000               X  2.76575744e2        7.00000000               X -7.17387457e-5      
 300  0                   9.63                2.73191330e-1            X -4.26579631e-4      -2.00000000               X  2.76575744e2        7.00000000               X -7.17387457e-5      
 300  0                   9.63                2.73617910e-1            X -4.26579631e-4      -2.00000000               X  2.76575744e2        7.00000000               X -7.17387457e-5      
 300  0                   9.63                2.74044490e-1            X -4.26579631e-4      -2.00000000               X  2.76575744e2        7.00000000               X -7.17387457e-5      
 300  0                   9.63                2.74471069e-1            X -4.26579631e-4      -2.00000000               X  2.76575744e2        7.00000000               X -7.17387457e-5      
 300  0                   9.63                2.74897649e-1            X -4.26579631e-4      -2.00000000               X  2.76575744e2        7.00000000               X -7.17387457e-5      
 300  0                   9.63                2.75324228e-1            X -4.26579631e-4      -2.00000000               X  2.76575744e2        7.00000000               X -7.17387457e-5      
 300  0                   9.63                2.75750808e-1            X -4.26579631e-4      -2.00000000               X  2.76575744e2        7.00000000               X -7.17387457e-5      
 300  0                   9.63                2.76177388e-1            X -4.26579631e-4      -2.00000000               X  2.76575744e2        7.00000000               X -7.17387457e-5      
 300  0                   9.63                2.76603967e-1            X -4.26579631e-4      -2.00000000               X  2.76575744e2        7.00000000               X -7.17387457e-5      
 300  0                   9.63                2.77030547e-1            X -4.26579631e-4      -2.00000000               X  2.76575744e2        7.00000000               X -7.17387457e-5      
 300  0                   9.63                2.77457127e-1            X -4.26579631e-4      -2.00000000               X  2.76575744e2        7.00000000               X -7.17387457e-5      
 300  0                   9.63                2.77883706e-1            X -4.26579631e-4      -2.00000000               X  2.76575744e2        7.00000000               X -7.17387457e-5      
 300  0                   9.63                2.78310286e-1            X -4.26579631e-4      -2.00000000               X  2.76575744e2        7.00000000               X -7.17387457e-5      
 300  0                   9.63                2.78736865e-1            X -4.26579631e-4      -2.00000000               X  2.76575744e2        7.00000000               X -7.17387457e-5      
 300  0                   9.63                2.79163445e-1            X -4.26579631e-4      -2.00000000               X  2.76575744e2        7.00000000               X -7.17387457e-5      
 300  0                   9.63                2.79590025e-1            X -4.26579631e-4      -2.00000000               X  2.76575744e2        7.00000000               X -7.17387457e-5      
 300  0                   9.63                2.80016604e-1            X -4.26579631e-4      -2.00000000               X  2.76575744e2        7.00000000               X -7.17387457e-5      
 300  0                   9.63                2.80443184e-1            X -4.26579631e-4      -2.00000000               X  2.76575744e2        7.00000000               X -7.17387457e-5      
 300  0                   9.63                2.80869764e-1            X -4.26579631e-4      -2.00000000               X  2.76575744e2        7.00000000               X -7.17387457e-5      
 300  0                   9.63                2.81296343e-1            X -4.26579631e-4      -2.00000000               X  2.76575744e2        7.00000000               X -7.17387457e-5      
 300  0                   9.63                2.81722923e-1            X -4.26579631e-4      -2.00000000               X  2.76575744e2        7.00000000               X -7.17387457e-5      
 300  0                   9.63                2.82149503e-1            X -4.26579631e-4      -2.00000000               X  2.76575744e2        7.00000000               X -7.17387457e-5      
 300  0                   9.63                2.82576082e-1            X -4.26579631e-4      -2.00000000               X  2.76575744e2        7.00000000               X -7.17387457e-5      
 300  0                   9.63                2.83002662e-1            X -4.26579631e-4      -2.00000000               X  2.76575744e2        7.00000000               X -7.17387457e-5      
 300  0                   9.63                2.83429241e-1            X -4.26579631e-4      -2.00000000               X  2.76575744e2        7.00000000               X -7.17387457e-5      
 300  0                   9.63                2.83855821e-1            X -4.26579631e-4      -2.00000000               X  2.76575744e2        7.00000000               X -7.17387457e-5      
 300  0                   9.63                2.84282401e-1            X -4.26579631e-4      -2.00000000               X  2.76575744e2        7.00000000               X -7.17387457e-5      
 300  0                   9.63                2.84708980e-1            X -4.26579631e-4      -2.00000000               X  2.76575744e2        7.00000000               X -7.17387457e-5      
 300  0                   9.63                2.85135560e-1            X -4.26579631e-4      -2.00000000               X  2.76575744e2        7.00000000               X -7.17387457e-5      
 300  0                   9.63                2.85562140e-1            X -4.26579631e-4      -2.00000000               X  2.76575744e2        7.00000000               X -7.17387457e-5      
 300  0                   9.63                2.85988719e-1            X -4.26579631e-4      -2.00000000               X  2.76575744e2        7.00000000               X -7.17387457e-5      
 300  0                   9.63                2.86415299e-1            X -4.26579631e-4      -2.00000000               X  2.76575744e2        7.00000000               X -7.17387457e-5      
 300  0                   9.63                2.86841878e-1            X -4.26579631e-4      -2.00000000               X  2.76575744e2        7.00000000               X -7.17387457e-5      
 300  0                   9.63                2.87268458e-1            X -4.26579631e-4      -2.00000000               X  2.76575744e2        7.00000000               X -7.17387457e-5      
 300  0                   9.63                2.87695038e-1            X -4.26579631e-4      -2.00000000               X  2.76575744e2        7.00000000               X -7.17387457e-5      
 300  0                   9.63                2.88121617e-1            X -4.26579631e-4      -2.00000000               X  2.76575744e2        7.00000000               X -7.17387457e-5      
 300  0                   9.63                2.88548197e-1            X -4.26579631e-4      -2.00000000               X  2.76575744e2        7.00000000               X -7.17387457e-5      
 300  0                   9.63                2.88974777e-1            X -4.26579631e-4      -2.00000000               X  2.76575744e2        7.00000000               X -7.17387457e-5      
 300  0                   9.63                2.89401356e-1            X -4.26579631e-4      -2.00000000               X  2.76575744e2        7.00000000               X -7.17387457e-5      
 300  0                   9.63                2.89827936e-1            X -4.26579631e-4      -2.00000000               X  2.76575744e2        7.00000000               X -7.17387457e-5      
 300  0                   9.63                2.90254516e-1            X -4.26579631e-4      -2.00000000               X  2.76575744e2        7.00000000               X -7.17387457e-5      
 300  0                   9.63                2.90681095e-1            X -4.26579631e-4      -2.00000000               X  2.76575744e2        7.00000000               X -7.17387457e-5      
 300  0                   9.63                2.91107675e-1            X -4.26579631e-4      -2.00000000               X  2.76575744e2        7.00000000               X -7.17387457e-5      
 300  0                   9.63                2.91534254e-1            X -4.26579631e-4      -2.00000000               X  2.76575744e2        7.00000000               X -7.17387457e-5      
 300  0                   9.63                2.91960834e-1            X -4.26579631e-4      -2.00000000               X  2.76575744e2        7.00000000               X -7.17387457e-5      
 300  0                   9.63                2.92387414e-1            X -4.26579631e-4      -2.00000000               X  2.76575744e2        7.00000000               X -7.17387457e-5      
 300  0                   9.63                2.92813993e-1            X -4.26579631e-4      -2.00000000               X  2.76575744e2        7.00000000               X -7.17387457e-5      
 300  0                   9.63                2.93240573e-1            X -4.26579631e-4      -2.00000000               X  2.76575744e2        7.00000000               X -7.17387457e-5      
 300  0                   9.63                2.93667153e-1            X -4.26579631e-4      -2.00000000               X  2.76575744e2        7.00000000               X -7.17387457e-5      
 300  0                   9.63                2.94093732e-1            X -4.26579631e-4      -2.00000000               X  2.76575744e2        7.00000000               X -7.17387457e-5      
 300  0                   9.63                2.94520312e-1            X -4.26579631e-4      -2.00000000               X  2.76575744e2        7.00000000               X -7.17387457e-5      
 300  0                   9.63                2.94946891e-1            X -4.26579631e-4      -2.00000000               X  2.76575744e2        7.00000000               X -7.17387457e-5      
 300  0                   9.63                2.95373471e-1            X -4.26579631e-4      -2.00000000               X  2.76575744e2        7.00000000               X -7.17387457e-5      
 300  0                   9.63                2.95800051e-1            X -4.26579631e-4      -2.00000000               X  2.76575744e2        7.00000000               X -7.17387457e-5      
 300  0                   9.63                2.96226630e-1            X -4.26579631e-4      -2.00000000               X  2.76575744e2        7.00000000               X -7.17387457e-5      
 300  0                   9.63                2.96653210e-1            X -4.26579631e-4      -2.00000000               X  2.76575744e2        7.00000000               X -7.17387457e-5      
 300  0                   9.63                2.97079790e-1            X -4.26579631e-4      -2.00000000               X  2.76575744e2        7.00000000               X -7.17387457e-5      
 300  0                   9.63                2.97506369e-1            X -4.26579631e-4      -2.00000000               X  2.76575744e2        7.00000000               X -7.17387457e-5      
 300  0                   9.63                2.97932949e-1            X -4.26579631e-4      -2.00000000               X  2.76575744e2        7.00000000               X -7.17387457e-5      
 300  0                   9.63                2.98359529e-1            X -4.26579631e-4      -2.00000000               X  2.76575744e2        7.00000000               X -7.17387457e-5      
 300  0                   9.63                2.98786108e-1            X -4.26579631e-4      -2.00000000               X  2.76575744e2        7.00000000               X -7.17387457e-5      
 300  0                   9.63                2.99212688e-1            X -4.26579631e-4      -2.00000000               X  2.76575744e2        7.00000000               X -7.17387457e-5      
 300  0                   9.63                2.99639267e-1            X -4.26579631e-4      -2.00000000               X  2.76575744e2        7.00000000               X -7.17387457e-5      
 300  0                   9.63                3.00065847e-1            X -4.26579631e-4      -2.00000000               X  2.76575744e2        7.00000000               X -7.17387457e-5      
 300  0                   9.63                3.00492427e-1            X -4.26579631e-4      -2.00000000               X  2.76575744e2        7.00000000               X -7.17387457e-5      
 300  0                   9.63                3.00919006e-1            X -4.26579631e-4      -2.00000000               X  2.76575744e2        7.00000000               X -7.17387457e-5      
 300  0                   9.63                3.01345586e-1            X -4.26579631e-4      -2.00000000               X  2.76575744e2        7.00000000               X -7.17387457e-5      
 300  0                   9.63                3.01772166e-1            X -4.26579631e-4      -2.00000000               X  2.76575744e2        7.00000000               X -7.17387457e-5      
 300  0                   9.63                3.02198745e-1            X -4.26579631e-4      -2.00000000               X  2.76575744e2        7.00000000               X -7.17387457e-5      
 300  0                   9.63                3.02625325e-1            X -4.26579631e-4      -2.00000000               X  2.76575744e2        7.00000000               X -7.17387457e-5      
 300  0                   9.63                3.03051904e-1            X -4.26579631e-4      -2.00000000               X  2.76575744e2        7.00000000               X -7.17387457e-5      
 300  0                   9.63                3.03478484e-1            X -4.26579631e-4      -2.00000000               X  2.76575744e2        7.00000000               X -7.17387457e-5      
 300  0                   9.63                3.03905064e-1            X -4.26579631e-4      -2.00000000               X  2.76575744e2        7.00000000               X -7.17387457e-5      
 300  0                   9.63                3.04331643e-1            X -4.26579631e-4      -2.00000000               X  2.76575744e2        7.00000000               X -7.17387457e-5      
 300  0                   9.63                3.04758223e-1            X -4.26579631e-4      -2.00000000               X  2.76575744e2        7.00000000               X -7.17387457e-5      
 300  0                   9.63                3.05184803e-1            X -4.26579631e-4      -2.00000000               X  2.76575744e2        7.00000000               X -7.17387457e-5      
 300  0                   9.63                3.05611382e-1            X -4.26579631e-4      -2.00000000               X  2.76575744e2        7.00000000               X -7.17387457e-5      
 300  0                   9.63                3.06037962e-1            X -4.26579631e-4      -2.00000000               X  2.76575744e2        7.00000000               X -7.17387457e-5      
 300  0                   9.63                3.06464542e-1            X -4.26579631e-4      -2.00000000               X  2.76575744e2        7.00000000               X -7.17387457e-5      
 300  0                   9.63                3.06891121e-1            X -4.26579631e-4      -2.00000000               X  2.76575744e2        7.00000000               X -7.17387457e-5      
 300  0                   9.63                3.07317701e-1            X -4.26579631e-4      -2.00000000               X  2.76575744e2        7.00000000               X -7.17387457e-5      
 300  0                   9.63                3.07744280e-1            X -4.26579631e-4      -2.00000000               X  2.76575744e2        7.00000000               X -7.17387457e-5      
 300  0                   9.63                3.08170860e-1            X -4.26579631e-4      -2.00000000               X  2.76575744e2        7.00000000               X -7.17387457e-5      
 300  0                   9.63                3.08597440e-1            X -4.26579631e-4      -2.00000000               X  2.76575744e2        7.00000000               X -7.17387457e-5      
 300  0                   9.63                3.09024019e-1            X -4.26579631e-4      -2.00000000               X  2.76575744e2        7.00000000               X -7.17387457e-5      
 300  0                   9.63                3.09450599e-1            X -4.26579631e-4      -2.00000000               X  2.76575744e2        7.00000000               X -7.17387457e-5      
 300  0                   9.63                3.09877179e-1            X -4.26579631e-4      -2.00000000               X  2.76575744e2        7.00000000               X -7.17387457e-5      
 300  0                   9.63                3.10303758e-1            X -4.26579631e-4      -2.00000000               X  2.76575744e2        7.00000000               X -7.17387457e-5      
 300  0                   9.63                3.10730338e-1            X -4.26579631e-4      -2.00000000               X  2.76575744e2        7.00000000               X -7.17387457e-5      
 300  0                   9.63                3.11156917e-1            X -4.26579631e-4      -2.00000000               X  2.76575744e2        7.00000000               X -7.17387457e-5      
 300  0                   9.63                3.11583497e-1            X -4.26579631e-4      -2.00000000               X  2.76575744e2        7.00000000               X -7.17387457e-5      
 300  0                   9.63                3.12010077e-1            X -4.26579631e-4      -2.00000000               X  2.76575744e2        7.00000000               X -7.17387457e-5      
 300  0                   9.63                3.12436656e-1            X -4.26579631e-4      -2.00000000               X  2.76575744e2        7.00000000               X -7.17387457e-5      
 300  0                   9.63                3.12863236e-1            X -4.26579631e-4      -2.00000000               X  2.76575744e2        7.00000000               X -7.17387457e-5      
 300  0                   9.63                3.13289816e-1            X -4.26579631e-4      -2.00000000               X  2.76575744e2        7.00000000               X -7.17387457e-5      
 300  0                   9.63                3.13716395e-1            X -4.26579631e-4      -2.00000000               X  2.76575744e2        7.00000000               X -7.17387457e-5      
 300  0                   9.63                3.14142975e-1            X -4.26579631e-4      -2.00000000               X  2.76575744e2        7.00000000               X -7.17387457e-5      
 300  0                   9.63                3.14569554e-1            X -4.26579631e-4      -2.00000000               X  2.76575744e2        7.00000000               X -7.17387457e-5      
 300  0                   9.63                3.14996134e-1            X -4.26579631e-4      -2.00000000               X  2.76575744e2        7.00000000               X -7.17387457e-5      
 300  0                   9.63                3.15422714e-1            X -4.26579631e-4      -2.00000000               X  2.76575744e2        7.00000000               X -7.17387457e-5      
 300  0                   9.63                3.15849293e-1            X -4.26579631e-4      -2.00000000               X  2.76575744e2        7.00000000               X -7.17387457e-5      
 300  0                   9.63                3.16275873e-1            X -4.26579631e-4      -2.00000000               X  2.76575744e2        7.00000000               X -7.17387457e-5      
 300  0                   9.63                3.16702453e-1            X -4.26579631e-4      -2.00000000               X  2.76575744e2        7.00000000               X -7.17387457e-5      
 300  0                   9.63                3.17129032e-1            X -4.26579631e-4      -2.00000000               X  2.76575744e2        7.00000000               X -7.17387457e-5      
 300  0                   9.63                3.17555612e-1            X -4.26579631e-4      -2.00000000               X  2.76575744e2        7.00000000               X -7.17387457e-5      
 300  0                   9.63                3.17982192e-1            X -4.26579631e-4      -2.00000000               X  2.76575744e2        7.00000000               X -7.17387457e-5      
 300  0                   9.63                3.18408771e-1            X -4.26579631e-4      -2.00000000               X  2.76575744e2        7.00000000               X -7.17387457e-5      
 300  0                   9.63                3.18835351e-1            X -4.26579631e-4      -2.00000000               X  2.76575744e2        7.00000000               X -7.17387457e-5      
 300  0                   9.63                3.19261930e-1            X -4.26579631e-4      -2.00000000               X  2.76575744e2        7.00000000               X -7.17387457e-5      
 300  0                   9.63                3.19688510e-1            X -4.26579631e-4      -2.00000000               X  2.76575744e2        7.00000000               X -7.17387457e-5      
 300  0                   9.63                3.20115090e-1            X -4.26579631e-4      -2.00000000               X  2.76575744e2        7.00000000               X -7.17387457e-5      
 300  0                   9.63                3.20541669e-1            X -4.26579631e-4      -2.00000000               X  2.76575744e2        7.00000000               X -7.17387457e-5      
 300  0                   9.63                3.20968249e-1            X -4.26579631e-4      -2.00000000               X  2.76575744e2        7.00000000               X -7.17387457e-5      
 300  0                   9.63                3.21394829e-1            X -4.26579631e-4      -2.00000000               X  2.76575744e2        7.00000000               X -7.17387457e-5      
 300  0                   9.63                3.21821408e-1            X -4.26579631e-4      -2.00000000               X  2.76575744e2        7.00000000               X -7.17387457e-5      
 300  0                   9.63                3.22247988e-1            X -4.26579631e-4      -2.00000000               X  2.76575744e2        7.00000000               X -7.17387457e-5      
 300  0                   9.63                3.22674567e-1            X -4.26579631e-4      -2.00000000               X  2.76575744e2        7.00000000               X -7.17387457e-5      
 300  0                   9.63                3.23101147e-1            X -4.26579631e-4      -2.00000000               X  2.76575744e2        7.00000000               X -7.17387457e-5      
 300  0                   9.63                3.23527727e-1            X -4.26579631e-4      -2.00000000               X  2.76575744e2        7.00000000               X -7.17387457e-5      
 300  0                   9.63                3.23954306e-1            X -4.26579631e-4      -2.00000000               X  2.76575744e2        7.00000000               X -7.17387457e-5      
 300  0                   9.63                3.24380886e-1            X -4.26579631e-4      -2.00000000               X  2.76575744e2        7.00000000               X -7.17387457e-5      
 300  0                   9.63                3.24807466e-1            X -4.26579631e-4      -2.00000000               X  2.76575744e2        7.00000000               X -7.17387457e-5      
 300  0                   9.63                3.25234045e-1            X -4.26579631e-4      -2.00000000               X  2.76575744e2        7.00000000               X -7.17387457e-5      
 300  0                   9.63                3.25660625e-1            X -4.26579631e-4      -2.00000000               X  2.76575744e2        7.00000000               X -7.17387457e-5      
 300  0                   9.63                3.26087205e-1            X -4.26579631e-4      -2.00000000               X  2.76575744e2        7.00000000               X -7.17387457e-5      
 300  0                   9.63                3.26513784e-1            X -4.26579631e-4      -2.00000000               X  2.76575744e2        7.00000000               X -7.17387457e-5      
 300  0                   9.63                3.26940364e-1            X -4.26579631e-4      -2.00000000               X  2.76575744e2        7.00000000               X -7.17387457e-5      
 300  0                   9.63                3.27366943e-1            X -4.26579631e-4      -2.00000000               X  2.76575744e2        7.00000000               X -7.17387457e-5      
 300  0                   9.63                3.27793523e-1            X -4.26579631e-4      -2.00000000               X  2.76575744e2        7.00000000               X -7.17387457e-5      
 300  0                   9.63                3.28220103e-1            X -4.26579631e-4      -2.00000000               X  2.76575744e2        7.00000000               X -7.17387457e-5      
 300  0                   9.63                3.28646682e-1            X -4.26579631e-4      -2.00000000               X  2.76575744e2        7.00000000               X -7.17387457e-5      
 300  0                   9.63                3.29073262e-1            X -4.26579631e-4      -2.00000000               X  2.76575744e2        7.00000000               X -7.17387457e-5      
 300  0                   9.63                3.29499842e-1            X -4.26579631e-4      -2.00000000               X  2.76575744e2        7.00000000               X -7.17387457e-5      
 300  0                   9.63                3.29926421e-1            X -4.26579631e-4      -2.00000000               X  2.76575744e2        7.00000000               X -7.17387457e-5      
 300  0                   9.63                3.30353001e-1            X -4.26579631e-4      -2.00000000               X  2.76575744e2        7.00000000               X -7.17387457e-5      
 300  0                   9.63                3.30779580e-1            X -4.26579631e-4      -2.00000000               X  2.76575744e2        7.00000000               X -7.17387457e-5      
 300  0                   9.63                3.31206160e-1            X -4.26579631e-4      -2.00000000               X  2.76575744e2        7.00000000               X -7.17387457e-5      
 300  0                   9.63                3.31632740e-1            X -4.26579631e-4      -2.00000000               X  2.76575744e2        7.00000000               X -7.17387457e-5      
 300  0                   9.63                3.32059319e-1            X -4.26579631e-4      -2.00000000               X  2.76575744e2        7.00000000               X -7.17387457e-5      
 300  0                   9.63                3.32485899e-1            X -4.26579631e-4      -2.00000000               X  2.76575744e2        7.00000000               X -7.17387457e-5      
 300  0                   9.63                3.32912479e-1            X -4.26579631e-4      -2.00000000               X  2.76575744e2        7.00000000               X -7.17387457e-5      
 300  0                   9.63                3.33339058e-1            X -4.26579631e-4      -2.00000000               X  2.76575744e2        7.00000000               X -7.17387457e-5      
 300  0                   9.63                3.33765638e-1            X -4.26579631e-4      -2.00000000               X  2.76575744e2        7.00000000               X -7.17387457e-5      
 300  0                   9.63                3.34192218e-1            X -4.26579631e-4      -2.00000000               X  2.76575744e2        7.00000000               X -7.17387457e-5      
 300  0                   9.63                3.34618797e-1            X -4.26579631e-4      -2.00000000               X  2.76575744e2        7.00000000               X -7.17387457e-5      
 300  0                   9.63                3.35045377e-1            X -4.26579631e-4      -2.00000000               X  2.76575744e2        7.00000000               X -7.17387457e-5      
 300  0                   9.63                3.35471956e-1            X -4.26579631e-4      -2.00000000               X  2.76575744e2        7.00000000               X -7.17387457e-5      
 300  0                   9.63                3.35898536e-1            X -4.26579631e-4      -2.00000000               X  2.76575744e2        7.00000000               X -7.17387457e-5      
 300  0                   9.63                3.36325116e-1            X -4.26579631e-4      -2.00000000               X  2.76575744e2        7.00000000               X -7.17387457e-5      
 300  0                   9.63                3.36751695e-1            X -4.26579631e-4      -2.00000000               X  2.76575744e2        7.00000000               X -7.17387457e-5      
 300  0                   9.63                3.37178275e-1            X -4.26579631e-4      -2.00000000               X  2.76575744e2        7.00000000               X -7.17387457e-5      
 300  0                   9.63                3.37604855e-1            X -4.26579631e-4      -2.00000000               X  2.76575744e2        7.00000000               X -7.17387457e-5      
 300  0                   9.63                3.38031434e-1            X -4.26579631e-4      -2.00000000               X  2.76575744e2        7.00000000               X -7.17387457e-5      
 300  0                   9.63                3.38458014e-1            X -4.26579631e-4      -2.00000000               X  2.76575744e2        7.00000000               X -7.17387457e-5      
 300  0                   9.63                3.38884593e-1            X -4.26579631e-4      -2.00000000               X  2.76575744e2        7.00000000               X -7.17387457e-5      
 300  0                   9.63                3.39311173e-1            X -4.26579631e-4      -2.00000000               X  2.76575744e2        7.00000000               X -7.17387457e-5      
 300  0                   9.63                3.39737753e-1            X -4.26579631e-4      -2.00000000               X  2.76575744e2        7.00000000               X -7.17387457e-5      
 300  0                   9.63                3.40164332e-1            X -4.26579631e-4      -2.00000000               X  2.76575744e2        7.00000000               X -7.17387457e-5      
 300  0                   9.63                3.40590912e-1            X -4.26579631e-4      -2.00000000               X  2.76575744e2        7.00000000               X -7.17387457e-5      
 300  0                   9.63                3.41017492e-1            X -4.26579631e-4      -2.00000000               X  2.76575744e2        7.00000000               X -7.17387457e-5      
 300  0                   9.63                3.41444071e-1            X -4.26579631e-4      -2.00000000               X  2.76575744e2        7.00000000               X -7.17387457e-5      
 300  0                   9.63                3.41870651e-1            X -4.26579631e-4      -2.00000000               X  2.76575744e2        7.00000000               X -7.17387457e-5      
 300  0                   9.63                3.42297231e-1            X -4.26579631e-4      -2.00000000               X  2.76575744e2        7.00000000               X -7.17387457e-5      
 300  0                   9.63                3.42723810e-1            X -4.26579631e-4      -2.00000000               X  2.76575744e2        7.00000000               X -7.17387457e-5      
 300  0                   9.63                3.43150390e-1            X -4.26579631e-4      -2.00000000               X  2.76575744e2        7.00000000               X -7.17387457e-5      
 300  0                   9.63                3.43576969e-1            X -4.26579631e-4      -2.00000000               X  2.76575744e2        7.00000000               X -7.17387457e-5      
 300  0                   9.63                3.44003549e-1            X -4.26579631e-4      -2.00000000               X  2.76575744e2        7.00000000               X -7.17387457e-5      
 300  0                   9.63                3.44430129e-1            X -4.26579631e-4      -2.00000000               X  2.76575744e2        7.00000000               X -7.17387457e-5      
 300  0                   9.63                3.44856708e-1            X -4.26579631e-4      -2.00000000               X  2.76575744e2        7.00000000               X -7.17387457e-5      
 300  0                   9.63                3.45283288e-1            X -4.26579631e-4      -2.00000000               X  2.76575744e2        7.00000000               X -7.17387457e-5      
 300  0                   9.63                3.45709868e-1            X -4.26579631e-4      -2.00000000               X  2.76575744e2        7.00000000               X -7.17387457e-5      
 300  0                   9.63                3.46136447e-1            X -4.26579631e-4      -2.00000000               X  2.76575744e2        7.00000000               X -7.17387457e-5      
 300  0                   9.63                3.46563027e-1            X -4.26579631e-4      -2.00000000               X  2.76575744e2        7.00000000               X -7.17387457e-5      
 300  0                   9.63                3.46989606e-1            X -4.26579631e-4      -2.00000000               X  2.76575744e2        7.00000000               X -7.17387457e-5      
 300  0                   9.63                3.47416186e-1            X -4.26579631e-4      -2.00000000               X  2.76575744e2        7.00000000               X -7.17387457e-5      
 300  0                   9.63                3.47842766e-1            X -4.26579631e-4      -2.00000000               X  2.76575744e2        7.00000000               X -7.17387457e-5      
 300  0                   9.63                3.48269345e-1            X -4.26579631e-4      -2.00000000               X  2.76575744e2        7.00000000               X -7.17387457e-5      
 300  0                   9.63                3.48695925e-1            X -4.26579631e-4      -2.00000000               X  2.76575744e2        7.00000000               X -7.17387457e-5      
 300  0                   9.63                3.49122505e-1            X -4.26579631e-4      -2.00000000               X  2.76575744e2        7.00000000               X -7.17387457e-5      
 300  0                   9.63                3.49549084e-1            X -4.26579631e-4      -2.00000000               X  2.76575744e2        7.00000000               X -7.17387457e-5      
 300  0                   9.63                3.49975664e-1            X -4.26579631e-4      -2.00000000               X  2.76575744e2        7.00000000               X -7.17387457e-5      
 300  0                   9.63                3.50402244e-1            X -4.26579631e-4      -2.00000000               X  2.76575744e2        7.00000000               X -7.17387457e-5      
 300  0                   9.63                3.50828823e-1            X -4.26579631e-4      -2.00000000               X  2.76575744e2        7.00000000               X -7.17387457e-5      
 300  0                   9.63                3.51255403e-1            X -4.26579631e-4      -2.00000000               X  2.76575744e2        7.00000000               X -7.17387457e-5      
 300  0                   9.63                3.51681982e-1            X -4.26579631e-4      -2.00000000               X  2.76575744e2        7.00000000               X -7.17387457e-5      
 300  0                   9.63                3.52108562e-1            X -4.26579631e-4      -2.00000000               X  2.76575744e2        7.00000000               X -7.17387457e-5      
 300  0                   9.63                3.52535142e-1            X -4.26579631e-4      -2.00000000               X  2.76575744e2        7.00000000               X -7.17387457e-5      
 300  0                   9.63                3.52961721e-1            X -4.26579631e-4      -2.00000000               X  2.76575744e2        7.00000000               X -7.17387457e-5      
 300  0                   9.63                3.53388301e-1            X -4.26579631e-4      -2.00000000               X  2.76575744e2        7.00000000               X -7.17387457e-5      
 300  0                   9.63                3.53814881e-1            X -4.26579631e-4      -2.00000000               X  2.76575744e2        7.00000000               X -7.17387457e-5      
 300  0                   9.63                3.54241460e-1            X -4.26579631e-4      -2.00000000               X  2.76575744e2        7.00000000               X -7.17387457e-5      
 300  0                   9.63                3.54668040e-1            X -4.26579631e-4      -2.00000000               X  2.76575744e2        7.00000000               X -7.17387457e-5      
